{"podName":"accounts-db-0","containerName":"accounts-db","nodeName":null,"metricType":"kubernetes.io/container/cpu/core_usage_time","metrics":[{"valueType":"DOUBLE","timestamp":"1696785202","value":3674.741758},{"valueType":"DOUBLE","timestamp":"1696785142","value":3674.716354},{"valueType":"DOUBLE","timestamp":"1696785082","value":3674.704404},{"valueType":"DOUBLE","timestamp":"1696785022","value":3674.685414},{"valueType":"DOUBLE","timestamp":"1696784962","value":3674.667882},{"valueType":"DOUBLE","timestamp":"1696784902","value":3674.6441},{"valueType":"DOUBLE","timestamp":"1696784842","value":3674.632065},{"valueType":"DOUBLE","timestamp":"1696784782","value":3674.614075},{"valueType":"DOUBLE","timestamp":"1696784722","value":3674.588827},{"valueType":"DOUBLE","timestamp":"1696784662","value":3674.576053},{"valueType":"DOUBLE","timestamp":"1696784602","value":3674.551249},{"valueType":"DOUBLE","timestamp":"1696784542","value":3674.533127},{"valueType":"DOUBLE","timestamp":"1696784482","value":3674.514763},{"valueType":"DOUBLE","timestamp":"1696784422","value":3674.502493},{"valueType":"DOUBLE","timestamp":"1696784362","value":3674.482555},{"valueType":"DOUBLE","timestamp":"1696784302","value":3674.46443},{"valueType":"DOUBLE","timestamp":"1696784242","value":3674.446547},{"valueType":"DOUBLE","timestamp":"1696784182","value":3674.421664},{"valueType":"DOUBLE","timestamp":"1696784122","value":3674.403574},{"valueType":"DOUBLE","timestamp":"1696784062","value":3674.39146},{"valueType":"DOUBLE","timestamp":"1696784002","value":3674.37357},{"valueType":"DOUBLE","timestamp":"1696783942","value":3674.350031},{"valueType":"DOUBLE","timestamp":"1696783882","value":3674.337996},{"valueType":"DOUBLE","timestamp":"1696783822","value":3674.311751},{"valueType":"DOUBLE","timestamp":"1696783762","value":3674.292983},{"valueType":"DOUBLE","timestamp":"1696783702","value":3674.280258},{"valueType":"DOUBLE","timestamp":"1696783642","value":3674.25657},{"valueType":"DOUBLE","timestamp":"1696783582","value":3674.237164},{"valueType":"DOUBLE","timestamp":"1696783522","value":3674.225131},{"valueType":"DOUBLE","timestamp":"1696783462","value":3674.201234},{"valueType":"DOUBLE","timestamp":"1696783402","value":3674.183264},{"valueType":"DOUBLE","timestamp":"1696783342","value":3674.164896},{"valueType":"DOUBLE","timestamp":"1696783282","value":3674.146752},{"valueType":"DOUBLE","timestamp":"1696783222","value":3674.128684},{"valueType":"DOUBLE","timestamp":"1696783162","value":3674.111076},{"valueType":"DOUBLE","timestamp":"1696783102","value":3674.098111},{"valueType":"DOUBLE","timestamp":"1696783042","value":3674.079994},{"valueType":"DOUBLE","timestamp":"1696782982","value":3674.055448},{"valueType":"DOUBLE","timestamp":"1696782922","value":3674.037093},{"valueType":"DOUBLE","timestamp":"1696782862","value":3674.024304},{"valueType":"DOUBLE","timestamp":"1696782802","value":3674.006502},{"valueType":"DOUBLE","timestamp":"1696782742","value":3673.982082},{"valueType":"DOUBLE","timestamp":"1696782682","value":3673.964763},{"valueType":"DOUBLE","timestamp":"1696782622","value":3673.952834},{"valueType":"DOUBLE","timestamp":"1696782562","value":3673.929645},{"valueType":"DOUBLE","timestamp":"1696782502","value":3673.912007},{"valueType":"DOUBLE","timestamp":"1696782442","value":3673.90005},{"valueType":"DOUBLE","timestamp":"1696782382","value":3673.882246},{"valueType":"DOUBLE","timestamp":"1696782322","value":3673.864287},{"valueType":"DOUBLE","timestamp":"1696782262","value":3673.839428},{"valueType":"DOUBLE","timestamp":"1696782202","value":3673.827322},{"valueType":"DOUBLE","timestamp":"1696782142","value":3673.803659},{"valueType":"DOUBLE","timestamp":"1696782082","value":3673.79145},{"valueType":"DOUBLE","timestamp":"1696782022","value":3673.767944},{"valueType":"DOUBLE","timestamp":"1696781962","value":3673.750384},{"valueType":"DOUBLE","timestamp":"1696781902","value":3673.732755},{"valueType":"DOUBLE","timestamp":"1696781842","value":3673.714767},{"valueType":"DOUBLE","timestamp":"1696781782","value":3673.70249},{"valueType":"DOUBLE","timestamp":"1696781722","value":3673.678094},{"valueType":"DOUBLE","timestamp":"1696781662","value":3673.660082},{"valueType":"DOUBLE","timestamp":"1696781602","value":3673.642225},{"valueType":"DOUBLE","timestamp":"1696781542","value":3673.6299},{"valueType":"DOUBLE","timestamp":"1696781482","value":3673.605828},{"valueType":"DOUBLE","timestamp":"1696781422","value":3673.593127},{"valueType":"DOUBLE","timestamp":"1696781362","value":3673.574326},{"valueType":"DOUBLE","timestamp":"1696781302","value":3673.555863},{"valueType":"DOUBLE","timestamp":"1696781242","value":3673.529877},{"valueType":"DOUBLE","timestamp":"1696781182","value":3673.517179},{"valueType":"DOUBLE","timestamp":"1696781122","value":3673.497195},{"valueType":"DOUBLE","timestamp":"1696781062","value":3673.479537},{"valueType":"DOUBLE","timestamp":"1696781002","value":3673.455921},{"valueType":"DOUBLE","timestamp":"1696780942","value":3673.436668},{"valueType":"DOUBLE","timestamp":"1696780882","value":3673.424497},{"valueType":"DOUBLE","timestamp":"1696780822","value":3673.401228},{"valueType":"DOUBLE","timestamp":"1696780762","value":3673.382949},{"valueType":"DOUBLE","timestamp":"1696780702","value":3673.369654},{"valueType":"DOUBLE","timestamp":"1696780642","value":3673.351789},{"valueType":"DOUBLE","timestamp":"1696780582","value":3673.327705},{"valueType":"DOUBLE","timestamp":"1696780522","value":3673.30983},{"valueType":"DOUBLE","timestamp":"1696780462","value":3673.291699},{"valueType":"DOUBLE","timestamp":"1696780402","value":3673.279186},{"valueType":"DOUBLE","timestamp":"1696780342","value":3673.255512},{"valueType":"DOUBLE","timestamp":"1696780282","value":3673.237659},{"valueType":"DOUBLE","timestamp":"1696780222","value":3673.22008},{"valueType":"DOUBLE","timestamp":"1696780162","value":3673.202486},{"valueType":"DOUBLE","timestamp":"1696780102","value":3673.188675},{"valueType":"DOUBLE","timestamp":"1696780042","value":3673.165463},{"valueType":"DOUBLE","timestamp":"1696779982","value":3673.103062},{"valueType":"DOUBLE","timestamp":"1696779922","value":3673.088084},{"valueType":"DOUBLE","timestamp":"1696779862","value":3672.936824},{"valueType":"DOUBLE","timestamp":"1696779802","value":3672.79706},{"valueType":"DOUBLE","timestamp":"1696779742","value":3672.676615},{"valueType":"DOUBLE","timestamp":"1696779682","value":3672.475176},{"valueType":"DOUBLE","timestamp":"1696779622","value":3672.353249},{"valueType":"DOUBLE","timestamp":"1696779562","value":3672.201763},{"valueType":"DOUBLE","timestamp":"1696779502","value":3672.045896},{"valueType":"DOUBLE","timestamp":"1696779442","value":3671.939654},{"valueType":"DOUBLE","timestamp":"1696779382","value":3671.739354},{"valueType":"DOUBLE","timestamp":"1696779322","value":3671.605148},{"valueType":"DOUBLE","timestamp":"1696779262","value":3671.450346},{"valueType":"DOUBLE","timestamp":"1696779202","value":3671.308262},{"valueType":"DOUBLE","timestamp":"1696779142","value":3671.148572},{"valueType":"DOUBLE","timestamp":"1696779082","value":3670.978752},{"valueType":"DOUBLE","timestamp":"1696779022","value":3670.811233},{"valueType":"DOUBLE","timestamp":"1696778962","value":3670.643519},{"valueType":"DOUBLE","timestamp":"1696778902","value":3670.518798},{"valueType":"DOUBLE","timestamp":"1696778842","value":3670.344016},{"valueType":"DOUBLE","timestamp":"1696778782","value":3670.178679},{"valueType":"DOUBLE","timestamp":"1696778722","value":3670.070181},{"valueType":"DOUBLE","timestamp":"1696778662","value":3669.921586},{"valueType":"DOUBLE","timestamp":"1696778602","value":3669.798096},{"valueType":"DOUBLE","timestamp":"1696778542","value":3669.639343},{"valueType":"DOUBLE","timestamp":"1696778482","value":3669.431604},{"valueType":"DOUBLE","timestamp":"1696778422","value":3669.295351},{"valueType":"DOUBLE","timestamp":"1696778362","value":3669.14593},{"valueType":"DOUBLE","timestamp":"1696778302","value":3669.015461},{"valueType":"DOUBLE","timestamp":"1696778242","value":3668.865098},{"valueType":"DOUBLE","timestamp":"1696778182","value":3668.704344},{"valueType":"DOUBLE","timestamp":"1696778122","value":3668.584983},{"valueType":"DOUBLE","timestamp":"1696778062","value":3668.444812},{"valueType":"DOUBLE","timestamp":"1696778002","value":3668.297769},{"valueType":"DOUBLE","timestamp":"1696777942","value":3668.199131},{"valueType":"DOUBLE","timestamp":"1696777882","value":3668.016957},{"valueType":"DOUBLE","timestamp":"1696777822","value":3667.914693},{"valueType":"DOUBLE","timestamp":"1696777762","value":3667.777751},{"valueType":"DOUBLE","timestamp":"1696777702","value":3667.635883},{"valueType":"DOUBLE","timestamp":"1696777642","value":3667.499887},{"valueType":"DOUBLE","timestamp":"1696777582","value":3667.365887},{"valueType":"DOUBLE","timestamp":"1696777522","value":3667.242549},{"valueType":"DOUBLE","timestamp":"1696777462","value":3667.092512},{"valueType":"DOUBLE","timestamp":"1696777402","value":3666.993083},{"valueType":"DOUBLE","timestamp":"1696777342","value":3666.818691},{"valueType":"DOUBLE","timestamp":"1696777282","value":3666.672105},{"valueType":"DOUBLE","timestamp":"1696777222","value":3666.54975},{"valueType":"DOUBLE","timestamp":"1696777162","value":3666.385182},{"valueType":"DOUBLE","timestamp":"1696777102","value":3666.280813},{"valueType":"DOUBLE","timestamp":"1696777042","value":3666.147355},{"valueType":"DOUBLE","timestamp":"1696776982","value":3665.950053},{"valueType":"DOUBLE","timestamp":"1696776922","value":3665.843896},{"valueType":"DOUBLE","timestamp":"1696776862","value":3665.684227},{"valueType":"DOUBLE","timestamp":"1696776802","value":3665.57944},{"valueType":"DOUBLE","timestamp":"1696776742","value":3665.443297},{"valueType":"DOUBLE","timestamp":"1696776682","value":3665.258618},{"valueType":"DOUBLE","timestamp":"1696776622","value":3665.116499},{"valueType":"DOUBLE","timestamp":"1696776562","value":3664.978305},{"valueType":"DOUBLE","timestamp":"1696776502","value":3664.881837},{"valueType":"DOUBLE","timestamp":"1696776442","value":3664.709228},{"valueType":"DOUBLE","timestamp":"1696776382","value":3664.56601},{"valueType":"DOUBLE","timestamp":"1696776322","value":3664.420882},{"valueType":"DOUBLE","timestamp":"1696776262","value":3664.314807},{"valueType":"DOUBLE","timestamp":"1696776202","value":3664.189989},{"valueType":"DOUBLE","timestamp":"1696776142","value":3664.01923},{"valueType":"DOUBLE","timestamp":"1696776082","value":3663.830474},{"valueType":"DOUBLE","timestamp":"1696776022","value":3663.715169},{"valueType":"DOUBLE","timestamp":"1696775962","value":3663.569008},{"valueType":"DOUBLE","timestamp":"1696775902","value":3663.431186},{"valueType":"DOUBLE","timestamp":"1696775842","value":3663.273843},{"valueType":"DOUBLE","timestamp":"1696775782","value":3663.086961},{"valueType":"DOUBLE","timestamp":"1696775722","value":3662.981469},{"valueType":"DOUBLE","timestamp":"1696775662","value":3662.839655},{"valueType":"DOUBLE","timestamp":"1696775602","value":3662.71622},{"valueType":"DOUBLE","timestamp":"1696775542","value":3662.534664},{"valueType":"DOUBLE","timestamp":"1696775482","value":3662.404517},{"valueType":"DOUBLE","timestamp":"1696775422","value":3662.264628},{"valueType":"DOUBLE","timestamp":"1696775362","value":3662.113086},{"valueType":"DOUBLE","timestamp":"1696775302","value":3662.019994},{"valueType":"DOUBLE","timestamp":"1696775242","value":3661.854042},{"valueType":"DOUBLE","timestamp":"1696775182","value":3661.724005},{"valueType":"DOUBLE","timestamp":"1696775122","value":3661.569799},{"valueType":"DOUBLE","timestamp":"1696775062","value":3661.421716},{"valueType":"DOUBLE","timestamp":"1696775002","value":3661.28338},{"valueType":"DOUBLE","timestamp":"1696774942","value":3661.162988},{"valueType":"DOUBLE","timestamp":"1696774882","value":3660.992775},{"valueType":"DOUBLE","timestamp":"1696774822","value":3660.858896},{"valueType":"DOUBLE","timestamp":"1696774762","value":3660.720263},{"valueType":"DOUBLE","timestamp":"1696774702","value":3660.631861},{"valueType":"DOUBLE","timestamp":"1696774642","value":3660.449364},{"valueType":"DOUBLE","timestamp":"1696774582","value":3660.307412},{"valueType":"DOUBLE","timestamp":"1696774522","value":3660.196718},{"valueType":"DOUBLE","timestamp":"1696774462","value":3660.045015},{"valueType":"DOUBLE","timestamp":"1696774402","value":3659.917645},{"valueType":"DOUBLE","timestamp":"1696774342","value":3659.776391},{"valueType":"DOUBLE","timestamp":"1696774282","value":3659.589579},{"valueType":"DOUBLE","timestamp":"1696774222","value":3659.475603},{"valueType":"DOUBLE","timestamp":"1696774162","value":3659.355142},{"valueType":"DOUBLE","timestamp":"1696774102","value":3659.197955},{"valueType":"DOUBLE","timestamp":"1696774042","value":3659.070248},{"valueType":"DOUBLE","timestamp":"1696773982","value":3658.915837},{"valueType":"DOUBLE","timestamp":"1696773922","value":3658.77036},{"valueType":"DOUBLE","timestamp":"1696773862","value":3658.635743},{"valueType":"DOUBLE","timestamp":"1696773802","value":3658.494254},{"valueType":"DOUBLE","timestamp":"1696773742","value":3658.361688},{"valueType":"DOUBLE","timestamp":"1696773682","value":3658.201325},{"valueType":"DOUBLE","timestamp":"1696773622","value":3658.034007},{"valueType":"DOUBLE","timestamp":"1696773562","value":3657.894246},{"valueType":"DOUBLE","timestamp":"1696773502","value":3657.795222},{"valueType":"DOUBLE","timestamp":"1696773442","value":3657.676206},{"valueType":"DOUBLE","timestamp":"1696773382","value":3657.489532},{"valueType":"DOUBLE","timestamp":"1696773322","value":3657.332146},{"valueType":"DOUBLE","timestamp":"1696773262","value":3657.23769},{"valueType":"DOUBLE","timestamp":"1696773202","value":3657.07123},{"valueType":"DOUBLE","timestamp":"1696773142","value":3656.934481},{"valueType":"DOUBLE","timestamp":"1696773082","value":3656.807416},{"valueType":"DOUBLE","timestamp":"1696773022","value":3656.648257},{"valueType":"DOUBLE","timestamp":"1696772962","value":3656.531715},{"valueType":"DOUBLE","timestamp":"1696772902","value":3656.427424},{"valueType":"DOUBLE","timestamp":"1696772842","value":3656.25268},{"valueType":"DOUBLE","timestamp":"1696772782","value":3656.102119},{"valueType":"DOUBLE","timestamp":"1696772722","value":3655.977742},{"valueType":"DOUBLE","timestamp":"1696772662","value":3655.866864},{"valueType":"DOUBLE","timestamp":"1696772602","value":3655.732247},{"valueType":"DOUBLE","timestamp":"1696772542","value":3655.561089},{"valueType":"DOUBLE","timestamp":"1696772482","value":3655.424453},{"valueType":"DOUBLE","timestamp":"1696772422","value":3655.291336},{"valueType":"DOUBLE","timestamp":"1696772362","value":3655.150713},{"valueType":"DOUBLE","timestamp":"1696772302","value":3655.03937},{"valueType":"DOUBLE","timestamp":"1696772242","value":3654.884004},{"valueType":"DOUBLE","timestamp":"1696772182","value":3654.704487},{"valueType":"DOUBLE","timestamp":"1696772122","value":3654.568412},{"valueType":"DOUBLE","timestamp":"1696772062","value":3654.415729},{"valueType":"DOUBLE","timestamp":"1696772002","value":3654.315743},{"valueType":"DOUBLE","timestamp":"1696771942","value":3654.18218},{"valueType":"DOUBLE","timestamp":"1696771882","value":3653.980402},{"valueType":"DOUBLE","timestamp":"1696771822","value":3653.867304},{"valueType":"DOUBLE","timestamp":"1696771762","value":3653.693893},{"valueType":"DOUBLE","timestamp":"1696771702","value":3653.564202},{"valueType":"DOUBLE","timestamp":"1696771642","value":3653.450488},{"valueType":"DOUBLE","timestamp":"1696771582","value":3653.239401},{"valueType":"DOUBLE","timestamp":"1696771522","value":3653.125513},{"valueType":"DOUBLE","timestamp":"1696771462","value":3652.987629},{"valueType":"DOUBLE","timestamp":"1696771402","value":3652.809165},{"valueType":"DOUBLE","timestamp":"1696771342","value":3652.663338},{"valueType":"DOUBLE","timestamp":"1696771282","value":3652.470466},{"valueType":"DOUBLE","timestamp":"1696771222","value":3652.333334},{"valueType":"DOUBLE","timestamp":"1696771162","value":3652.186275},{"valueType":"DOUBLE","timestamp":"1696771102","value":3652.045413},{"valueType":"DOUBLE","timestamp":"1696771042","value":3651.903653},{"valueType":"DOUBLE","timestamp":"1696770982","value":3651.72178},{"valueType":"DOUBLE","timestamp":"1696770922","value":3651.560151},{"valueType":"DOUBLE","timestamp":"1696770862","value":3651.425616},{"valueType":"DOUBLE","timestamp":"1696770802","value":3651.299898},{"valueType":"DOUBLE","timestamp":"1696770742","value":3651.140377},{"valueType":"DOUBLE","timestamp":"1696770682","value":3650.964125},{"valueType":"DOUBLE","timestamp":"1696770622","value":3650.814438},{"valueType":"DOUBLE","timestamp":"1696770562","value":3650.666903},{"valueType":"DOUBLE","timestamp":"1696770502","value":3650.54756},{"valueType":"DOUBLE","timestamp":"1696770442","value":3650.383373},{"valueType":"DOUBLE","timestamp":"1696770382","value":3650.194683},{"valueType":"DOUBLE","timestamp":"1696770322","value":3650.062402},{"valueType":"DOUBLE","timestamp":"1696770262","value":3649.948975},{"valueType":"DOUBLE","timestamp":"1696770202","value":3649.801263},{"valueType":"DOUBLE","timestamp":"1696770142","value":3649.650431},{"valueType":"DOUBLE","timestamp":"1696770082","value":3649.462694},{"valueType":"DOUBLE","timestamp":"1696770022","value":3649.311093},{"valueType":"DOUBLE","timestamp":"1696769962","value":3649.140463},{"valueType":"DOUBLE","timestamp":"1696769902","value":3649.010553},{"valueType":"DOUBLE","timestamp":"1696769842","value":3648.855942},{"valueType":"DOUBLE","timestamp":"1696769782","value":3648.711102},{"valueType":"DOUBLE","timestamp":"1696769722","value":3648.546332},{"valueType":"DOUBLE","timestamp":"1696769662","value":3648.413599},{"valueType":"DOUBLE","timestamp":"1696769602","value":3648.237167},{"valueType":"DOUBLE","timestamp":"1696769542","value":3648.106365},{"valueType":"DOUBLE","timestamp":"1696769482","value":3647.915477},{"valueType":"DOUBLE","timestamp":"1696769422","value":3647.780827},{"valueType":"DOUBLE","timestamp":"1696769362","value":3647.625749},{"valueType":"DOUBLE","timestamp":"1696769302","value":3647.467722},{"valueType":"DOUBLE","timestamp":"1696769242","value":3647.351377},{"valueType":"DOUBLE","timestamp":"1696769182","value":3647.145519},{"valueType":"DOUBLE","timestamp":"1696769122","value":3647.000044},{"valueType":"DOUBLE","timestamp":"1696769062","value":3646.873305},{"valueType":"DOUBLE","timestamp":"1696769002","value":3646.684739},{"valueType":"DOUBLE","timestamp":"1696768942","value":3646.539132},{"valueType":"DOUBLE","timestamp":"1696768882","value":3646.363155},{"valueType":"DOUBLE","timestamp":"1696768822","value":3646.230903},{"valueType":"DOUBLE","timestamp":"1696768762","value":3646.069227},{"valueType":"DOUBLE","timestamp":"1696768702","value":3645.931519},{"valueType":"DOUBLE","timestamp":"1696768642","value":3645.778184},{"valueType":"DOUBLE","timestamp":"1696768582","value":3645.633861},{"valueType":"DOUBLE","timestamp":"1696768522","value":3645.489451}]}