{"podName":"accounts-db-0","containerName":"accounts-db","nodeName":null,"metricType":"kubernetes.io/container/memory/request_utilization","metrics":[{"valueType":"DOUBLE","timestamp":"1696785180","value":0.593475341796875},{"valueType":"DOUBLE","timestamp":"1696785120","value":0.593475341796875},{"valueType":"DOUBLE","timestamp":"1696785060","value":0.593475341796875},{"valueType":"DOUBLE","timestamp":"1696785000","value":0.593475341796875},{"valueType":"DOUBLE","timestamp":"1696784940","value":0.593475341796875},{"valueType":"DOUBLE","timestamp":"1696784880","value":0.593475341796875},{"valueType":"DOUBLE","timestamp":"1696784820","value":0.593475341796875},{"valueType":"DOUBLE","timestamp":"1696784760","value":0.593475341796875},{"valueType":"DOUBLE","timestamp":"1696784700","value":0.593475341796875},{"valueType":"DOUBLE","timestamp":"1696784640","value":0.593475341796875},{"valueType":"DOUBLE","timestamp":"1696784580","value":0.593475341796875},{"valueType":"DOUBLE","timestamp":"1696784520","value":0.593475341796875},{"valueType":"DOUBLE","timestamp":"1696784460","value":0.593475341796875},{"valueType":"DOUBLE","timestamp":"1696784400","value":0.593475341796875},{"valueType":"DOUBLE","timestamp":"1696784340","value":0.593475341796875},{"valueType":"DOUBLE","timestamp":"1696784280","value":0.593475341796875},{"valueType":"DOUBLE","timestamp":"1696784220","value":0.593475341796875},{"valueType":"DOUBLE","timestamp":"1696784160","value":0.593475341796875},{"valueType":"DOUBLE","timestamp":"1696784100","value":0.593475341796875},{"valueType":"DOUBLE","timestamp":"1696784040","value":0.593475341796875},{"valueType":"DOUBLE","timestamp":"1696783980","value":0.593475341796875},{"valueType":"DOUBLE","timestamp":"1696783920","value":0.593475341796875},{"valueType":"DOUBLE","timestamp":"1696783860","value":0.593475341796875},{"valueType":"DOUBLE","timestamp":"1696783800","value":0.593475341796875},{"valueType":"DOUBLE","timestamp":"1696783740","value":0.593475341796875},{"valueType":"DOUBLE","timestamp":"1696783680","value":0.593475341796875},{"valueType":"DOUBLE","timestamp":"1696783620","value":0.593475341796875},{"valueType":"DOUBLE","timestamp":"1696783560","value":0.593475341796875},{"valueType":"DOUBLE","timestamp":"1696783500","value":0.593475341796875},{"valueType":"DOUBLE","timestamp":"1696783440","value":0.593475341796875},{"valueType":"DOUBLE","timestamp":"1696783380","value":0.593475341796875},{"valueType":"DOUBLE","timestamp":"1696783320","value":0.593475341796875},{"valueType":"DOUBLE","timestamp":"1696783260","value":0.593475341796875},{"valueType":"DOUBLE","timestamp":"1696783200","value":0.593475341796875},{"valueType":"DOUBLE","timestamp":"1696783140","value":0.593475341796875},{"valueType":"DOUBLE","timestamp":"1696783080","value":0.593475341796875},{"valueType":"DOUBLE","timestamp":"1696783020","value":0.593475341796875},{"valueType":"DOUBLE","timestamp":"1696782960","value":0.593475341796875},{"valueType":"DOUBLE","timestamp":"1696782900","value":0.593475341796875},{"valueType":"DOUBLE","timestamp":"1696782840","value":0.593475341796875},{"valueType":"DOUBLE","timestamp":"1696782780","value":0.593475341796875},{"valueType":"DOUBLE","timestamp":"1696782720","value":0.593475341796875},{"valueType":"DOUBLE","timestamp":"1696782660","value":0.593475341796875},{"valueType":"DOUBLE","timestamp":"1696782600","value":0.593475341796875},{"valueType":"DOUBLE","timestamp":"1696782540","value":0.593475341796875},{"valueType":"DOUBLE","timestamp":"1696782480","value":0.593475341796875},{"valueType":"DOUBLE","timestamp":"1696782420","value":0.593475341796875},{"valueType":"DOUBLE","timestamp":"1696782360","value":0.593475341796875},{"valueType":"DOUBLE","timestamp":"1696782300","value":0.593475341796875},{"valueType":"DOUBLE","timestamp":"1696782240","value":0.593475341796875},{"valueType":"DOUBLE","timestamp":"1696782180","value":0.593475341796875},{"valueType":"DOUBLE","timestamp":"1696782120","value":0.593475341796875},{"valueType":"DOUBLE","timestamp":"1696782060","value":0.593475341796875},{"valueType":"DOUBLE","timestamp":"1696782000","value":0.593475341796875},{"valueType":"DOUBLE","timestamp":"1696781940","value":0.593475341796875},{"valueType":"DOUBLE","timestamp":"1696781880","value":0.593475341796875},{"valueType":"DOUBLE","timestamp":"1696781820","value":0.593475341796875},{"valueType":"DOUBLE","timestamp":"1696781760","value":0.593475341796875},{"valueType":"DOUBLE","timestamp":"1696781700","value":0.593475341796875},{"valueType":"DOUBLE","timestamp":"1696781640","value":0.593475341796875},{"valueType":"DOUBLE","timestamp":"1696781580","value":0.593475341796875},{"valueType":"DOUBLE","timestamp":"1696781520","value":0.593475341796875},{"valueType":"DOUBLE","timestamp":"1696781460","value":0.593475341796875},{"valueType":"DOUBLE","timestamp":"1696781400","value":0.593475341796875},{"valueType":"DOUBLE","timestamp":"1696781340","value":0.593475341796875},{"valueType":"DOUBLE","timestamp":"1696781280","value":0.593475341796875},{"valueType":"DOUBLE","timestamp":"1696781220","value":0.593475341796875},{"valueType":"DOUBLE","timestamp":"1696781160","value":0.593475341796875},{"valueType":"DOUBLE","timestamp":"1696781100","value":0.593475341796875},{"valueType":"DOUBLE","timestamp":"1696781040","value":0.593475341796875},{"valueType":"DOUBLE","timestamp":"1696780980","value":0.593475341796875},{"valueType":"DOUBLE","timestamp":"1696780920","value":0.593475341796875},{"valueType":"DOUBLE","timestamp":"1696780860","value":0.593475341796875},{"valueType":"DOUBLE","timestamp":"1696780800","value":0.593475341796875},{"valueType":"DOUBLE","timestamp":"1696780740","value":0.593475341796875},{"valueType":"DOUBLE","timestamp":"1696780680","value":0.593475341796875},{"valueType":"DOUBLE","timestamp":"1696780620","value":0.593475341796875},{"valueType":"DOUBLE","timestamp":"1696780560","value":0.593475341796875},{"valueType":"DOUBLE","timestamp":"1696780500","value":0.593475341796875},{"valueType":"DOUBLE","timestamp":"1696780440","value":0.593475341796875},{"valueType":"DOUBLE","timestamp":"1696780380","value":0.593475341796875},{"valueType":"DOUBLE","timestamp":"1696780320","value":0.593475341796875},{"valueType":"DOUBLE","timestamp":"1696780260","value":0.593475341796875},{"valueType":"DOUBLE","timestamp":"1696780200","value":0.593475341796875},{"valueType":"DOUBLE","timestamp":"1696780140","value":0.593475341796875},{"valueType":"DOUBLE","timestamp":"1696780080","value":0.593475341796875},{"valueType":"DOUBLE","timestamp":"1696780020","value":0.593475341796875},{"valueType":"DOUBLE","timestamp":"1696779960","value":0.593475341796875},{"valueType":"DOUBLE","timestamp":"1696779900","value":0.593475341796875},{"valueType":"DOUBLE","timestamp":"1696779840","value":0.592987060546875},{"valueType":"DOUBLE","timestamp":"1696779780","value":0.592864990234375},{"valueType":"DOUBLE","timestamp":"1696779720","value":0.592681884765625},{"valueType":"DOUBLE","timestamp":"1696779660","value":0.592559814453125},{"valueType":"DOUBLE","timestamp":"1696779600","value":0.592254638671875},{"valueType":"DOUBLE","timestamp":"1696779540","value":0.592254638671875},{"valueType":"DOUBLE","timestamp":"1696779480","value":0.592071533203125},{"valueType":"DOUBLE","timestamp":"1696779420","value":0.591888427734375},{"valueType":"DOUBLE","timestamp":"1696779360","value":0.591766357421875},{"valueType":"DOUBLE","timestamp":"1696779300","value":0.591522216796875},{"valueType":"DOUBLE","timestamp":"1696779240","value":0.591278076171875},{"valueType":"DOUBLE","timestamp":"1696779180","value":0.591278076171875},{"valueType":"DOUBLE","timestamp":"1696779120","value":0.591156005859375},{"valueType":"DOUBLE","timestamp":"1696779060","value":0.591094970703125},{"valueType":"DOUBLE","timestamp":"1696779000","value":0.591033935546875},{"valueType":"DOUBLE","timestamp":"1696778940","value":0.591033935546875},{"valueType":"DOUBLE","timestamp":"1696778880","value":0.591033935546875},{"valueType":"DOUBLE","timestamp":"1696778820","value":0.591033935546875},{"valueType":"DOUBLE","timestamp":"1696778760","value":0.591033935546875},{"valueType":"DOUBLE","timestamp":"1696778700","value":0.590789794921875},{"valueType":"DOUBLE","timestamp":"1696778640","value":0.590545654296875},{"valueType":"DOUBLE","timestamp":"1696778580","value":0.590545654296875},{"valueType":"DOUBLE","timestamp":"1696778520","value":0.590545654296875},{"valueType":"DOUBLE","timestamp":"1696778460","value":0.590545654296875},{"valueType":"DOUBLE","timestamp":"1696778400","value":0.590545654296875},{"valueType":"DOUBLE","timestamp":"1696778340","value":0.590362548828125},{"valueType":"DOUBLE","timestamp":"1696778280","value":0.590240478515625},{"valueType":"DOUBLE","timestamp":"1696778220","value":0.590240478515625},{"valueType":"DOUBLE","timestamp":"1696778160","value":0.590179443359375},{"valueType":"DOUBLE","timestamp":"1696778100","value":0.590179443359375},{"valueType":"DOUBLE","timestamp":"1696778040","value":0.590179443359375},{"valueType":"DOUBLE","timestamp":"1696777980","value":0.590179443359375},{"valueType":"DOUBLE","timestamp":"1696777920","value":0.590057373046875},{"valueType":"DOUBLE","timestamp":"1696777860","value":0.589996337890625},{"valueType":"DOUBLE","timestamp":"1696777800","value":0.589996337890625},{"valueType":"DOUBLE","timestamp":"1696777740","value":0.589874267578125},{"valueType":"DOUBLE","timestamp":"1696777680","value":0.589813232421875},{"valueType":"DOUBLE","timestamp":"1696777620","value":0.589813232421875},{"valueType":"DOUBLE","timestamp":"1696777560","value":0.589813232421875},{"valueType":"DOUBLE","timestamp":"1696777500","value":0.589691162109375},{"valueType":"DOUBLE","timestamp":"1696777440","value":0.589691162109375},{"valueType":"DOUBLE","timestamp":"1696777380","value":0.589630126953125},{"valueType":"DOUBLE","timestamp":"1696777320","value":0.589508056640625},{"valueType":"DOUBLE","timestamp":"1696777260","value":0.589385986328125},{"valueType":"DOUBLE","timestamp":"1696777200","value":0.589202880859375},{"valueType":"DOUBLE","timestamp":"1696777140","value":0.589202880859375},{"valueType":"DOUBLE","timestamp":"1696777080","value":0.589202880859375},{"valueType":"DOUBLE","timestamp":"1696777020","value":0.589202880859375},{"valueType":"DOUBLE","timestamp":"1696776960","value":0.589202880859375},{"valueType":"DOUBLE","timestamp":"1696776900","value":0.589141845703125},{"valueType":"DOUBLE","timestamp":"1696776840","value":0.589141845703125},{"valueType":"DOUBLE","timestamp":"1696776780","value":0.588653564453125},{"valueType":"DOUBLE","timestamp":"1696776720","value":0.588653564453125},{"valueType":"DOUBLE","timestamp":"1696776660","value":0.588531494140625},{"valueType":"DOUBLE","timestamp":"1696776600","value":0.588470458984375},{"valueType":"DOUBLE","timestamp":"1696776540","value":0.588470458984375},{"valueType":"DOUBLE","timestamp":"1696776480","value":0.588470458984375},{"valueType":"DOUBLE","timestamp":"1696776420","value":0.588287353515625},{"valueType":"DOUBLE","timestamp":"1696776360","value":0.588287353515625},{"valueType":"DOUBLE","timestamp":"1696776300","value":0.588226318359375},{"valueType":"DOUBLE","timestamp":"1696776240","value":0.588226318359375},{"valueType":"DOUBLE","timestamp":"1696776180","value":0.587982177734375},{"valueType":"DOUBLE","timestamp":"1696776120","value":0.587982177734375},{"valueType":"DOUBLE","timestamp":"1696776060","value":0.587982177734375},{"valueType":"DOUBLE","timestamp":"1696776000","value":0.587982177734375},{"valueType":"DOUBLE","timestamp":"1696775940","value":0.587982177734375},{"valueType":"DOUBLE","timestamp":"1696775880","value":0.587921142578125},{"valueType":"DOUBLE","timestamp":"1696775820","value":0.587615966796875},{"valueType":"DOUBLE","timestamp":"1696775760","value":0.587432861328125},{"valueType":"DOUBLE","timestamp":"1696775700","value":0.587310791015625},{"valueType":"DOUBLE","timestamp":"1696775640","value":0.587249755859375},{"valueType":"DOUBLE","timestamp":"1696775580","value":0.587249755859375},{"valueType":"DOUBLE","timestamp":"1696775520","value":0.587249755859375},{"valueType":"DOUBLE","timestamp":"1696775460","value":0.587066650390625},{"valueType":"DOUBLE","timestamp":"1696775400","value":0.587066650390625},{"valueType":"DOUBLE","timestamp":"1696775340","value":0.587005615234375},{"valueType":"DOUBLE","timestamp":"1696775280","value":0.586944580078125},{"valueType":"DOUBLE","timestamp":"1696775220","value":0.586944580078125},{"valueType":"DOUBLE","timestamp":"1696775160","value":0.586822509765625},{"valueType":"DOUBLE","timestamp":"1696775100","value":0.586761474609375},{"valueType":"DOUBLE","timestamp":"1696775040","value":0.586761474609375},{"valueType":"DOUBLE","timestamp":"1696774980","value":0.586700439453125},{"valueType":"DOUBLE","timestamp":"1696774920","value":0.586700439453125},{"valueType":"DOUBLE","timestamp":"1696774860","value":0.586639404296875},{"valueType":"DOUBLE","timestamp":"1696774800","value":0.586578369140625},{"valueType":"DOUBLE","timestamp":"1696774740","value":0.586456298828125},{"valueType":"DOUBLE","timestamp":"1696774680","value":0.586395263671875},{"valueType":"DOUBLE","timestamp":"1696774620","value":0.586395263671875},{"valueType":"DOUBLE","timestamp":"1696774560","value":0.586334228515625},{"valueType":"DOUBLE","timestamp":"1696774500","value":0.586212158203125},{"valueType":"DOUBLE","timestamp":"1696774440","value":0.586212158203125},{"valueType":"DOUBLE","timestamp":"1696774380","value":0.586151123046875},{"valueType":"DOUBLE","timestamp":"1696774320","value":0.586151123046875},{"valueType":"DOUBLE","timestamp":"1696774260","value":0.586029052734375},{"valueType":"DOUBLE","timestamp":"1696774200","value":0.585968017578125},{"valueType":"DOUBLE","timestamp":"1696774140","value":0.585906982421875},{"valueType":"DOUBLE","timestamp":"1696774080","value":0.585723876953125},{"valueType":"DOUBLE","timestamp":"1696774020","value":0.585723876953125},{"valueType":"DOUBLE","timestamp":"1696773960","value":0.585723876953125},{"valueType":"DOUBLE","timestamp":"1696773900","value":0.585601806640625},{"valueType":"DOUBLE","timestamp":"1696773840","value":0.585601806640625},{"valueType":"DOUBLE","timestamp":"1696773780","value":0.585418701171875},{"valueType":"DOUBLE","timestamp":"1696773720","value":0.585113525390625},{"valueType":"DOUBLE","timestamp":"1696773660","value":0.584991455078125},{"valueType":"DOUBLE","timestamp":"1696773600","value":0.584930419921875},{"valueType":"DOUBLE","timestamp":"1696773540","value":0.584930419921875},{"valueType":"DOUBLE","timestamp":"1696773480","value":0.584930419921875},{"valueType":"DOUBLE","timestamp":"1696773420","value":0.584930419921875},{"valueType":"DOUBLE","timestamp":"1696773360","value":0.584808349609375},{"valueType":"DOUBLE","timestamp":"1696773300","value":0.584747314453125},{"valueType":"DOUBLE","timestamp":"1696773240","value":0.584625244140625},{"valueType":"DOUBLE","timestamp":"1696773180","value":0.584625244140625},{"valueType":"DOUBLE","timestamp":"1696773120","value":0.584564208984375},{"valueType":"DOUBLE","timestamp":"1696773060","value":0.584564208984375},{"valueType":"DOUBLE","timestamp":"1696773000","value":0.584564208984375},{"valueType":"DOUBLE","timestamp":"1696772940","value":0.584564208984375},{"valueType":"DOUBLE","timestamp":"1696772880","value":0.584564208984375},{"valueType":"DOUBLE","timestamp":"1696772820","value":0.584442138671875},{"valueType":"DOUBLE","timestamp":"1696772760","value":0.584136962890625},{"valueType":"DOUBLE","timestamp":"1696772700","value":0.584136962890625},{"valueType":"DOUBLE","timestamp":"1696772640","value":0.584136962890625},{"valueType":"DOUBLE","timestamp":"1696772580","value":0.584075927734375},{"valueType":"DOUBLE","timestamp":"1696772520","value":0.583831787109375},{"valueType":"DOUBLE","timestamp":"1696772460","value":0.583831787109375},{"valueType":"DOUBLE","timestamp":"1696772400","value":0.583831787109375},{"valueType":"DOUBLE","timestamp":"1696772340","value":0.583770751953125},{"valueType":"DOUBLE","timestamp":"1696772280","value":0.583709716796875},{"valueType":"DOUBLE","timestamp":"1696772220","value":0.583648681640625},{"valueType":"DOUBLE","timestamp":"1696772160","value":0.583648681640625},{"valueType":"DOUBLE","timestamp":"1696772100","value":0.583587646484375},{"valueType":"DOUBLE","timestamp":"1696772040","value":0.583587646484375},{"valueType":"DOUBLE","timestamp":"1696771980","value":0.583587646484375},{"valueType":"DOUBLE","timestamp":"1696771920","value":0.583587646484375},{"valueType":"DOUBLE","timestamp":"1696771860","value":0.583465576171875},{"valueType":"DOUBLE","timestamp":"1696771800","value":0.583404541015625},{"valueType":"DOUBLE","timestamp":"1696771740","value":0.583404541015625},{"valueType":"DOUBLE","timestamp":"1696771680","value":0.583404541015625},{"valueType":"DOUBLE","timestamp":"1696771620","value":0.583404541015625},{"valueType":"DOUBLE","timestamp":"1696771560","value":0.583343505859375},{"valueType":"DOUBLE","timestamp":"1696771500","value":0.583221435546875},{"valueType":"DOUBLE","timestamp":"1696771440","value":0.583221435546875},{"valueType":"DOUBLE","timestamp":"1696771380","value":0.583038330078125},{"valueType":"DOUBLE","timestamp":"1696771320","value":0.583038330078125},{"valueType":"DOUBLE","timestamp":"1696771260","value":0.583038330078125},{"valueType":"DOUBLE","timestamp":"1696771200","value":0.582794189453125},{"valueType":"DOUBLE","timestamp":"1696771140","value":0.582550048828125},{"valueType":"DOUBLE","timestamp":"1696771080","value":0.582550048828125},{"valueType":"DOUBLE","timestamp":"1696771020","value":0.582489013671875},{"valueType":"DOUBLE","timestamp":"1696770960","value":0.582427978515625},{"valueType":"DOUBLE","timestamp":"1696770900","value":0.582183837890625},{"valueType":"DOUBLE","timestamp":"1696770840","value":0.582183837890625},{"valueType":"DOUBLE","timestamp":"1696770780","value":0.582183837890625},{"valueType":"DOUBLE","timestamp":"1696770720","value":0.581939697265625},{"valueType":"DOUBLE","timestamp":"1696770660","value":0.581817626953125},{"valueType":"DOUBLE","timestamp":"1696770600","value":0.581695556640625},{"valueType":"DOUBLE","timestamp":"1696770540","value":0.581695556640625},{"valueType":"DOUBLE","timestamp":"1696770480","value":0.581695556640625},{"valueType":"DOUBLE","timestamp":"1696770420","value":0.581573486328125},{"valueType":"DOUBLE","timestamp":"1696770360","value":0.581451416015625},{"valueType":"DOUBLE","timestamp":"1696770300","value":0.581390380859375},{"valueType":"DOUBLE","timestamp":"1696770240","value":0.581329345703125},{"valueType":"DOUBLE","timestamp":"1696770180","value":0.581085205078125},{"valueType":"DOUBLE","timestamp":"1696770120","value":0.581085205078125},{"valueType":"DOUBLE","timestamp":"1696770060","value":0.581085205078125},{"valueType":"DOUBLE","timestamp":"1696770000","value":0.581085205078125},{"valueType":"DOUBLE","timestamp":"1696769940","value":0.581024169921875},{"valueType":"DOUBLE","timestamp":"1696769880","value":0.580841064453125},{"valueType":"DOUBLE","timestamp":"1696769820","value":0.580718994140625},{"valueType":"DOUBLE","timestamp":"1696769760","value":0.580596923828125},{"valueType":"DOUBLE","timestamp":"1696769700","value":0.580474853515625},{"valueType":"DOUBLE","timestamp":"1696769640","value":0.580474853515625},{"valueType":"DOUBLE","timestamp":"1696769580","value":0.580352783203125},{"valueType":"DOUBLE","timestamp":"1696769520","value":0.580169677734375},{"valueType":"DOUBLE","timestamp":"1696769460","value":0.580169677734375},{"valueType":"DOUBLE","timestamp":"1696769400","value":0.579986572265625},{"valueType":"DOUBLE","timestamp":"1696769340","value":0.579986572265625},{"valueType":"DOUBLE","timestamp":"1696769280","value":0.579986572265625},{"valueType":"DOUBLE","timestamp":"1696769220","value":0.579864501953125},{"valueType":"DOUBLE","timestamp":"1696769160","value":0.579864501953125},{"valueType":"DOUBLE","timestamp":"1696769100","value":0.579803466796875},{"valueType":"DOUBLE","timestamp":"1696769040","value":0.579681396484375},{"valueType":"DOUBLE","timestamp":"1696768980","value":0.579681396484375},{"valueType":"DOUBLE","timestamp":"1696768920","value":0.579620361328125},{"valueType":"DOUBLE","timestamp":"1696768860","value":0.579620361328125},{"valueType":"DOUBLE","timestamp":"1696768800","value":0.579498291015625},{"valueType":"DOUBLE","timestamp":"1696768740","value":0.579376220703125},{"valueType":"DOUBLE","timestamp":"1696768680","value":0.579376220703125},{"valueType":"DOUBLE","timestamp":"1696768620","value":0.579193115234375},{"valueType":"DOUBLE","timestamp":"1696768560","value":0.579193115234375},{"valueType":"DOUBLE","timestamp":"1696785180","value":0.79595947265625},{"valueType":"DOUBLE","timestamp":"1696785120","value":0.79595947265625},{"valueType":"DOUBLE","timestamp":"1696785060","value":0.79595947265625},{"valueType":"DOUBLE","timestamp":"1696785000","value":0.79595947265625},{"valueType":"DOUBLE","timestamp":"1696784940","value":0.79595947265625},{"valueType":"DOUBLE","timestamp":"1696784880","value":0.7958984375},{"valueType":"DOUBLE","timestamp":"1696784820","value":0.7958984375},{"valueType":"DOUBLE","timestamp":"1696784760","value":0.7958984375},{"valueType":"DOUBLE","timestamp":"1696784700","value":0.795928955078125},{"valueType":"DOUBLE","timestamp":"1696784640","value":0.79595947265625},{"valueType":"DOUBLE","timestamp":"1696784580","value":0.79595947265625},{"valueType":"DOUBLE","timestamp":"1696784520","value":0.79595947265625},{"valueType":"DOUBLE","timestamp":"1696784460","value":0.79595947265625},{"valueType":"DOUBLE","timestamp":"1696784400","value":0.79595947265625},{"valueType":"DOUBLE","timestamp":"1696784340","value":0.79595947265625},{"valueType":"DOUBLE","timestamp":"1696784280","value":0.7958984375},{"valueType":"DOUBLE","timestamp":"1696784220","value":0.79595947265625},{"valueType":"DOUBLE","timestamp":"1696784160","value":0.79595947265625},{"valueType":"DOUBLE","timestamp":"1696784100","value":0.79595947265625},{"valueType":"DOUBLE","timestamp":"1696784040","value":0.79595947265625},{"valueType":"DOUBLE","timestamp":"1696783980","value":0.79595947265625},{"valueType":"DOUBLE","timestamp":"1696783920","value":0.795928955078125},{"valueType":"DOUBLE","timestamp":"1696783860","value":0.79595947265625},{"valueType":"DOUBLE","timestamp":"1696783800","value":0.79595947265625},{"valueType":"DOUBLE","timestamp":"1696783740","value":0.795928955078125},{"valueType":"DOUBLE","timestamp":"1696783680","value":0.79595947265625},{"valueType":"DOUBLE","timestamp":"1696783620","value":0.79595947265625},{"valueType":"DOUBLE","timestamp":"1696783560","value":0.795928955078125},{"valueType":"DOUBLE","timestamp":"1696783500","value":0.79595947265625},{"valueType":"DOUBLE","timestamp":"1696783440","value":0.79595947265625},{"valueType":"DOUBLE","timestamp":"1696783380","value":0.79595947265625},{"valueType":"DOUBLE","timestamp":"1696783320","value":0.79595947265625},{"valueType":"DOUBLE","timestamp":"1696783260","value":0.79595947265625},{"valueType":"DOUBLE","timestamp":"1696783200","value":0.7958984375},{"valueType":"DOUBLE","timestamp":"1696783140","value":0.79595947265625},{"valueType":"DOUBLE","timestamp":"1696783080","value":0.7958984375},{"valueType":"DOUBLE","timestamp":"1696783020","value":0.79595947265625},{"valueType":"DOUBLE","timestamp":"1696782960","value":0.79595947265625},{"valueType":"DOUBLE","timestamp":"1696782900","value":0.795928955078125},{"valueType":"DOUBLE","timestamp":"1696782840","value":0.79595947265625},{"valueType":"DOUBLE","timestamp":"1696782780","value":0.79595947265625},{"valueType":"DOUBLE","timestamp":"1696782720","value":0.79595947265625},{"valueType":"DOUBLE","timestamp":"1696782660","value":0.79595947265625},{"valueType":"DOUBLE","timestamp":"1696782600","value":0.79595947265625},{"valueType":"DOUBLE","timestamp":"1696782540","value":0.79595947265625},{"valueType":"DOUBLE","timestamp":"1696782480","value":0.7958984375},{"valueType":"DOUBLE","timestamp":"1696782420","value":0.795928955078125},{"valueType":"DOUBLE","timestamp":"1696782360","value":0.79595947265625},{"valueType":"DOUBLE","timestamp":"1696782300","value":0.79595947265625},{"valueType":"DOUBLE","timestamp":"1696782240","value":0.79595947265625},{"valueType":"DOUBLE","timestamp":"1696782180","value":0.7958984375},{"valueType":"DOUBLE","timestamp":"1696782120","value":0.79595947265625},{"valueType":"DOUBLE","timestamp":"1696782060","value":0.79595947265625},{"valueType":"DOUBLE","timestamp":"1696782000","value":0.79595947265625},{"valueType":"DOUBLE","timestamp":"1696781940","value":0.79595947265625},{"valueType":"DOUBLE","timestamp":"1696781880","value":0.795928955078125},{"valueType":"DOUBLE","timestamp":"1696781820","value":0.795928955078125},{"valueType":"DOUBLE","timestamp":"1696781760","value":0.795928955078125},{"valueType":"DOUBLE","timestamp":"1696781700","value":0.79595947265625},{"valueType":"DOUBLE","timestamp":"1696781640","value":0.79595947265625},{"valueType":"DOUBLE","timestamp":"1696781580","value":0.79595947265625},{"valueType":"DOUBLE","timestamp":"1696781520","value":0.79595947265625},{"valueType":"DOUBLE","timestamp":"1696781460","value":0.795928955078125},{"valueType":"DOUBLE","timestamp":"1696781400","value":0.79595947265625},{"valueType":"DOUBLE","timestamp":"1696781340","value":0.79595947265625},{"valueType":"DOUBLE","timestamp":"1696781280","value":0.79595947265625},{"valueType":"DOUBLE","timestamp":"1696781220","value":0.79595947265625},{"valueType":"DOUBLE","timestamp":"1696781160","value":0.79595947265625},{"valueType":"DOUBLE","timestamp":"1696781100","value":0.79595947265625},{"valueType":"DOUBLE","timestamp":"1696781040","value":0.79595947265625},{"valueType":"DOUBLE","timestamp":"1696780980","value":0.79595947265625},{"valueType":"DOUBLE","timestamp":"1696780920","value":0.7958984375},{"valueType":"DOUBLE","timestamp":"1696780860","value":0.79595947265625},{"valueType":"DOUBLE","timestamp":"1696780800","value":0.79595947265625},{"valueType":"DOUBLE","timestamp":"1696780740","value":0.7958984375},{"valueType":"DOUBLE","timestamp":"1696780680","value":0.79595947265625},{"valueType":"DOUBLE","timestamp":"1696780620","value":0.79595947265625},{"valueType":"DOUBLE","timestamp":"1696780560","value":0.79595947265625},{"valueType":"DOUBLE","timestamp":"1696780500","value":0.7958984375},{"valueType":"DOUBLE","timestamp":"1696780440","value":0.79595947265625},{"valueType":"DOUBLE","timestamp":"1696780380","value":0.79595947265625},{"valueType":"DOUBLE","timestamp":"1696780320","value":0.79595947265625},{"valueType":"DOUBLE","timestamp":"1696780260","value":0.79595947265625},{"valueType":"DOUBLE","timestamp":"1696780200","value":0.79595947265625},{"valueType":"DOUBLE","timestamp":"1696780140","value":0.7958984375},{"valueType":"DOUBLE","timestamp":"1696780080","value":0.795928955078125},{"valueType":"DOUBLE","timestamp":"1696780020","value":0.79595947265625},{"valueType":"DOUBLE","timestamp":"1696779960","value":0.7958984375},{"valueType":"DOUBLE","timestamp":"1696779900","value":0.7958984375},{"valueType":"DOUBLE","timestamp":"1696779840","value":0.79541015625},{"valueType":"DOUBLE","timestamp":"1696779780","value":0.795989990234375},{"valueType":"DOUBLE","timestamp":"1696779720","value":0.795135498046875},{"valueType":"DOUBLE","timestamp":"1696779660","value":0.795013427734375},{"valueType":"DOUBLE","timestamp":"1696779600","value":0.794708251953125},{"valueType":"DOUBLE","timestamp":"1696779540","value":0.794769287109375},{"valueType":"DOUBLE","timestamp":"1696779480","value":0.794525146484375},{"valueType":"DOUBLE","timestamp":"1696779420","value":0.794342041015625},{"valueType":"DOUBLE","timestamp":"1696779360","value":0.79437255859375},{"valueType":"DOUBLE","timestamp":"1696779300","value":0.7939453125},{"valueType":"DOUBLE","timestamp":"1696779240","value":0.793731689453125},{"valueType":"DOUBLE","timestamp":"1696779180","value":0.793792724609375},{"valueType":"DOUBLE","timestamp":"1696779120","value":0.793701171875},{"valueType":"DOUBLE","timestamp":"1696779060","value":0.79345703125},{"valueType":"DOUBLE","timestamp":"1696779000","value":0.793426513671875},{"valueType":"DOUBLE","timestamp":"1696778940","value":0.793426513671875},{"valueType":"DOUBLE","timestamp":"1696778880","value":0.79345703125},{"valueType":"DOUBLE","timestamp":"1696778820","value":0.79345703125},{"valueType":"DOUBLE","timestamp":"1696778760","value":0.793426513671875},{"valueType":"DOUBLE","timestamp":"1696778700","value":0.793212890625},{"valueType":"DOUBLE","timestamp":"1696778640","value":0.79296875},{"valueType":"DOUBLE","timestamp":"1696778580","value":0.79302978515625},{"valueType":"DOUBLE","timestamp":"1696778520","value":0.792938232421875},{"valueType":"DOUBLE","timestamp":"1696778460","value":0.79296875},{"valueType":"DOUBLE","timestamp":"1696778400","value":0.792938232421875},{"valueType":"DOUBLE","timestamp":"1696778340","value":0.792755126953125},{"valueType":"DOUBLE","timestamp":"1696778280","value":0.792633056640625},{"valueType":"DOUBLE","timestamp":"1696778220","value":0.7926025390625},{"valueType":"DOUBLE","timestamp":"1696778160","value":0.792388916015625},{"valueType":"DOUBLE","timestamp":"1696778100","value":0.79254150390625},{"valueType":"DOUBLE","timestamp":"1696778040","value":0.792327880859375},{"valueType":"DOUBLE","timestamp":"1696777980","value":0.792572021484375},{"valueType":"DOUBLE","timestamp":"1696777920","value":0.792572021484375},{"valueType":"DOUBLE","timestamp":"1696777860","value":0.792266845703125},{"valueType":"DOUBLE","timestamp":"1696777800","value":0.79241943359375},{"valueType":"DOUBLE","timestamp":"1696777740","value":0.79229736328125},{"valueType":"DOUBLE","timestamp":"1696777680","value":0.79217529296875},{"valueType":"DOUBLE","timestamp":"1696777620","value":0.792083740234375},{"valueType":"DOUBLE","timestamp":"1696777560","value":0.79217529296875},{"valueType":"DOUBLE","timestamp":"1696777500","value":0.792083740234375},{"valueType":"DOUBLE","timestamp":"1696777440","value":0.79205322265625},{"valueType":"DOUBLE","timestamp":"1696777380","value":0.7919921875},{"valueType":"DOUBLE","timestamp":"1696777320","value":0.791717529296875},{"valueType":"DOUBLE","timestamp":"1696777260","value":0.791748046875},{"valueType":"DOUBLE","timestamp":"1696777200","value":0.791534423828125},{"valueType":"DOUBLE","timestamp":"1696777140","value":0.79144287109375},{"valueType":"DOUBLE","timestamp":"1696777080","value":0.7913818359375},{"valueType":"DOUBLE","timestamp":"1696777020","value":0.791534423828125},{"valueType":"DOUBLE","timestamp":"1696776960","value":0.79156494140625},{"valueType":"DOUBLE","timestamp":"1696776900","value":0.791473388671875},{"valueType":"DOUBLE","timestamp":"1696776840","value":0.7913818359375},{"valueType":"DOUBLE","timestamp":"1696776780","value":0.790985107421875},{"valueType":"DOUBLE","timestamp":"1696776720","value":0.791107177734375},{"valueType":"DOUBLE","timestamp":"1696776660","value":0.79095458984375},{"valueType":"DOUBLE","timestamp":"1696776600","value":0.79083251953125},{"valueType":"DOUBLE","timestamp":"1696776540","value":0.790802001953125},{"valueType":"DOUBLE","timestamp":"1696776480","value":0.790802001953125},{"valueType":"DOUBLE","timestamp":"1696776420","value":0.79058837890625},{"valueType":"DOUBLE","timestamp":"1696776360","value":0.790618896484375},{"valueType":"DOUBLE","timestamp":"1696776300","value":0.790557861328125},{"valueType":"DOUBLE","timestamp":"1696776240","value":0.790557861328125},{"valueType":"DOUBLE","timestamp":"1696776180","value":0.79034423828125},{"valueType":"DOUBLE","timestamp":"1696776120","value":0.790313720703125},{"valueType":"DOUBLE","timestamp":"1696776060","value":0.790283203125},{"valueType":"DOUBLE","timestamp":"1696776000","value":0.79034423828125},{"valueType":"DOUBLE","timestamp":"1696775940","value":0.79034423828125},{"valueType":"DOUBLE","timestamp":"1696775880","value":0.790313720703125},{"valueType":"DOUBLE","timestamp":"1696775820","value":0.789886474609375},{"valueType":"DOUBLE","timestamp":"1696775760","value":0.789703369140625},{"valueType":"DOUBLE","timestamp":"1696775700","value":0.7896728515625},{"valueType":"DOUBLE","timestamp":"1696775640","value":0.78955078125},{"valueType":"DOUBLE","timestamp":"1696775580","value":0.789520263671875},{"valueType":"DOUBLE","timestamp":"1696775520","value":0.789581298828125},{"valueType":"DOUBLE","timestamp":"1696775460","value":0.789337158203125},{"valueType":"DOUBLE","timestamp":"1696775400","value":0.789337158203125},{"valueType":"DOUBLE","timestamp":"1696775340","value":0.789215087890625},{"valueType":"DOUBLE","timestamp":"1696775280","value":0.789276123046875},{"valueType":"DOUBLE","timestamp":"1696775220","value":0.789215087890625},{"valueType":"DOUBLE","timestamp":"1696775160","value":0.78900146484375},{"valueType":"DOUBLE","timestamp":"1696775100","value":0.7890625},{"valueType":"DOUBLE","timestamp":"1696775040","value":0.789093017578125},{"valueType":"DOUBLE","timestamp":"1696774980","value":0.789031982421875},{"valueType":"DOUBLE","timestamp":"1696774920","value":0.788970947265625},{"valueType":"DOUBLE","timestamp":"1696774860","value":0.788909912109375},{"valueType":"DOUBLE","timestamp":"1696774800","value":0.788818359375},{"valueType":"DOUBLE","timestamp":"1696774740","value":0.7886962890625},{"valueType":"DOUBLE","timestamp":"1696774680","value":0.7886962890625},{"valueType":"DOUBLE","timestamp":"1696774620","value":0.78863525390625},{"valueType":"DOUBLE","timestamp":"1696774560","value":0.78857421875},{"valueType":"DOUBLE","timestamp":"1696774500","value":0.78851318359375},{"valueType":"DOUBLE","timestamp":"1696774440","value":0.788482666015625},{"valueType":"DOUBLE","timestamp":"1696774380","value":0.7884521484375},{"valueType":"DOUBLE","timestamp":"1696774320","value":0.78851318359375},{"valueType":"DOUBLE","timestamp":"1696774260","value":0.788299560546875},{"valueType":"DOUBLE","timestamp":"1696774200","value":0.7882080078125},{"valueType":"DOUBLE","timestamp":"1696774140","value":0.7882080078125},{"valueType":"DOUBLE","timestamp":"1696774080","value":0.787872314453125},{"valueType":"DOUBLE","timestamp":"1696774020","value":0.787841796875},{"valueType":"DOUBLE","timestamp":"1696773960","value":0.787811279296875},{"valueType":"DOUBLE","timestamp":"1696773900","value":0.7877197265625},{"valueType":"DOUBLE","timestamp":"1696773840","value":0.787872314453125},{"valueType":"DOUBLE","timestamp":"1696773780","value":0.787628173828125},{"valueType":"DOUBLE","timestamp":"1696773720","value":0.787445068359375},{"valueType":"DOUBLE","timestamp":"1696773660","value":0.78729248046875},{"valueType":"DOUBLE","timestamp":"1696773600","value":0.787200927734375},{"valueType":"DOUBLE","timestamp":"1696773540","value":0.7872314453125},{"valueType":"DOUBLE","timestamp":"1696773480","value":0.787200927734375},{"valueType":"DOUBLE","timestamp":"1696773420","value":0.787200927734375},{"valueType":"DOUBLE","timestamp":"1696773360","value":0.78704833984375},{"valueType":"DOUBLE","timestamp":"1696773300","value":0.786956787109375},{"valueType":"DOUBLE","timestamp":"1696773240","value":0.78692626953125},{"valueType":"DOUBLE","timestamp":"1696773180","value":0.786834716796875},{"valueType":"DOUBLE","timestamp":"1696773120","value":0.7867431640625},{"valueType":"DOUBLE","timestamp":"1696773060","value":0.786651611328125},{"valueType":"DOUBLE","timestamp":"1696773000","value":0.78668212890625},{"valueType":"DOUBLE","timestamp":"1696772940","value":0.78656005859375},{"valueType":"DOUBLE","timestamp":"1696772880","value":0.78668212890625},{"valueType":"DOUBLE","timestamp":"1696772820","value":0.786529541015625},{"valueType":"DOUBLE","timestamp":"1696772760","value":0.786224365234375},{"valueType":"DOUBLE","timestamp":"1696772700","value":0.786346435546875},{"valueType":"DOUBLE","timestamp":"1696772640","value":0.7862548828125},{"valueType":"DOUBLE","timestamp":"1696772580","value":0.786224365234375},{"valueType":"DOUBLE","timestamp":"1696772520","value":0.785919189453125},{"valueType":"DOUBLE","timestamp":"1696772460","value":0.785919189453125},{"valueType":"DOUBLE","timestamp":"1696772400","value":0.78607177734375},{"valueType":"DOUBLE","timestamp":"1696772340","value":0.78582763671875},{"valueType":"DOUBLE","timestamp":"1696772280","value":0.785797119140625},{"valueType":"DOUBLE","timestamp":"1696772220","value":0.78570556640625},{"valueType":"DOUBLE","timestamp":"1696772160","value":0.7857666015625},{"valueType":"DOUBLE","timestamp":"1696772100","value":0.785736083984375},{"valueType":"DOUBLE","timestamp":"1696772040","value":0.78564453125},{"valueType":"DOUBLE","timestamp":"1696771980","value":0.785736083984375},{"valueType":"DOUBLE","timestamp":"1696771920","value":0.785736083984375},{"valueType":"DOUBLE","timestamp":"1696771860","value":0.7855224609375},{"valueType":"DOUBLE","timestamp":"1696771800","value":0.7855224609375},{"valueType":"DOUBLE","timestamp":"1696771740","value":0.78546142578125},{"valueType":"DOUBLE","timestamp":"1696771680","value":0.78546142578125},{"valueType":"DOUBLE","timestamp":"1696771620","value":0.785369873046875},{"valueType":"DOUBLE","timestamp":"1696771560","value":0.785430908203125},{"valueType":"DOUBLE","timestamp":"1696771500","value":0.7852783203125},{"valueType":"DOUBLE","timestamp":"1696771440","value":0.785186767578125},{"valueType":"DOUBLE","timestamp":"1696771380","value":0.78509521484375},{"valueType":"DOUBLE","timestamp":"1696771320","value":0.785125732421875},{"valueType":"DOUBLE","timestamp":"1696771260","value":0.78509521484375},{"valueType":"DOUBLE","timestamp":"1696771200","value":0.784820556640625},{"valueType":"DOUBLE","timestamp":"1696771140","value":0.784576416015625},{"valueType":"DOUBLE","timestamp":"1696771080","value":0.784637451171875},{"valueType":"DOUBLE","timestamp":"1696771020","value":0.784515380859375},{"valueType":"DOUBLE","timestamp":"1696770960","value":0.7845458984375},{"valueType":"DOUBLE","timestamp":"1696770900","value":0.784210205078125},{"valueType":"DOUBLE","timestamp":"1696770840","value":0.78424072265625},{"valueType":"DOUBLE","timestamp":"1696770780","value":0.78424072265625},{"valueType":"DOUBLE","timestamp":"1696770720","value":0.78399658203125},{"valueType":"DOUBLE","timestamp":"1696770660","value":0.7838134765625},{"valueType":"DOUBLE","timestamp":"1696770600","value":0.78369140625},{"valueType":"DOUBLE","timestamp":"1696770540","value":0.783721923828125},{"valueType":"DOUBLE","timestamp":"1696770480","value":0.78363037109375},{"valueType":"DOUBLE","timestamp":"1696770420","value":0.7835693359375},{"valueType":"DOUBLE","timestamp":"1696770360","value":0.783477783203125},{"valueType":"DOUBLE","timestamp":"1696770300","value":0.78338623046875},{"valueType":"DOUBLE","timestamp":"1696770240","value":0.783172607421875},{"valueType":"DOUBLE","timestamp":"1696770180","value":0.7830810546875},{"valueType":"DOUBLE","timestamp":"1696770120","value":0.7830810546875},{"valueType":"DOUBLE","timestamp":"1696770060","value":0.7830810546875},{"valueType":"DOUBLE","timestamp":"1696770000","value":0.7830810546875},{"valueType":"DOUBLE","timestamp":"1696769940","value":0.782989501953125},{"valueType":"DOUBLE","timestamp":"1696769880","value":0.7828369140625},{"valueType":"DOUBLE","timestamp":"1696769820","value":0.782684326171875},{"valueType":"DOUBLE","timestamp":"1696769760","value":0.782562255859375},{"valueType":"DOUBLE","timestamp":"1696769700","value":0.782470703125},{"valueType":"DOUBLE","timestamp":"1696769640","value":0.782440185546875},{"valueType":"DOUBLE","timestamp":"1696769580","value":0.782318115234375},{"valueType":"DOUBLE","timestamp":"1696769520","value":0.7821044921875},{"valueType":"DOUBLE","timestamp":"1696769460","value":0.782196044921875},{"valueType":"DOUBLE","timestamp":"1696769400","value":0.781982421875},{"valueType":"DOUBLE","timestamp":"1696769340","value":0.78192138671875},{"valueType":"DOUBLE","timestamp":"1696769280","value":0.7818603515625},{"valueType":"DOUBLE","timestamp":"1696769220","value":0.78179931640625},{"valueType":"DOUBLE","timestamp":"1696769160","value":0.7818603515625},{"valueType":"DOUBLE","timestamp":"1696769100","value":0.781829833984375},{"valueType":"DOUBLE","timestamp":"1696769040","value":0.7816162109375},{"valueType":"DOUBLE","timestamp":"1696768980","value":0.7816162109375},{"valueType":"DOUBLE","timestamp":"1696768920","value":0.781494140625},{"valueType":"DOUBLE","timestamp":"1696768860","value":0.781646728515625},{"valueType":"DOUBLE","timestamp":"1696768800","value":0.781494140625},{"valueType":"DOUBLE","timestamp":"1696768740","value":0.781341552734375},{"valueType":"DOUBLE","timestamp":"1696768680","value":0.78131103515625},{"valueType":"DOUBLE","timestamp":"1696768620","value":0.781219482421875},{"valueType":"DOUBLE","timestamp":"1696768560","value":0.78118896484375}]}