{"podName":"accounts-db-0","containerName":"accounts-db","nodeName":null,"metricType":"kubernetes.io/container/cpu/core_usage_time","metrics":[{"valueType":"DOUBLE","timestamp":"1696701862","value":3475.128511},{"valueType":"DOUBLE","timestamp":"1696701802","value":3474.956575},{"valueType":"DOUBLE","timestamp":"1696701742","value":3474.817555},{"valueType":"DOUBLE","timestamp":"1696701682","value":3474.65124},{"valueType":"DOUBLE","timestamp":"1696701622","value":3474.4891},{"valueType":"DOUBLE","timestamp":"1696701562","value":3474.326466},{"valueType":"DOUBLE","timestamp":"1696701502","value":3474.178266},{"valueType":"DOUBLE","timestamp":"1696701442","value":3474.047435},{"valueType":"DOUBLE","timestamp":"1696701382","value":3473.870339},{"valueType":"DOUBLE","timestamp":"1696701322","value":3473.699091},{"valueType":"DOUBLE","timestamp":"1696701262","value":3473.536004},{"valueType":"DOUBLE","timestamp":"1696701202","value":3473.386263},{"valueType":"DOUBLE","timestamp":"1696701142","value":3473.268189},{"valueType":"DOUBLE","timestamp":"1696701082","value":3473.064944},{"valueType":"DOUBLE","timestamp":"1696701022","value":3472.884961},{"valueType":"DOUBLE","timestamp":"1696700962","value":3472.743822},{"valueType":"DOUBLE","timestamp":"1696700902","value":3472.609182},{"valueType":"DOUBLE","timestamp":"1696700842","value":3472.444287},{"valueType":"DOUBLE","timestamp":"1696700782","value":3472.271205},{"valueType":"DOUBLE","timestamp":"1696700722","value":3472.083921},{"valueType":"DOUBLE","timestamp":"1696700662","value":3471.95825},{"valueType":"DOUBLE","timestamp":"1696700602","value":3471.798659},{"valueType":"DOUBLE","timestamp":"1696700542","value":3471.652322},{"valueType":"DOUBLE","timestamp":"1696700482","value":3471.50713},{"valueType":"DOUBLE","timestamp":"1696700422","value":3471.344559},{"valueType":"DOUBLE","timestamp":"1696700362","value":3471.205534},{"valueType":"DOUBLE","timestamp":"1696700302","value":3471.055506},{"valueType":"DOUBLE","timestamp":"1696700242","value":3470.920202},{"valueType":"DOUBLE","timestamp":"1696700182","value":3470.774265},{"valueType":"DOUBLE","timestamp":"1696700122","value":3470.593746},{"valueType":"DOUBLE","timestamp":"1696700062","value":3470.460073},{"valueType":"DOUBLE","timestamp":"1696700002","value":3470.322349},{"valueType":"DOUBLE","timestamp":"1696699942","value":3470.178704},{"valueType":"DOUBLE","timestamp":"1696699882","value":3469.963567},{"valueType":"DOUBLE","timestamp":"1696699822","value":3469.804738},{"valueType":"DOUBLE","timestamp":"1696699762","value":3469.645763},{"valueType":"DOUBLE","timestamp":"1696699702","value":3469.517687},{"valueType":"DOUBLE","timestamp":"1696699642","value":3469.37432},{"valueType":"DOUBLE","timestamp":"1696699582","value":3469.217084},{"valueType":"DOUBLE","timestamp":"1696699522","value":3469.024084},{"valueType":"DOUBLE","timestamp":"1696699462","value":3468.884884},{"valueType":"DOUBLE","timestamp":"1696699402","value":3468.753484},{"valueType":"DOUBLE","timestamp":"1696699342","value":3468.60457},{"valueType":"DOUBLE","timestamp":"1696699282","value":3468.427174},{"valueType":"DOUBLE","timestamp":"1696699222","value":3468.243354},{"valueType":"DOUBLE","timestamp":"1696699162","value":3468.055041},{"valueType":"DOUBLE","timestamp":"1696699102","value":3467.923672},{"valueType":"DOUBLE","timestamp":"1696699042","value":3467.782782},{"valueType":"DOUBLE","timestamp":"1696698982","value":3467.629433},{"valueType":"DOUBLE","timestamp":"1696698922","value":3467.44323},{"valueType":"DOUBLE","timestamp":"1696698862","value":3467.286755},{"valueType":"DOUBLE","timestamp":"1696698802","value":3467.151432},{"valueType":"DOUBLE","timestamp":"1696698742","value":3466.995757},{"valueType":"DOUBLE","timestamp":"1696698682","value":3466.792067},{"valueType":"DOUBLE","timestamp":"1696698622","value":3466.671101},{"valueType":"DOUBLE","timestamp":"1696698562","value":3466.521719},{"valueType":"DOUBLE","timestamp":"1696698502","value":3466.380395},{"valueType":"DOUBLE","timestamp":"1696698442","value":3466.235429},{"valueType":"DOUBLE","timestamp":"1696698382","value":3466.056435},{"valueType":"DOUBLE","timestamp":"1696698322","value":3465.871126},{"valueType":"DOUBLE","timestamp":"1696698262","value":3465.727014},{"valueType":"DOUBLE","timestamp":"1696698202","value":3465.549464},{"valueType":"DOUBLE","timestamp":"1696698142","value":3465.422635},{"valueType":"DOUBLE","timestamp":"1696698082","value":3465.255863},{"valueType":"DOUBLE","timestamp":"1696698022","value":3465.071471},{"valueType":"DOUBLE","timestamp":"1696697962","value":3464.918985},{"valueType":"DOUBLE","timestamp":"1696697902","value":3464.778734},{"valueType":"DOUBLE","timestamp":"1696697842","value":3464.649074},{"valueType":"DOUBLE","timestamp":"1696697782","value":3464.485314},{"valueType":"DOUBLE","timestamp":"1696697722","value":3464.295122},{"valueType":"DOUBLE","timestamp":"1696697662","value":3464.141731},{"valueType":"DOUBLE","timestamp":"1696697602","value":3464.02288},{"valueType":"DOUBLE","timestamp":"1696697542","value":3463.888768},{"valueType":"DOUBLE","timestamp":"1696697482","value":3463.698716},{"valueType":"DOUBLE","timestamp":"1696697422","value":3463.522116},{"valueType":"DOUBLE","timestamp":"1696697362","value":3463.369536},{"valueType":"DOUBLE","timestamp":"1696697302","value":3463.225566},{"valueType":"DOUBLE","timestamp":"1696697242","value":3463.08636},{"valueType":"DOUBLE","timestamp":"1696697182","value":3462.912394},{"valueType":"DOUBLE","timestamp":"1696697122","value":3462.741631},{"valueType":"DOUBLE","timestamp":"1696697062","value":3462.622067},{"valueType":"DOUBLE","timestamp":"1696697002","value":3462.453429},{"valueType":"DOUBLE","timestamp":"1696696942","value":3462.320914},{"valueType":"DOUBLE","timestamp":"1696696882","value":3462.126477},{"valueType":"DOUBLE","timestamp":"1696696822","value":3461.996066},{"valueType":"DOUBLE","timestamp":"1696696762","value":3461.831929},{"valueType":"DOUBLE","timestamp":"1696696702","value":3461.670967},{"valueType":"DOUBLE","timestamp":"1696696642","value":3461.546238},{"valueType":"DOUBLE","timestamp":"1696696582","value":3461.349683},{"valueType":"DOUBLE","timestamp":"1696696522","value":3461.194894},{"valueType":"DOUBLE","timestamp":"1696696462","value":3461.033496},{"valueType":"DOUBLE","timestamp":"1696696402","value":3460.907948},{"valueType":"DOUBLE","timestamp":"1696696342","value":3460.753198},{"valueType":"DOUBLE","timestamp":"1696696282","value":3460.570993},{"valueType":"DOUBLE","timestamp":"1696696222","value":3460.421074},{"valueType":"DOUBLE","timestamp":"1696696162","value":3460.241452},{"valueType":"DOUBLE","timestamp":"1696696102","value":3460.100091},{"valueType":"DOUBLE","timestamp":"1696696042","value":3459.954967},{"valueType":"DOUBLE","timestamp":"1696695982","value":3459.745892},{"valueType":"DOUBLE","timestamp":"1696695922","value":3459.571959},{"valueType":"DOUBLE","timestamp":"1696695862","value":3459.438125},{"valueType":"DOUBLE","timestamp":"1696695802","value":3459.312889},{"valueType":"DOUBLE","timestamp":"1696695742","value":3459.181503},{"valueType":"DOUBLE","timestamp":"1696695682","value":3458.994304},{"valueType":"DOUBLE","timestamp":"1696695622","value":3458.801675},{"valueType":"DOUBLE","timestamp":"1696695562","value":3458.645129},{"valueType":"DOUBLE","timestamp":"1696695502","value":3458.506992},{"valueType":"DOUBLE","timestamp":"1696695442","value":3458.356872},{"valueType":"DOUBLE","timestamp":"1696695382","value":3458.170788},{"valueType":"DOUBLE","timestamp":"1696695322","value":3457.985741},{"valueType":"DOUBLE","timestamp":"1696695262","value":3457.862275},{"valueType":"DOUBLE","timestamp":"1696695202","value":3457.731266},{"valueType":"DOUBLE","timestamp":"1696695142","value":3457.553061},{"valueType":"DOUBLE","timestamp":"1696695082","value":3457.3511},{"valueType":"DOUBLE","timestamp":"1696695022","value":3457.205532},{"valueType":"DOUBLE","timestamp":"1696694962","value":3457.043552},{"valueType":"DOUBLE","timestamp":"1696694902","value":3456.900194},{"valueType":"DOUBLE","timestamp":"1696694842","value":3456.75734},{"valueType":"DOUBLE","timestamp":"1696694782","value":3456.568295},{"valueType":"DOUBLE","timestamp":"1696694722","value":3456.397623},{"valueType":"DOUBLE","timestamp":"1696694662","value":3456.231636},{"valueType":"DOUBLE","timestamp":"1696694602","value":3456.095238},{"valueType":"DOUBLE","timestamp":"1696694542","value":3455.958694},{"valueType":"DOUBLE","timestamp":"1696694482","value":3455.782664},{"valueType":"DOUBLE","timestamp":"1696694422","value":3455.606032},{"valueType":"DOUBLE","timestamp":"1696694362","value":3455.451209},{"valueType":"DOUBLE","timestamp":"1696694302","value":3455.328717},{"valueType":"DOUBLE","timestamp":"1696694242","value":3455.195906},{"valueType":"DOUBLE","timestamp":"1696694182","value":3455.030241},{"valueType":"DOUBLE","timestamp":"1696694122","value":3454.87614},{"valueType":"DOUBLE","timestamp":"1696694062","value":3454.747476},{"valueType":"DOUBLE","timestamp":"1696694002","value":3454.603379},{"valueType":"DOUBLE","timestamp":"1696693942","value":3454.445257},{"valueType":"DOUBLE","timestamp":"1696693882","value":3454.264511},{"valueType":"DOUBLE","timestamp":"1696693822","value":3454.104419},{"valueType":"DOUBLE","timestamp":"1696693762","value":3453.958967},{"valueType":"DOUBLE","timestamp":"1696693702","value":3453.821627},{"valueType":"DOUBLE","timestamp":"1696693642","value":3453.657299},{"valueType":"DOUBLE","timestamp":"1696693582","value":3453.48623},{"valueType":"DOUBLE","timestamp":"1696693522","value":3453.324855},{"valueType":"DOUBLE","timestamp":"1696693462","value":3453.154753},{"valueType":"DOUBLE","timestamp":"1696693402","value":3453.027242},{"valueType":"DOUBLE","timestamp":"1696693342","value":3452.867439},{"valueType":"DOUBLE","timestamp":"1696693282","value":3452.675246},{"valueType":"DOUBLE","timestamp":"1696693222","value":3452.520303},{"valueType":"DOUBLE","timestamp":"1696693162","value":3452.358103},{"valueType":"DOUBLE","timestamp":"1696693102","value":3452.234043},{"valueType":"DOUBLE","timestamp":"1696693042","value":3452.074334},{"valueType":"DOUBLE","timestamp":"1696692982","value":3451.950367},{"valueType":"DOUBLE","timestamp":"1696692922","value":3451.794765},{"valueType":"DOUBLE","timestamp":"1696692862","value":3451.766107},{"valueType":"DOUBLE","timestamp":"1696692802","value":3451.748087},{"valueType":"DOUBLE","timestamp":"1696692742","value":3451.728988},{"valueType":"DOUBLE","timestamp":"1696692682","value":3451.710807},{"valueType":"DOUBLE","timestamp":"1696692622","value":3451.692771},{"valueType":"DOUBLE","timestamp":"1696692562","value":3451.674564},{"valueType":"DOUBLE","timestamp":"1696692502","value":3451.656259},{"valueType":"DOUBLE","timestamp":"1696692442","value":3451.638313},{"valueType":"DOUBLE","timestamp":"1696692382","value":3451.617785},{"valueType":"DOUBLE","timestamp":"1696692322","value":3451.575217},{"valueType":"DOUBLE","timestamp":"1696692262","value":3451.451303},{"valueType":"DOUBLE","timestamp":"1696692202","value":3451.300588},{"valueType":"DOUBLE","timestamp":"1696692142","value":3451.243577},{"valueType":"DOUBLE","timestamp":"1696692082","value":3451.225327},{"valueType":"DOUBLE","timestamp":"1696692022","value":3451.206251},{"valueType":"DOUBLE","timestamp":"1696691962","value":3451.186314},{"valueType":"DOUBLE","timestamp":"1696691902","value":3451.167572},{"valueType":"DOUBLE","timestamp":"1696691842","value":3451.149424},{"valueType":"DOUBLE","timestamp":"1696691782","value":3451.130777},{"valueType":"DOUBLE","timestamp":"1696691722","value":3451.112159},{"valueType":"DOUBLE","timestamp":"1696691662","value":3451.092169},{"valueType":"DOUBLE","timestamp":"1696691602","value":3451.072289},{"valueType":"DOUBLE","timestamp":"1696691542","value":3451.053582},{"valueType":"DOUBLE","timestamp":"1696691482","value":3451.035682},{"valueType":"DOUBLE","timestamp":"1696691422","value":3451.017322},{"valueType":"DOUBLE","timestamp":"1696691362","value":3450.998876},{"valueType":"DOUBLE","timestamp":"1696691302","value":3450.986955},{"valueType":"DOUBLE","timestamp":"1696691242","value":3450.961387},{"valueType":"DOUBLE","timestamp":"1696691182","value":3450.942677},{"valueType":"DOUBLE","timestamp":"1696691122","value":3450.925197},{"valueType":"DOUBLE","timestamp":"1696691062","value":3450.906735},{"valueType":"DOUBLE","timestamp":"1696691002","value":3450.888884},{"valueType":"DOUBLE","timestamp":"1696690942","value":3450.869478},{"valueType":"DOUBLE","timestamp":"1696690882","value":3450.851065},{"valueType":"DOUBLE","timestamp":"1696690822","value":3450.832134},{"valueType":"DOUBLE","timestamp":"1696690762","value":3450.813768},{"valueType":"DOUBLE","timestamp":"1696690702","value":3450.795046},{"valueType":"DOUBLE","timestamp":"1696690642","value":3450.77688},{"valueType":"DOUBLE","timestamp":"1696690582","value":3450.758557},{"valueType":"DOUBLE","timestamp":"1696690522","value":3450.740644},{"valueType":"DOUBLE","timestamp":"1696690462","value":3450.721715},{"valueType":"DOUBLE","timestamp":"1696690402","value":3450.703559},{"valueType":"DOUBLE","timestamp":"1696690342","value":3450.685201},{"valueType":"DOUBLE","timestamp":"1696690282","value":3450.672814},{"valueType":"DOUBLE","timestamp":"1696690222","value":3450.647788},{"valueType":"DOUBLE","timestamp":"1696690162","value":3450.628735},{"valueType":"DOUBLE","timestamp":"1696690102","value":3450.610722},{"valueType":"DOUBLE","timestamp":"1696690042","value":3450.592201},{"valueType":"DOUBLE","timestamp":"1696689982","value":3450.572782},{"valueType":"DOUBLE","timestamp":"1696689922","value":3450.55079},{"valueType":"DOUBLE","timestamp":"1696689862","value":3450.533195},{"valueType":"DOUBLE","timestamp":"1696689802","value":3450.515164},{"valueType":"DOUBLE","timestamp":"1696689742","value":3450.495905},{"valueType":"DOUBLE","timestamp":"1696689682","value":3450.478145},{"valueType":"DOUBLE","timestamp":"1696689622","value":3450.458604},{"valueType":"DOUBLE","timestamp":"1696689562","value":3450.440634},{"valueType":"DOUBLE","timestamp":"1696689502","value":3450.422852},{"valueType":"DOUBLE","timestamp":"1696689442","value":3450.410538},{"valueType":"DOUBLE","timestamp":"1696689382","value":3450.386894},{"valueType":"DOUBLE","timestamp":"1696689322","value":3450.367854},{"valueType":"DOUBLE","timestamp":"1696689262","value":3450.349637},{"valueType":"DOUBLE","timestamp":"1696689202","value":3450.331896},{"valueType":"DOUBLE","timestamp":"1696689142","value":3450.319366},{"valueType":"DOUBLE","timestamp":"1696689082","value":3450.299391},{"valueType":"DOUBLE","timestamp":"1696689022","value":3450.275155},{"valueType":"DOUBLE","timestamp":"1696688962","value":3450.257396},{"valueType":"DOUBLE","timestamp":"1696688902","value":3450.23895},{"valueType":"DOUBLE","timestamp":"1696688842","value":3450.22048},{"valueType":"DOUBLE","timestamp":"1696688782","value":3450.201998},{"valueType":"DOUBLE","timestamp":"1696688722","value":3450.183666},{"valueType":"DOUBLE","timestamp":"1696688662","value":3450.16534},{"valueType":"DOUBLE","timestamp":"1696688602","value":3450.146961},{"valueType":"DOUBLE","timestamp":"1696688542","value":3450.127317},{"valueType":"DOUBLE","timestamp":"1696688482","value":3450.109123},{"valueType":"DOUBLE","timestamp":"1696688422","value":3450.096315},{"valueType":"DOUBLE","timestamp":"1696688362","value":3450.072558},{"valueType":"DOUBLE","timestamp":"1696688302","value":3450.059531},{"valueType":"DOUBLE","timestamp":"1696688242","value":3450.034372},{"valueType":"DOUBLE","timestamp":"1696688182","value":3450.01485},{"valueType":"DOUBLE","timestamp":"1696688122","value":3449.996446},{"valueType":"DOUBLE","timestamp":"1696688062","value":3449.977862},{"valueType":"DOUBLE","timestamp":"1696688002","value":3449.95932},{"valueType":"DOUBLE","timestamp":"1696687942","value":3449.946195},{"valueType":"DOUBLE","timestamp":"1696687882","value":3449.92814},{"valueType":"DOUBLE","timestamp":"1696687822","value":3449.90367},{"valueType":"DOUBLE","timestamp":"1696687762","value":3449.89101},{"valueType":"DOUBLE","timestamp":"1696687702","value":3449.866691},{"valueType":"DOUBLE","timestamp":"1696687642","value":3449.848174},{"valueType":"DOUBLE","timestamp":"1696687582","value":3449.829884},{"valueType":"DOUBLE","timestamp":"1696687522","value":3449.81763},{"valueType":"DOUBLE","timestamp":"1696687462","value":3449.794135},{"valueType":"DOUBLE","timestamp":"1696687402","value":3449.776219},{"valueType":"DOUBLE","timestamp":"1696687342","value":3449.76404},{"valueType":"DOUBLE","timestamp":"1696687282","value":3449.739644},{"valueType":"DOUBLE","timestamp":"1696687222","value":3449.721261},{"valueType":"DOUBLE","timestamp":"1696687162","value":3449.702755},{"valueType":"DOUBLE","timestamp":"1696687102","value":3449.683538},{"valueType":"DOUBLE","timestamp":"1696687042","value":3449.664404},{"valueType":"DOUBLE","timestamp":"1696686982","value":3449.65184},{"valueType":"DOUBLE","timestamp":"1696686922","value":3449.626572},{"valueType":"DOUBLE","timestamp":"1696686862","value":3449.608891},{"valueType":"DOUBLE","timestamp":"1696686802","value":3449.590175},{"valueType":"DOUBLE","timestamp":"1696686742","value":3449.572033},{"valueType":"DOUBLE","timestamp":"1696686682","value":3449.554224},{"valueType":"DOUBLE","timestamp":"1696686622","value":3449.53376},{"valueType":"DOUBLE","timestamp":"1696686562","value":3449.521716},{"valueType":"DOUBLE","timestamp":"1696686502","value":3449.497271},{"valueType":"DOUBLE","timestamp":"1696686442","value":3449.479344},{"valueType":"DOUBLE","timestamp":"1696686382","value":3449.458544},{"valueType":"DOUBLE","timestamp":"1696686322","value":3449.41928},{"valueType":"DOUBLE","timestamp":"1696686262","value":3449.354111},{"valueType":"DOUBLE","timestamp":"1696686202","value":3449.243834},{"valueType":"DOUBLE","timestamp":"1696686142","value":3449.1993},{"valueType":"DOUBLE","timestamp":"1696686082","value":3449.165112},{"valueType":"DOUBLE","timestamp":"1696686022","value":3449.130497},{"valueType":"DOUBLE","timestamp":"1696685962","value":3449.112717},{"valueType":"DOUBLE","timestamp":"1696685902","value":3449.049031},{"valueType":"DOUBLE","timestamp":"1696685842","value":3448.848717},{"valueType":"DOUBLE","timestamp":"1696685782","value":3448.720466},{"valueType":"DOUBLE","timestamp":"1696685722","value":3448.540345},{"valueType":"DOUBLE","timestamp":"1696685662","value":3448.421771},{"valueType":"DOUBLE","timestamp":"1696685602","value":3448.27253},{"valueType":"DOUBLE","timestamp":"1696685542","value":3448.166693},{"valueType":"DOUBLE","timestamp":"1696685482","value":3448.103168},{"valueType":"DOUBLE","timestamp":"1696685422","value":3448.083931},{"valueType":"DOUBLE","timestamp":"1696685362","value":3448.071236},{"valueType":"DOUBLE","timestamp":"1696685302","value":3448.052307},{"valueType":"DOUBLE","timestamp":"1696685242","value":3448.028608},{"valueType":"DOUBLE","timestamp":"1696685182","value":3448.010593},{"valueType":"DOUBLE","timestamp":"1696685122","value":3447.997814},{"valueType":"DOUBLE","timestamp":"1696685062","value":3447.972518},{"valueType":"DOUBLE","timestamp":"1696685002","value":3447.960553},{"valueType":"DOUBLE","timestamp":"1696684942","value":3447.936683},{"valueType":"DOUBLE","timestamp":"1696684882","value":3447.924469},{"valueType":"DOUBLE","timestamp":"1696684822","value":3447.90059},{"valueType":"DOUBLE","timestamp":"1696684762","value":3447.882641},{"valueType":"DOUBLE","timestamp":"1696684702","value":3447.870584},{"valueType":"DOUBLE","timestamp":"1696684642","value":3447.845815},{"valueType":"DOUBLE","timestamp":"1696684582","value":3447.826656},{"valueType":"DOUBLE","timestamp":"1696684522","value":3447.806707},{"valueType":"DOUBLE","timestamp":"1696684462","value":3447.781623},{"valueType":"DOUBLE","timestamp":"1696684402","value":3447.763956},{"valueType":"DOUBLE","timestamp":"1696684342","value":3447.75115},{"valueType":"DOUBLE","timestamp":"1696684282","value":3447.727659},{"valueType":"DOUBLE","timestamp":"1696684222","value":3447.714927},{"valueType":"DOUBLE","timestamp":"1696684162","value":3447.690382},{"valueType":"DOUBLE","timestamp":"1696684102","value":3447.671489},{"valueType":"DOUBLE","timestamp":"1696684042","value":3447.652698},{"valueType":"DOUBLE","timestamp":"1696683982","value":3447.633935},{"valueType":"DOUBLE","timestamp":"1696683922","value":3447.614876},{"valueType":"DOUBLE","timestamp":"1696683862","value":3447.59676},{"valueType":"DOUBLE","timestamp":"1696683802","value":3447.583995},{"valueType":"DOUBLE","timestamp":"1696683742","value":3447.560242},{"valueType":"DOUBLE","timestamp":"1696683682","value":3447.521947},{"valueType":"DOUBLE","timestamp":"1696683622","value":3447.471944},{"valueType":"DOUBLE","timestamp":"1696683562","value":3447.446617},{"valueType":"DOUBLE","timestamp":"1696683502","value":3447.419624},{"valueType":"DOUBLE","timestamp":"1696683442","value":3447.150751},{"valueType":"DOUBLE","timestamp":"1696683382","value":3446.849977},{"valueType":"DOUBLE","timestamp":"1696683322","value":3446.538675},{"valueType":"DOUBLE","timestamp":"1696683262","value":3446.202381},{"valueType":"DOUBLE","timestamp":"1696683202","value":3445.928187},{"valueType":"DOUBLE","timestamp":"1696683142","value":3445.591495},{"valueType":"DOUBLE","timestamp":"1696683082","value":3445.3053},{"valueType":"DOUBLE","timestamp":"1696683022","value":3444.951227},{"valueType":"DOUBLE","timestamp":"1696682962","value":3444.669758},{"valueType":"DOUBLE","timestamp":"1696682902","value":3444.374386},{"valueType":"DOUBLE","timestamp":"1696682842","value":3444.082819},{"valueType":"DOUBLE","timestamp":"1696682782","value":3443.749466},{"valueType":"DOUBLE","timestamp":"1696682722","value":3443.459818},{"valueType":"DOUBLE","timestamp":"1696682662","value":3443.136634},{"valueType":"DOUBLE","timestamp":"1696682602","value":3442.902931},{"valueType":"DOUBLE","timestamp":"1696682542","value":3442.882253},{"valueType":"DOUBLE","timestamp":"1696682482","value":3442.868798},{"valueType":"DOUBLE","timestamp":"1696682422","value":3442.84933},{"valueType":"DOUBLE","timestamp":"1696682362","value":3442.827913},{"valueType":"DOUBLE","timestamp":"1696682302","value":3442.801954},{"valueType":"DOUBLE","timestamp":"1696682242","value":3442.781282},{"valueType":"DOUBLE","timestamp":"1696682182","value":3442.759703},{"valueType":"DOUBLE","timestamp":"1696682122","value":3442.73256},{"valueType":"DOUBLE","timestamp":"1696682062","value":3442.710623},{"valueType":"DOUBLE","timestamp":"1696682002","value":3442.69185},{"valueType":"DOUBLE","timestamp":"1696681942","value":3442.672286},{"valueType":"DOUBLE","timestamp":"1696681882","value":3442.649253},{"valueType":"DOUBLE","timestamp":"1696681822","value":3442.500495},{"valueType":"DOUBLE","timestamp":"1696681762","value":3442.391077},{"valueType":"DOUBLE","timestamp":"1696681702","value":3442.30329},{"valueType":"DOUBLE","timestamp":"1696681642","value":3442.176049},{"valueType":"DOUBLE","timestamp":"1696681582","value":3442.054542},{"valueType":"DOUBLE","timestamp":"1696681522","value":3441.950746},{"valueType":"DOUBLE","timestamp":"1696681462","value":3441.823996},{"valueType":"DOUBLE","timestamp":"1696681402","value":3441.733754},{"valueType":"DOUBLE","timestamp":"1696681342","value":3441.588502},{"valueType":"DOUBLE","timestamp":"1696681282","value":3441.431536},{"valueType":"DOUBLE","timestamp":"1696681222","value":3441.301836},{"valueType":"DOUBLE","timestamp":"1696681162","value":3441.118156},{"valueType":"DOUBLE","timestamp":"1696681102","value":3440.970258},{"valueType":"DOUBLE","timestamp":"1696681042","value":3440.764258},{"valueType":"DOUBLE","timestamp":"1696680982","value":3440.518682},{"valueType":"DOUBLE","timestamp":"1696680922","value":3440.330314},{"valueType":"DOUBLE","timestamp":"1696680862","value":3440.184439},{"valueType":"DOUBLE","timestamp":"1696680802","value":3440.001351},{"valueType":"DOUBLE","timestamp":"1696680742","value":3439.82225},{"valueType":"DOUBLE","timestamp":"1696680682","value":3439.561265},{"valueType":"DOUBLE","timestamp":"1696680622","value":3439.384152},{"valueType":"DOUBLE","timestamp":"1696680562","value":3439.190862},{"valueType":"DOUBLE","timestamp":"1696680502","value":3439.000657},{"valueType":"DOUBLE","timestamp":"1696680442","value":3438.819671},{"valueType":"DOUBLE","timestamp":"1696680382","value":3438.57157},{"valueType":"DOUBLE","timestamp":"1696680322","value":3438.422491},{"valueType":"DOUBLE","timestamp":"1696680262","value":3438.219703},{"valueType":"DOUBLE","timestamp":"1696680202","value":3438.065463},{"valueType":"DOUBLE","timestamp":"1696680142","value":3437.854113},{"valueType":"DOUBLE","timestamp":"1696680082","value":3437.658048},{"valueType":"DOUBLE","timestamp":"1696680022","value":3437.45182},{"valueType":"DOUBLE","timestamp":"1696679962","value":3437.254904},{"valueType":"DOUBLE","timestamp":"1696679902","value":3437.116373},{"valueType":"DOUBLE","timestamp":"1696679842","value":3436.871406},{"valueType":"DOUBLE","timestamp":"1696679782","value":3436.687306},{"valueType":"DOUBLE","timestamp":"1696679722","value":3436.479365},{"valueType":"DOUBLE","timestamp":"1696679662","value":3436.316293},{"valueType":"DOUBLE","timestamp":"1696679602","value":3436.152703},{"valueType":"DOUBLE","timestamp":"1696679542","value":3435.941808},{"valueType":"DOUBLE","timestamp":"1696679482","value":3435.719826},{"valueType":"DOUBLE","timestamp":"1696679422","value":3435.567092},{"valueType":"DOUBLE","timestamp":"1696679362","value":3435.412955},{"valueType":"DOUBLE","timestamp":"1696679302","value":3435.184258},{"valueType":"DOUBLE","timestamp":"1696679242","value":3435.047813},{"valueType":"DOUBLE","timestamp":"1696679182","value":3434.787641},{"valueType":"DOUBLE","timestamp":"1696679122","value":3434.618056},{"valueType":"DOUBLE","timestamp":"1696679062","value":3434.448515},{"valueType":"DOUBLE","timestamp":"1696679002","value":3434.26003},{"valueType":"DOUBLE","timestamp":"1696678942","value":3434.072147},{"valueType":"DOUBLE","timestamp":"1696678882","value":3433.882751},{"valueType":"DOUBLE","timestamp":"1696678822","value":3433.700099},{"valueType":"DOUBLE","timestamp":"1696678762","value":3433.515986},{"valueType":"DOUBLE","timestamp":"1696678702","value":3433.340953},{"valueType":"DOUBLE","timestamp":"1696678642","value":3433.160051},{"valueType":"DOUBLE","timestamp":"1696678582","value":3432.922753},{"valueType":"DOUBLE","timestamp":"1696678522","value":3432.725799},{"valueType":"DOUBLE","timestamp":"1696678462","value":3432.573458},{"valueType":"DOUBLE","timestamp":"1696678402","value":3432.41077},{"valueType":"DOUBLE","timestamp":"1696678342","value":3432.192471},{"valueType":"DOUBLE","timestamp":"1696678282","value":3431.965616},{"valueType":"DOUBLE","timestamp":"1696678222","value":3431.805153},{"valueType":"DOUBLE","timestamp":"1696678162","value":3431.607686},{"valueType":"DOUBLE","timestamp":"1696678102","value":3431.440522},{"valueType":"DOUBLE","timestamp":"1696678042","value":3431.266196},{"valueType":"DOUBLE","timestamp":"1696677982","value":3431.017461},{"valueType":"DOUBLE","timestamp":"1696677922","value":3430.819741},{"valueType":"DOUBLE","timestamp":"1696677862","value":3430.658684},{"valueType":"DOUBLE","timestamp":"1696677802","value":3430.492268},{"valueType":"DOUBLE","timestamp":"1696677742","value":3430.281995},{"valueType":"DOUBLE","timestamp":"1696677682","value":3430.096472},{"valueType":"DOUBLE","timestamp":"1696677622","value":3429.880972},{"valueType":"DOUBLE","timestamp":"1696677562","value":3429.710798},{"valueType":"DOUBLE","timestamp":"1696677502","value":3429.52959},{"valueType":"DOUBLE","timestamp":"1696677442","value":3429.32409},{"valueType":"DOUBLE","timestamp":"1696677382","value":3429.094141},{"valueType":"DOUBLE","timestamp":"1696677322","value":3428.92613},{"valueType":"DOUBLE","timestamp":"1696677262","value":3428.771986},{"valueType":"DOUBLE","timestamp":"1696677202","value":3428.598545},{"valueType":"DOUBLE","timestamp":"1696677142","value":3428.42023},{"valueType":"DOUBLE","timestamp":"1696677082","value":3428.182669},{"valueType":"DOUBLE","timestamp":"1696677022","value":3428.003691},{"valueType":"DOUBLE","timestamp":"1696676962","value":3427.808631},{"valueType":"DOUBLE","timestamp":"1696676902","value":3427.639601},{"valueType":"DOUBLE","timestamp":"1696676842","value":3427.433842},{"valueType":"DOUBLE","timestamp":"1696676782","value":3427.177687},{"valueType":"DOUBLE","timestamp":"1696676722","value":3427.030765},{"valueType":"DOUBLE","timestamp":"1696676662","value":3426.368177},{"valueType":"DOUBLE","timestamp":"1696676602","value":3426.172778},{"valueType":"DOUBLE","timestamp":"1696676542","value":3425.993594},{"valueType":"DOUBLE","timestamp":"1696676482","value":3425.73176},{"valueType":"DOUBLE","timestamp":"1696676422","value":3425.583427},{"valueType":"DOUBLE","timestamp":"1696676362","value":3425.393397},{"valueType":"DOUBLE","timestamp":"1696676302","value":3425.214154},{"valueType":"DOUBLE","timestamp":"1696676242","value":3425.054785},{"valueType":"DOUBLE","timestamp":"1696676182","value":3424.795622},{"valueType":"DOUBLE","timestamp":"1696676122","value":3424.612751},{"valueType":"DOUBLE","timestamp":"1696676062","value":3424.448089},{"valueType":"DOUBLE","timestamp":"1696676002","value":3424.278688},{"valueType":"DOUBLE","timestamp":"1696675942","value":3424.111628},{"valueType":"DOUBLE","timestamp":"1696675882","value":3423.832628},{"valueType":"DOUBLE","timestamp":"1696675822","value":3423.648845},{"valueType":"DOUBLE","timestamp":"1696675762","value":3423.497687},{"valueType":"DOUBLE","timestamp":"1696675702","value":3423.352959},{"valueType":"DOUBLE","timestamp":"1696675642","value":3423.156981},{"valueType":"DOUBLE","timestamp":"1696675582","value":3422.933411},{"valueType":"DOUBLE","timestamp":"1696675522","value":3422.707143},{"valueType":"DOUBLE","timestamp":"1696675462","value":3422.557722},{"valueType":"DOUBLE","timestamp":"1696675402","value":3422.411925},{"valueType":"DOUBLE","timestamp":"1696675342","value":3422.213154},{"valueType":"DOUBLE","timestamp":"1696675282","value":3421.96984},{"valueType":"DOUBLE","timestamp":"1696675222","value":3421.791268},{"valueType":"DOUBLE","timestamp":"1696675162","value":3421.626566},{"valueType":"DOUBLE","timestamp":"1696675102","value":3421.439273},{"valueType":"DOUBLE","timestamp":"1696675042","value":3421.260828},{"valueType":"DOUBLE","timestamp":"1696674982","value":3421.045227},{"valueType":"DOUBLE","timestamp":"1696674922","value":3420.827921},{"valueType":"DOUBLE","timestamp":"1696674862","value":3420.670438},{"valueType":"DOUBLE","timestamp":"1696674802","value":3420.519406},{"valueType":"DOUBLE","timestamp":"1696674742","value":3420.338779},{"valueType":"DOUBLE","timestamp":"1696674682","value":3420.110132},{"valueType":"DOUBLE","timestamp":"1696674622","value":3419.88208},{"valueType":"DOUBLE","timestamp":"1696674562","value":3419.709663},{"valueType":"DOUBLE","timestamp":"1696674502","value":3419.554223},{"valueType":"DOUBLE","timestamp":"1696674442","value":3419.372635},{"valueType":"DOUBLE","timestamp":"1696674382","value":3419.151598},{"valueType":"DOUBLE","timestamp":"1696674322","value":3418.921569},{"valueType":"DOUBLE","timestamp":"1696674262","value":3418.808761},{"valueType":"DOUBLE","timestamp":"1696674202","value":3418.622228},{"valueType":"DOUBLE","timestamp":"1696674142","value":3418.438948},{"valueType":"DOUBLE","timestamp":"1696674082","value":3418.184801},{"valueType":"DOUBLE","timestamp":"1696674022","value":3417.993972},{"valueType":"DOUBLE","timestamp":"1696673962","value":3417.832607},{"valueType":"DOUBLE","timestamp":"1696673902","value":3417.688959},{"valueType":"DOUBLE","timestamp":"1696673842","value":3417.459182},{"valueType":"DOUBLE","timestamp":"1696673782","value":3417.242979},{"valueType":"DOUBLE","timestamp":"1696673722","value":3417.072735},{"valueType":"DOUBLE","timestamp":"1696673662","value":3416.904231},{"valueType":"DOUBLE","timestamp":"1696673602","value":3416.711811},{"valueType":"DOUBLE","timestamp":"1696673542","value":3416.55842},{"valueType":"DOUBLE","timestamp":"1696673482","value":3416.283474},{"valueType":"DOUBLE","timestamp":"1696673422","value":3416.149429},{"valueType":"DOUBLE","timestamp":"1696673362","value":3415.933139},{"valueType":"DOUBLE","timestamp":"1696673302","value":3415.800935},{"valueType":"DOUBLE","timestamp":"1696673242","value":3415.619605},{"valueType":"DOUBLE","timestamp":"1696673182","value":3415.38586},{"valueType":"DOUBLE","timestamp":"1696673122","value":3415.180804},{"valueType":"DOUBLE","timestamp":"1696673062","value":3415.030969},{"valueType":"DOUBLE","timestamp":"1696673002","value":3414.867764},{"valueType":"DOUBLE","timestamp":"1696672942","value":3414.642391},{"valueType":"DOUBLE","timestamp":"1696672882","value":3414.455084},{"valueType":"DOUBLE","timestamp":"1696672822","value":3414.244998},{"valueType":"DOUBLE","timestamp":"1696672762","value":3414.059435},{"valueType":"DOUBLE","timestamp":"1696672702","value":3413.920854},{"valueType":"DOUBLE","timestamp":"1696672642","value":3413.722562},{"valueType":"DOUBLE","timestamp":"1696672582","value":3413.478501},{"valueType":"DOUBLE","timestamp":"1696672522","value":3413.277862},{"valueType":"DOUBLE","timestamp":"1696672462","value":3413.158202},{"valueType":"DOUBLE","timestamp":"1696672402","value":3412.963091},{"valueType":"DOUBLE","timestamp":"1696672342","value":3412.786048},{"valueType":"DOUBLE","timestamp":"1696672282","value":3412.560401},{"valueType":"DOUBLE","timestamp":"1696672222","value":3412.367064},{"valueType":"DOUBLE","timestamp":"1696672162","value":3412.189901},{"valueType":"DOUBLE","timestamp":"1696672102","value":3412.051965},{"valueType":"DOUBLE","timestamp":"1696672042","value":3411.876284},{"valueType":"DOUBLE","timestamp":"1696671982","value":3411.634596},{"valueType":"DOUBLE","timestamp":"1696671922","value":3411.43334},{"valueType":"DOUBLE","timestamp":"1696671862","value":3411.255468},{"valueType":"DOUBLE","timestamp":"1696671802","value":3411.112984},{"valueType":"DOUBLE","timestamp":"1696671742","value":3410.875898},{"valueType":"DOUBLE","timestamp":"1696671682","value":3410.674917},{"valueType":"DOUBLE","timestamp":"1696671622","value":3410.464632},{"valueType":"DOUBLE","timestamp":"1696671562","value":3410.275299},{"valueType":"DOUBLE","timestamp":"1696671502","value":3410.16032},{"valueType":"DOUBLE","timestamp":"1696671442","value":3409.950361},{"valueType":"DOUBLE","timestamp":"1696671382","value":3409.736945},{"valueType":"DOUBLE","timestamp":"1696671322","value":3409.519628},{"valueType":"DOUBLE","timestamp":"1696671262","value":3409.349571},{"valueType":"DOUBLE","timestamp":"1696671202","value":3409.152402},{"valueType":"DOUBLE","timestamp":"1696671142","value":3409.025109},{"valueType":"DOUBLE","timestamp":"1696671082","value":3408.767351},{"valueType":"DOUBLE","timestamp":"1696671022","value":3408.578706},{"valueType":"DOUBLE","timestamp":"1696670962","value":3408.443401},{"valueType":"DOUBLE","timestamp":"1696670902","value":3408.340393},{"valueType":"DOUBLE","timestamp":"1696670842","value":3408.211676},{"valueType":"DOUBLE","timestamp":"1696670782","value":3408.118705},{"valueType":"DOUBLE","timestamp":"1696670722","value":3408.003668},{"valueType":"DOUBLE","timestamp":"1696670662","value":3407.877505},{"valueType":"DOUBLE","timestamp":"1696670602","value":3407.778261},{"valueType":"DOUBLE","timestamp":"1696670542","value":3407.678542},{"valueType":"DOUBLE","timestamp":"1696670482","value":3407.529613},{"valueType":"DOUBLE","timestamp":"1696670422","value":3407.378933},{"valueType":"DOUBLE","timestamp":"1696670362","value":3407.298958},{"valueType":"DOUBLE","timestamp":"1696670302","value":3407.16503},{"valueType":"DOUBLE","timestamp":"1696670242","value":3407.050075},{"valueType":"DOUBLE","timestamp":"1696670182","value":3406.929633},{"valueType":"DOUBLE","timestamp":"1696670122","value":3406.780576},{"valueType":"DOUBLE","timestamp":"1696670062","value":3406.678414},{"valueType":"DOUBLE","timestamp":"1696670002","value":3406.546583},{"valueType":"DOUBLE","timestamp":"1696669942","value":3406.395223},{"valueType":"DOUBLE","timestamp":"1696669882","value":3406.130203},{"valueType":"DOUBLE","timestamp":"1696669822","value":3405.981364},{"valueType":"DOUBLE","timestamp":"1696669762","value":3405.806383},{"valueType":"DOUBLE","timestamp":"1696669702","value":3405.616695},{"valueType":"DOUBLE","timestamp":"1696669642","value":3405.483264},{"valueType":"DOUBLE","timestamp":"1696669582","value":3405.261513},{"valueType":"DOUBLE","timestamp":"1696669522","value":3405.012967},{"valueType":"DOUBLE","timestamp":"1696669462","value":3404.846687},{"valueType":"DOUBLE","timestamp":"1696669402","value":3404.730197},{"valueType":"DOUBLE","timestamp":"1696669342","value":3404.543173},{"valueType":"DOUBLE","timestamp":"1696669282","value":3404.275115},{"valueType":"DOUBLE","timestamp":"1696669222","value":3404.063629},{"valueType":"DOUBLE","timestamp":"1696669162","value":3403.896765},{"valueType":"DOUBLE","timestamp":"1696669102","value":3403.706292},{"valueType":"DOUBLE","timestamp":"1696669042","value":3403.554241},{"valueType":"DOUBLE","timestamp":"1696668982","value":3403.320207},{"valueType":"DOUBLE","timestamp":"1696668922","value":3403.117573},{"valueType":"DOUBLE","timestamp":"1696668862","value":3402.92756},{"valueType":"DOUBLE","timestamp":"1696668802","value":3402.716322},{"valueType":"DOUBLE","timestamp":"1696668742","value":3402.61224},{"valueType":"DOUBLE","timestamp":"1696668682","value":3402.478084},{"valueType":"DOUBLE","timestamp":"1696668622","value":3402.359952},{"valueType":"DOUBLE","timestamp":"1696668562","value":3402.228008},{"valueType":"DOUBLE","timestamp":"1696668502","value":3402.143723},{"valueType":"DOUBLE","timestamp":"1696668442","value":3402.029104},{"valueType":"DOUBLE","timestamp":"1696668382","value":3401.937338},{"valueType":"DOUBLE","timestamp":"1696668322","value":3401.813942},{"valueType":"DOUBLE","timestamp":"1696668262","value":3401.717352},{"valueType":"DOUBLE","timestamp":"1696668202","value":3401.605068},{"valueType":"DOUBLE","timestamp":"1696668142","value":3401.47139},{"valueType":"DOUBLE","timestamp":"1696668082","value":3401.360106},{"valueType":"DOUBLE","timestamp":"1696668022","value":3401.203495},{"valueType":"DOUBLE","timestamp":"1696667962","value":3401.07502},{"valueType":"DOUBLE","timestamp":"1696667902","value":3400.951894},{"valueType":"DOUBLE","timestamp":"1696667842","value":3400.844624},{"valueType":"DOUBLE","timestamp":"1696667782","value":3400.73371},{"valueType":"DOUBLE","timestamp":"1696667722","value":3400.570885},{"valueType":"DOUBLE","timestamp":"1696667662","value":3400.48614},{"valueType":"DOUBLE","timestamp":"1696667602","value":3400.347433},{"valueType":"DOUBLE","timestamp":"1696667542","value":3400.2281},{"valueType":"DOUBLE","timestamp":"1696667482","value":3400.117839},{"valueType":"DOUBLE","timestamp":"1696667422","value":3399.958335},{"valueType":"DOUBLE","timestamp":"1696667362","value":3399.830243},{"valueType":"DOUBLE","timestamp":"1696667302","value":3399.722697},{"valueType":"DOUBLE","timestamp":"1696667242","value":3399.620781},{"valueType":"DOUBLE","timestamp":"1696667182","value":3399.482882},{"valueType":"DOUBLE","timestamp":"1696667122","value":3399.345794},{"valueType":"DOUBLE","timestamp":"1696667062","value":3399.201021},{"valueType":"DOUBLE","timestamp":"1696667002","value":3399.11022},{"valueType":"DOUBLE","timestamp":"1696666942","value":3398.980392},{"valueType":"DOUBLE","timestamp":"1696666882","value":3398.867538},{"valueType":"DOUBLE","timestamp":"1696666822","value":3398.717137},{"valueType":"DOUBLE","timestamp":"1696666762","value":3398.60707},{"valueType":"DOUBLE","timestamp":"1696666702","value":3398.478624},{"valueType":"DOUBLE","timestamp":"1696666642","value":3398.36419},{"valueType":"DOUBLE","timestamp":"1696666582","value":3398.262113},{"valueType":"DOUBLE","timestamp":"1696666522","value":3398.132379},{"valueType":"DOUBLE","timestamp":"1696666462","value":3398.019606},{"valueType":"DOUBLE","timestamp":"1696666402","value":3397.90085},{"valueType":"DOUBLE","timestamp":"1696666342","value":3397.790301},{"valueType":"DOUBLE","timestamp":"1696666282","value":3397.654598},{"valueType":"DOUBLE","timestamp":"1696666222","value":3397.522312},{"valueType":"DOUBLE","timestamp":"1696666162","value":3397.428118},{"valueType":"DOUBLE","timestamp":"1696666102","value":3397.307279},{"valueType":"DOUBLE","timestamp":"1696666042","value":3397.177079},{"valueType":"DOUBLE","timestamp":"1696665982","value":3397.040262},{"valueType":"DOUBLE","timestamp":"1696665922","value":3396.917016},{"valueType":"DOUBLE","timestamp":"1696665862","value":3396.778519},{"valueType":"DOUBLE","timestamp":"1696665802","value":3396.67772},{"valueType":"DOUBLE","timestamp":"1696665742","value":3396.567945},{"valueType":"DOUBLE","timestamp":"1696665682","value":3396.439389},{"valueType":"DOUBLE","timestamp":"1696665622","value":3396.336185},{"valueType":"DOUBLE","timestamp":"1696665562","value":3396.236738},{"valueType":"DOUBLE","timestamp":"1696665502","value":3396.112546},{"valueType":"DOUBLE","timestamp":"1696665442","value":3396.01053},{"valueType":"DOUBLE","timestamp":"1696665382","value":3395.886577},{"valueType":"DOUBLE","timestamp":"1696665322","value":3395.766093},{"valueType":"DOUBLE","timestamp":"1696665262","value":3395.642257},{"valueType":"DOUBLE","timestamp":"1696665202","value":3395.520814},{"valueType":"DOUBLE","timestamp":"1696665142","value":3395.410557},{"valueType":"DOUBLE","timestamp":"1696665082","value":3395.279033},{"valueType":"DOUBLE","timestamp":"1696665022","value":3395.158202},{"valueType":"DOUBLE","timestamp":"1696664962","value":3395.05905},{"valueType":"DOUBLE","timestamp":"1696664902","value":3394.913488},{"valueType":"DOUBLE","timestamp":"1696664842","value":3394.819216},{"valueType":"DOUBLE","timestamp":"1696664782","value":3394.693921},{"valueType":"DOUBLE","timestamp":"1696664722","value":3394.546043},{"valueType":"DOUBLE","timestamp":"1696664662","value":3394.429403},{"valueType":"DOUBLE","timestamp":"1696664602","value":3394.317616},{"valueType":"DOUBLE","timestamp":"1696664542","value":3394.188505},{"valueType":"DOUBLE","timestamp":"1696664482","value":3394.07063},{"valueType":"DOUBLE","timestamp":"1696664422","value":3393.96735},{"valueType":"DOUBLE","timestamp":"1696664362","value":3393.884446},{"valueType":"DOUBLE","timestamp":"1696664302","value":3393.780906},{"valueType":"DOUBLE","timestamp":"1696664242","value":3393.636453},{"valueType":"DOUBLE","timestamp":"1696664182","value":3393.557764},{"valueType":"DOUBLE","timestamp":"1696664122","value":3393.418783},{"valueType":"DOUBLE","timestamp":"1696664062","value":3393.301796},{"valueType":"DOUBLE","timestamp":"1696664002","value":3393.197209},{"valueType":"DOUBLE","timestamp":"1696663942","value":3393.084523},{"valueType":"DOUBLE","timestamp":"1696663882","value":3392.946225},{"valueType":"DOUBLE","timestamp":"1696663822","value":3392.818916},{"valueType":"DOUBLE","timestamp":"1696663762","value":3392.702689},{"valueType":"DOUBLE","timestamp":"1696663702","value":3392.599798},{"valueType":"DOUBLE","timestamp":"1696663642","value":3392.476339},{"valueType":"DOUBLE","timestamp":"1696663582","value":3392.350152},{"valueType":"DOUBLE","timestamp":"1696663522","value":3392.223794},{"valueType":"DOUBLE","timestamp":"1696663462","value":3392.090943},{"valueType":"DOUBLE","timestamp":"1696663402","value":3391.966427},{"valueType":"DOUBLE","timestamp":"1696663342","value":3391.871568},{"valueType":"DOUBLE","timestamp":"1696663282","value":3391.751276},{"valueType":"DOUBLE","timestamp":"1696663222","value":3391.620199},{"valueType":"DOUBLE","timestamp":"1696663162","value":3391.45267},{"valueType":"DOUBLE","timestamp":"1696663102","value":3391.357437},{"valueType":"DOUBLE","timestamp":"1696663042","value":3391.227186},{"valueType":"DOUBLE","timestamp":"1696662982","value":3391.130347},{"valueType":"DOUBLE","timestamp":"1696662922","value":3391.007819},{"valueType":"DOUBLE","timestamp":"1696662862","value":3390.906799},{"valueType":"DOUBLE","timestamp":"1696662802","value":3390.758816},{"valueType":"DOUBLE","timestamp":"1696662742","value":3390.661422},{"valueType":"DOUBLE","timestamp":"1696662682","value":3390.574873},{"valueType":"DOUBLE","timestamp":"1696662622","value":3390.453446},{"valueType":"DOUBLE","timestamp":"1696662562","value":3390.331789},{"valueType":"DOUBLE","timestamp":"1696662502","value":3390.254214},{"valueType":"DOUBLE","timestamp":"1696662442","value":3390.102246},{"valueType":"DOUBLE","timestamp":"1696662382","value":3389.989905},{"valueType":"DOUBLE","timestamp":"1696662322","value":3389.86418},{"valueType":"DOUBLE","timestamp":"1696662262","value":3389.74439},{"valueType":"DOUBLE","timestamp":"1696662202","value":3389.605832},{"valueType":"DOUBLE","timestamp":"1696662142","value":3389.495666},{"valueType":"DOUBLE","timestamp":"1696662082","value":3389.3615},{"valueType":"DOUBLE","timestamp":"1696662022","value":3389.228898},{"valueType":"DOUBLE","timestamp":"1696661962","value":3389.111433},{"valueType":"DOUBLE","timestamp":"1696661902","value":3389.005613},{"valueType":"DOUBLE","timestamp":"1696661842","value":3388.866989},{"valueType":"DOUBLE","timestamp":"1696661782","value":3388.762726},{"valueType":"DOUBLE","timestamp":"1696661722","value":3388.610087},{"valueType":"DOUBLE","timestamp":"1696661662","value":3388.53595},{"valueType":"DOUBLE","timestamp":"1696661602","value":3388.409236},{"valueType":"DOUBLE","timestamp":"1696661542","value":3388.319954},{"valueType":"DOUBLE","timestamp":"1696661482","value":3388.168814},{"valueType":"DOUBLE","timestamp":"1696661422","value":3388.026468},{"valueType":"DOUBLE","timestamp":"1696661362","value":3387.916647},{"valueType":"DOUBLE","timestamp":"1696661302","value":3387.804438},{"valueType":"DOUBLE","timestamp":"1696661242","value":3387.686469},{"valueType":"DOUBLE","timestamp":"1696661182","value":3387.560509},{"valueType":"DOUBLE","timestamp":"1696661122","value":3387.408281},{"valueType":"DOUBLE","timestamp":"1696661062","value":3387.297818},{"valueType":"DOUBLE","timestamp":"1696661002","value":3387.161669},{"valueType":"DOUBLE","timestamp":"1696660942","value":3387.045374},{"valueType":"DOUBLE","timestamp":"1696660882","value":3386.91872},{"valueType":"DOUBLE","timestamp":"1696660822","value":3386.784332},{"valueType":"DOUBLE","timestamp":"1696660762","value":3386.619474},{"valueType":"DOUBLE","timestamp":"1696660702","value":3386.550722},{"valueType":"DOUBLE","timestamp":"1696660642","value":3386.429765},{"valueType":"DOUBLE","timestamp":"1696660582","value":3386.320088},{"valueType":"DOUBLE","timestamp":"1696660522","value":3386.202689},{"valueType":"DOUBLE","timestamp":"1696660462","value":3386.080952},{"valueType":"DOUBLE","timestamp":"1696660402","value":3385.956553},{"valueType":"DOUBLE","timestamp":"1696660342","value":3385.868384},{"valueType":"DOUBLE","timestamp":"1696660282","value":3385.758827},{"valueType":"DOUBLE","timestamp":"1696660222","value":3385.629185},{"valueType":"DOUBLE","timestamp":"1696660162","value":3385.527988},{"valueType":"DOUBLE","timestamp":"1696660102","value":3385.397253},{"valueType":"DOUBLE","timestamp":"1696660042","value":3385.273426},{"valueType":"DOUBLE","timestamp":"1696659982","value":3385.187469},{"valueType":"DOUBLE","timestamp":"1696659922","value":3385.038675},{"valueType":"DOUBLE","timestamp":"1696659862","value":3384.928594},{"valueType":"DOUBLE","timestamp":"1696659802","value":3384.824447},{"valueType":"DOUBLE","timestamp":"1696659742","value":3384.717285},{"valueType":"DOUBLE","timestamp":"1696659682","value":3384.59924},{"valueType":"DOUBLE","timestamp":"1696659622","value":3384.473961},{"valueType":"DOUBLE","timestamp":"1696659562","value":3384.37158},{"valueType":"DOUBLE","timestamp":"1696659502","value":3384.244543},{"valueType":"DOUBLE","timestamp":"1696659442","value":3384.130445},{"valueType":"DOUBLE","timestamp":"1696659382","value":3384.034248},{"valueType":"DOUBLE","timestamp":"1696659322","value":3383.892879},{"valueType":"DOUBLE","timestamp":"1696659262","value":3383.766253},{"valueType":"DOUBLE","timestamp":"1696659202","value":3383.648777},{"valueType":"DOUBLE","timestamp":"1696659142","value":3383.508921},{"valueType":"DOUBLE","timestamp":"1696659082","value":3383.399667},{"valueType":"DOUBLE","timestamp":"1696659022","value":3383.272578},{"valueType":"DOUBLE","timestamp":"1696658962","value":3383.165271},{"valueType":"DOUBLE","timestamp":"1696658902","value":3383.050929},{"valueType":"DOUBLE","timestamp":"1696658842","value":3382.922177},{"valueType":"DOUBLE","timestamp":"1696658782","value":3382.815934},{"valueType":"DOUBLE","timestamp":"1696658722","value":3382.676116},{"valueType":"DOUBLE","timestamp":"1696658662","value":3382.591747},{"valueType":"DOUBLE","timestamp":"1696658602","value":3382.472635},{"valueType":"DOUBLE","timestamp":"1696658542","value":3382.392462},{"valueType":"DOUBLE","timestamp":"1696658482","value":3382.270163},{"valueType":"DOUBLE","timestamp":"1696658422","value":3382.149493},{"valueType":"DOUBLE","timestamp":"1696658362","value":3382.057872},{"valueType":"DOUBLE","timestamp":"1696658302","value":3381.925032},{"valueType":"DOUBLE","timestamp":"1696658242","value":3381.819935},{"valueType":"DOUBLE","timestamp":"1696658182","value":3381.713861},{"valueType":"DOUBLE","timestamp":"1696658122","value":3381.611756},{"valueType":"DOUBLE","timestamp":"1696658062","value":3381.495862},{"valueType":"DOUBLE","timestamp":"1696658002","value":3381.369172},{"valueType":"DOUBLE","timestamp":"1696657942","value":3381.265402},{"valueType":"DOUBLE","timestamp":"1696657882","value":3381.149077},{"valueType":"DOUBLE","timestamp":"1696657822","value":3381.018275},{"valueType":"DOUBLE","timestamp":"1696657762","value":3380.91097},{"valueType":"DOUBLE","timestamp":"1696657702","value":3380.767381},{"valueType":"DOUBLE","timestamp":"1696657642","value":3380.647922},{"valueType":"DOUBLE","timestamp":"1696657582","value":3380.534251},{"valueType":"DOUBLE","timestamp":"1696657522","value":3380.407415},{"valueType":"DOUBLE","timestamp":"1696657462","value":3380.310736},{"valueType":"DOUBLE","timestamp":"1696657402","value":3380.167493},{"valueType":"DOUBLE","timestamp":"1696657342","value":3380.054927},{"valueType":"DOUBLE","timestamp":"1696657282","value":3379.944914},{"valueType":"DOUBLE","timestamp":"1696657222","value":3379.812465},{"valueType":"DOUBLE","timestamp":"1696657162","value":3379.706694},{"valueType":"DOUBLE","timestamp":"1696657102","value":3379.585355},{"valueType":"DOUBLE","timestamp":"1696657042","value":3379.480246},{"valueType":"DOUBLE","timestamp":"1696656982","value":3379.385263},{"valueType":"DOUBLE","timestamp":"1696656922","value":3379.235223},{"valueType":"DOUBLE","timestamp":"1696656862","value":3379.14449},{"valueType":"DOUBLE","timestamp":"1696656802","value":3379.018431},{"valueType":"DOUBLE","timestamp":"1696656742","value":3378.944141},{"valueType":"DOUBLE","timestamp":"1696656682","value":3378.825974},{"valueType":"DOUBLE","timestamp":"1696656622","value":3378.696066},{"valueType":"DOUBLE","timestamp":"1696656562","value":3378.585641},{"valueType":"DOUBLE","timestamp":"1696656502","value":3378.474202},{"valueType":"DOUBLE","timestamp":"1696656442","value":3378.374015},{"valueType":"DOUBLE","timestamp":"1696656382","value":3378.263964},{"valueType":"DOUBLE","timestamp":"1696656322","value":3378.125828},{"valueType":"DOUBLE","timestamp":"1696656262","value":3378.009986},{"valueType":"DOUBLE","timestamp":"1696656202","value":3377.909414},{"valueType":"DOUBLE","timestamp":"1696656142","value":3377.786466},{"valueType":"DOUBLE","timestamp":"1696656082","value":3377.671159},{"valueType":"DOUBLE","timestamp":"1696656022","value":3377.554862},{"valueType":"DOUBLE","timestamp":"1696655962","value":3377.449015},{"valueType":"DOUBLE","timestamp":"1696655902","value":3377.34374},{"valueType":"DOUBLE","timestamp":"1696655842","value":3377.231043},{"valueType":"DOUBLE","timestamp":"1696655782","value":3377.109145},{"valueType":"DOUBLE","timestamp":"1696655722","value":3376.991977},{"valueType":"DOUBLE","timestamp":"1696655662","value":3376.887668},{"valueType":"DOUBLE","timestamp":"1696655602","value":3376.784734},{"valueType":"DOUBLE","timestamp":"1696655542","value":3376.663909},{"valueType":"DOUBLE","timestamp":"1696655482","value":3376.535883},{"valueType":"DOUBLE","timestamp":"1696655422","value":3376.413948},{"valueType":"DOUBLE","timestamp":"1696655362","value":3376.303611},{"valueType":"DOUBLE","timestamp":"1696655302","value":3376.18258},{"valueType":"DOUBLE","timestamp":"1696655242","value":3376.083103},{"valueType":"DOUBLE","timestamp":"1696655182","value":3375.933258},{"valueType":"DOUBLE","timestamp":"1696655122","value":3375.791017},{"valueType":"DOUBLE","timestamp":"1696655062","value":3375.703285},{"valueType":"DOUBLE","timestamp":"1696655002","value":3375.579661},{"valueType":"DOUBLE","timestamp":"1696654942","value":3375.501799},{"valueType":"DOUBLE","timestamp":"1696654882","value":3375.371484},{"valueType":"DOUBLE","timestamp":"1696654822","value":3375.237571},{"valueType":"DOUBLE","timestamp":"1696654762","value":3375.108135},{"valueType":"DOUBLE","timestamp":"1696654702","value":3375.011383},{"valueType":"DOUBLE","timestamp":"1696654642","value":3374.891322},{"valueType":"DOUBLE","timestamp":"1696654582","value":3374.771297},{"valueType":"DOUBLE","timestamp":"1696654522","value":3374.649313},{"valueType":"DOUBLE","timestamp":"1696654462","value":3374.554745},{"valueType":"DOUBLE","timestamp":"1696654402","value":3374.446362},{"valueType":"DOUBLE","timestamp":"1696654342","value":3374.320118},{"valueType":"DOUBLE","timestamp":"1696654282","value":3374.231768},{"valueType":"DOUBLE","timestamp":"1696654222","value":3374.091053},{"valueType":"DOUBLE","timestamp":"1696654162","value":3373.984106},{"valueType":"DOUBLE","timestamp":"1696654102","value":3373.860883},{"valueType":"DOUBLE","timestamp":"1696654042","value":3373.746339},{"valueType":"DOUBLE","timestamp":"1696653982","value":3373.647221},{"valueType":"DOUBLE","timestamp":"1696653922","value":3373.516185},{"valueType":"DOUBLE","timestamp":"1696653862","value":3373.436579},{"valueType":"DOUBLE","timestamp":"1696653802","value":3373.330955},{"valueType":"DOUBLE","timestamp":"1696653742","value":3373.205437},{"valueType":"DOUBLE","timestamp":"1696653682","value":3373.092951},{"valueType":"DOUBLE","timestamp":"1696653622","value":3372.96373},{"valueType":"DOUBLE","timestamp":"1696653562","value":3372.841708},{"valueType":"DOUBLE","timestamp":"1696653502","value":3372.756061},{"valueType":"DOUBLE","timestamp":"1696653442","value":3372.641115},{"valueType":"DOUBLE","timestamp":"1696653382","value":3372.541769},{"valueType":"DOUBLE","timestamp":"1696653322","value":3372.428692},{"valueType":"DOUBLE","timestamp":"1696653262","value":3372.29935},{"valueType":"DOUBLE","timestamp":"1696653202","value":3372.171701},{"valueType":"DOUBLE","timestamp":"1696653142","value":3372.042241},{"valueType":"DOUBLE","timestamp":"1696653082","value":3371.951323},{"valueType":"DOUBLE","timestamp":"1696653022","value":3371.81629},{"valueType":"DOUBLE","timestamp":"1696652962","value":3371.703064},{"valueType":"DOUBLE","timestamp":"1696652902","value":3371.599591},{"valueType":"DOUBLE","timestamp":"1696652842","value":3371.508915},{"valueType":"DOUBLE","timestamp":"1696652782","value":3371.400036},{"valueType":"DOUBLE","timestamp":"1696652722","value":3371.247085},{"valueType":"DOUBLE","timestamp":"1696652662","value":3371.121323},{"valueType":"DOUBLE","timestamp":"1696652602","value":3371.033547},{"valueType":"DOUBLE","timestamp":"1696652542","value":3370.931702},{"valueType":"DOUBLE","timestamp":"1696652482","value":3370.810384},{"valueType":"DOUBLE","timestamp":"1696652422","value":3370.672203},{"valueType":"DOUBLE","timestamp":"1696652362","value":3370.538458},{"valueType":"DOUBLE","timestamp":"1696652302","value":3370.463874},{"valueType":"DOUBLE","timestamp":"1696652242","value":3370.353897},{"valueType":"DOUBLE","timestamp":"1696652182","value":3370.244122},{"valueType":"DOUBLE","timestamp":"1696652122","value":3370.121954},{"valueType":"DOUBLE","timestamp":"1696652062","value":3370.030922},{"valueType":"DOUBLE","timestamp":"1696652002","value":3369.896239},{"valueType":"DOUBLE","timestamp":"1696651942","value":3369.779991},{"valueType":"DOUBLE","timestamp":"1696651882","value":3369.679418},{"valueType":"DOUBLE","timestamp":"1696651822","value":3369.557091},{"valueType":"DOUBLE","timestamp":"1696651762","value":3369.447188},{"valueType":"DOUBLE","timestamp":"1696651702","value":3369.314593},{"valueType":"DOUBLE","timestamp":"1696651642","value":3369.198791},{"valueType":"DOUBLE","timestamp":"1696651582","value":3369.089941},{"valueType":"DOUBLE","timestamp":"1696651522","value":3368.979914},{"valueType":"DOUBLE","timestamp":"1696651462","value":3368.849619},{"valueType":"DOUBLE","timestamp":"1696651402","value":3368.741387},{"valueType":"DOUBLE","timestamp":"1696651342","value":3368.627996},{"valueType":"DOUBLE","timestamp":"1696651282","value":3368.517025},{"valueType":"DOUBLE","timestamp":"1696651222","value":3368.392042},{"valueType":"DOUBLE","timestamp":"1696651162","value":3368.279802},{"valueType":"DOUBLE","timestamp":"1696651102","value":3368.156098},{"valueType":"DOUBLE","timestamp":"1696651042","value":3368.025545},{"valueType":"DOUBLE","timestamp":"1696650982","value":3367.944389},{"valueType":"DOUBLE","timestamp":"1696650922","value":3367.818031},{"valueType":"DOUBLE","timestamp":"1696650862","value":3367.701045},{"valueType":"DOUBLE","timestamp":"1696650802","value":3367.579967},{"valueType":"DOUBLE","timestamp":"1696650742","value":3367.483866},{"valueType":"DOUBLE","timestamp":"1696650682","value":3367.368286},{"valueType":"DOUBLE","timestamp":"1696650622","value":3367.228879},{"valueType":"DOUBLE","timestamp":"1696650562","value":3367.121495},{"valueType":"DOUBLE","timestamp":"1696650502","value":3367.024945},{"valueType":"DOUBLE","timestamp":"1696650442","value":3366.904482},{"valueType":"DOUBLE","timestamp":"1696650382","value":3366.784201},{"valueType":"DOUBLE","timestamp":"1696650322","value":3366.67011},{"valueType":"DOUBLE","timestamp":"1696650262","value":3366.552537},{"valueType":"DOUBLE","timestamp":"1696650202","value":3366.441435},{"valueType":"DOUBLE","timestamp":"1696650142","value":3366.309511},{"valueType":"DOUBLE","timestamp":"1696650082","value":3366.220716},{"valueType":"DOUBLE","timestamp":"1696650022","value":3366.083442},{"valueType":"DOUBLE","timestamp":"1696649962","value":3365.964524},{"valueType":"DOUBLE","timestamp":"1696649902","value":3365.868342},{"valueType":"DOUBLE","timestamp":"1696649842","value":3365.761535},{"valueType":"DOUBLE","timestamp":"1696649782","value":3365.652389},{"valueType":"DOUBLE","timestamp":"1696649722","value":3365.508682},{"valueType":"DOUBLE","timestamp":"1696649662","value":3365.40356},{"valueType":"DOUBLE","timestamp":"1696649602","value":3365.274684},{"valueType":"DOUBLE","timestamp":"1696649542","value":3365.192471},{"valueType":"DOUBLE","timestamp":"1696649482","value":3365.044128},{"valueType":"DOUBLE","timestamp":"1696649422","value":3364.924162},{"valueType":"DOUBLE","timestamp":"1696649362","value":3364.812798},{"valueType":"DOUBLE","timestamp":"1696649302","value":3364.709707},{"valueType":"DOUBLE","timestamp":"1696649242","value":3364.585491},{"valueType":"DOUBLE","timestamp":"1696649182","value":3364.492367},{"valueType":"DOUBLE","timestamp":"1696649122","value":3364.357249},{"valueType":"DOUBLE","timestamp":"1696649062","value":3364.270864},{"valueType":"DOUBLE","timestamp":"1696649002","value":3364.137099},{"valueType":"DOUBLE","timestamp":"1696648942","value":3364.03609},{"valueType":"DOUBLE","timestamp":"1696648882","value":3363.920563},{"valueType":"DOUBLE","timestamp":"1696648822","value":3363.763235},{"valueType":"DOUBLE","timestamp":"1696648762","value":3363.655767},{"valueType":"DOUBLE","timestamp":"1696648702","value":3363.544461},{"valueType":"DOUBLE","timestamp":"1696648642","value":3363.40683},{"valueType":"DOUBLE","timestamp":"1696648582","value":3363.294167},{"valueType":"DOUBLE","timestamp":"1696648522","value":3363.196513},{"valueType":"DOUBLE","timestamp":"1696648462","value":3363.038918},{"valueType":"DOUBLE","timestamp":"1696648402","value":3362.951724},{"valueType":"DOUBLE","timestamp":"1696648342","value":3362.840728},{"valueType":"DOUBLE","timestamp":"1696648282","value":3362.726051},{"valueType":"DOUBLE","timestamp":"1696648222","value":3362.589388},{"valueType":"DOUBLE","timestamp":"1696648162","value":3362.464495},{"valueType":"DOUBLE","timestamp":"1696648102","value":3362.356693},{"valueType":"DOUBLE","timestamp":"1696648042","value":3362.228708},{"valueType":"DOUBLE","timestamp":"1696647982","value":3362.123793},{"valueType":"DOUBLE","timestamp":"1696647922","value":3361.984239},{"valueType":"DOUBLE","timestamp":"1696647862","value":3361.870882},{"valueType":"DOUBLE","timestamp":"1696647802","value":3361.754983},{"valueType":"DOUBLE","timestamp":"1696647742","value":3361.661757},{"valueType":"DOUBLE","timestamp":"1696647682","value":3361.520244},{"valueType":"DOUBLE","timestamp":"1696647622","value":3361.400235},{"valueType":"DOUBLE","timestamp":"1696647562","value":3361.29292},{"valueType":"DOUBLE","timestamp":"1696647502","value":3361.182941},{"valueType":"DOUBLE","timestamp":"1696647442","value":3361.045005},{"valueType":"DOUBLE","timestamp":"1696647382","value":3360.952315},{"valueType":"DOUBLE","timestamp":"1696647322","value":3360.803845},{"valueType":"DOUBLE","timestamp":"1696647262","value":3360.696284},{"valueType":"DOUBLE","timestamp":"1696647202","value":3360.581949},{"valueType":"DOUBLE","timestamp":"1696647142","value":3360.459861},{"valueType":"DOUBLE","timestamp":"1696647082","value":3360.348191},{"valueType":"DOUBLE","timestamp":"1696647022","value":3360.215354},{"valueType":"DOUBLE","timestamp":"1696646962","value":3360.100502},{"valueType":"DOUBLE","timestamp":"1696646902","value":3359.968277},{"valueType":"DOUBLE","timestamp":"1696646842","value":3359.848293},{"valueType":"DOUBLE","timestamp":"1696646782","value":3359.733966},{"valueType":"DOUBLE","timestamp":"1696646722","value":3359.60734},{"valueType":"DOUBLE","timestamp":"1696646662","value":3359.487412},{"valueType":"DOUBLE","timestamp":"1696646602","value":3359.379318},{"valueType":"DOUBLE","timestamp":"1696646542","value":3359.257156},{"valueType":"DOUBLE","timestamp":"1696646482","value":3359.122868},{"valueType":"DOUBLE","timestamp":"1696646422","value":3359.000371},{"valueType":"DOUBLE","timestamp":"1696646362","value":3358.884062},{"valueType":"DOUBLE","timestamp":"1696646302","value":3358.792281},{"valueType":"DOUBLE","timestamp":"1696646242","value":3358.674952},{"valueType":"DOUBLE","timestamp":"1696646182","value":3358.551761},{"valueType":"DOUBLE","timestamp":"1696646122","value":3358.455624},{"valueType":"DOUBLE","timestamp":"1696646062","value":3358.349115},{"valueType":"DOUBLE","timestamp":"1696646002","value":3358.209379},{"valueType":"DOUBLE","timestamp":"1696645942","value":3358.122447},{"valueType":"DOUBLE","timestamp":"1696645882","value":3358.012662},{"valueType":"DOUBLE","timestamp":"1696645822","value":3357.882787},{"valueType":"DOUBLE","timestamp":"1696645762","value":3357.778286},{"valueType":"DOUBLE","timestamp":"1696645702","value":3357.636963},{"valueType":"DOUBLE","timestamp":"1696645642","value":3357.546155},{"valueType":"DOUBLE","timestamp":"1696645582","value":3357.441028},{"valueType":"DOUBLE","timestamp":"1696645522","value":3357.324998},{"valueType":"DOUBLE","timestamp":"1696645462","value":3357.201765},{"valueType":"DOUBLE","timestamp":"1696645402","value":3357.10524},{"valueType":"DOUBLE","timestamp":"1696645342","value":3356.983561},{"valueType":"DOUBLE","timestamp":"1696645282","value":3356.882764},{"valueType":"DOUBLE","timestamp":"1696645222","value":3356.780805},{"valueType":"DOUBLE","timestamp":"1696645162","value":3356.640499},{"valueType":"DOUBLE","timestamp":"1696645102","value":3356.524624},{"valueType":"DOUBLE","timestamp":"1696645042","value":3356.407192},{"valueType":"DOUBLE","timestamp":"1696644982","value":3356.282747},{"valueType":"DOUBLE","timestamp":"1696644922","value":3356.156348},{"valueType":"DOUBLE","timestamp":"1696644862","value":3356.064088},{"valueType":"DOUBLE","timestamp":"1696644802","value":3355.957895},{"valueType":"DOUBLE","timestamp":"1696644742","value":3355.797648},{"valueType":"DOUBLE","timestamp":"1696644682","value":3355.686618},{"valueType":"DOUBLE","timestamp":"1696644622","value":3355.577795},{"valueType":"DOUBLE","timestamp":"1696644562","value":3355.456566},{"valueType":"DOUBLE","timestamp":"1696644502","value":3355.32218},{"valueType":"DOUBLE","timestamp":"1696644442","value":3355.202082},{"valueType":"DOUBLE","timestamp":"1696644382","value":3355.10703},{"valueType":"DOUBLE","timestamp":"1696644322","value":3354.968347},{"valueType":"DOUBLE","timestamp":"1696644262","value":3354.851204},{"valueType":"DOUBLE","timestamp":"1696644202","value":3354.715271},{"valueType":"DOUBLE","timestamp":"1696644142","value":3354.618686},{"valueType":"DOUBLE","timestamp":"1696644082","value":3354.502218},{"valueType":"DOUBLE","timestamp":"1696644022","value":3354.361045},{"valueType":"DOUBLE","timestamp":"1696643962","value":3354.240068},{"valueType":"DOUBLE","timestamp":"1696643902","value":3354.133097},{"valueType":"DOUBLE","timestamp":"1696643842","value":3353.982051},{"valueType":"DOUBLE","timestamp":"1696643782","value":3353.851633},{"valueType":"DOUBLE","timestamp":"1696643722","value":3353.725006},{"valueType":"DOUBLE","timestamp":"1696643662","value":3353.591125},{"valueType":"DOUBLE","timestamp":"1696643602","value":3353.478504},{"valueType":"DOUBLE","timestamp":"1696643542","value":3353.367559},{"valueType":"DOUBLE","timestamp":"1696643482","value":3353.279793},{"valueType":"DOUBLE","timestamp":"1696643422","value":3353.12014},{"valueType":"DOUBLE","timestamp":"1696643362","value":3353.012437},{"valueType":"DOUBLE","timestamp":"1696643302","value":3352.88239},{"valueType":"DOUBLE","timestamp":"1696643242","value":3352.759445},{"valueType":"DOUBLE","timestamp":"1696643182","value":3352.616237},{"valueType":"DOUBLE","timestamp":"1696643122","value":3352.515827},{"valueType":"DOUBLE","timestamp":"1696643062","value":3352.382827},{"valueType":"DOUBLE","timestamp":"1696643002","value":3352.264879},{"valueType":"DOUBLE","timestamp":"1696642942","value":3352.132097},{"valueType":"DOUBLE","timestamp":"1696642882","value":3352.021951},{"valueType":"DOUBLE","timestamp":"1696642822","value":3351.903924},{"valueType":"DOUBLE","timestamp":"1696642762","value":3351.7825},{"valueType":"DOUBLE","timestamp":"1696642702","value":3351.678969},{"valueType":"DOUBLE","timestamp":"1696642642","value":3351.531691},{"valueType":"DOUBLE","timestamp":"1696642582","value":3351.420267},{"valueType":"DOUBLE","timestamp":"1696642522","value":3351.247149},{"valueType":"DOUBLE","timestamp":"1696642462","value":3351.148178},{"valueType":"DOUBLE","timestamp":"1696642402","value":3351.015626},{"valueType":"DOUBLE","timestamp":"1696642342","value":3350.886837},{"valueType":"DOUBLE","timestamp":"1696642282","value":3350.769562},{"valueType":"DOUBLE","timestamp":"1696642222","value":3350.629451},{"valueType":"DOUBLE","timestamp":"1696642162","value":3350.526444},{"valueType":"DOUBLE","timestamp":"1696642102","value":3350.392359},{"valueType":"DOUBLE","timestamp":"1696642042","value":3350.269598},{"valueType":"DOUBLE","timestamp":"1696641982","value":3350.133837},{"valueType":"DOUBLE","timestamp":"1696641922","value":3350.017993},{"valueType":"DOUBLE","timestamp":"1696641862","value":3349.88808},{"valueType":"DOUBLE","timestamp":"1696641802","value":3349.777562},{"valueType":"DOUBLE","timestamp":"1696641742","value":3349.646712},{"valueType":"DOUBLE","timestamp":"1696641682","value":3349.521188},{"valueType":"DOUBLE","timestamp":"1696641622","value":3349.385053},{"valueType":"DOUBLE","timestamp":"1696641562","value":3349.257406},{"valueType":"DOUBLE","timestamp":"1696641502","value":3349.158056},{"valueType":"DOUBLE","timestamp":"1696641442","value":3349.030112},{"valueType":"DOUBLE","timestamp":"1696641382","value":3348.916617},{"valueType":"DOUBLE","timestamp":"1696641322","value":3348.783448},{"valueType":"DOUBLE","timestamp":"1696641262","value":3348.66156},{"valueType":"DOUBLE","timestamp":"1696641202","value":3348.549527},{"valueType":"DOUBLE","timestamp":"1696641142","value":3348.401935},{"valueType":"DOUBLE","timestamp":"1696641082","value":3348.271592},{"valueType":"DOUBLE","timestamp":"1696641022","value":3348.152512},{"valueType":"DOUBLE","timestamp":"1696640962","value":3348.051899},{"valueType":"DOUBLE","timestamp":"1696640902","value":3347.910368},{"valueType":"DOUBLE","timestamp":"1696640842","value":3347.799523},{"valueType":"DOUBLE","timestamp":"1696640782","value":3347.683307},{"valueType":"DOUBLE","timestamp":"1696640722","value":3347.533182},{"valueType":"DOUBLE","timestamp":"1696640662","value":3347.404634},{"valueType":"DOUBLE","timestamp":"1696640602","value":3347.298431},{"valueType":"DOUBLE","timestamp":"1696640542","value":3347.184221},{"valueType":"DOUBLE","timestamp":"1696640482","value":3347.06696},{"valueType":"DOUBLE","timestamp":"1696640422","value":3346.930444},{"valueType":"DOUBLE","timestamp":"1696640362","value":3346.806669},{"valueType":"DOUBLE","timestamp":"1696640302","value":3346.672457},{"valueType":"DOUBLE","timestamp":"1696640242","value":3346.526625},{"valueType":"DOUBLE","timestamp":"1696640182","value":3346.403193},{"valueType":"DOUBLE","timestamp":"1696640122","value":3346.308221},{"valueType":"DOUBLE","timestamp":"1696640062","value":3346.169746},{"valueType":"DOUBLE","timestamp":"1696640002","value":3346.086561},{"valueType":"DOUBLE","timestamp":"1696639942","value":3345.963075},{"valueType":"DOUBLE","timestamp":"1696639882","value":3345.830134},{"valueType":"DOUBLE","timestamp":"1696639822","value":3345.669364},{"valueType":"DOUBLE","timestamp":"1696639762","value":3345.555301},{"valueType":"DOUBLE","timestamp":"1696639702","value":3345.448015},{"valueType":"DOUBLE","timestamp":"1696639642","value":3345.354085},{"valueType":"DOUBLE","timestamp":"1696639582","value":3345.242168},{"valueType":"DOUBLE","timestamp":"1696639522","value":3345.093207},{"valueType":"DOUBLE","timestamp":"1696639462","value":3344.961303},{"valueType":"DOUBLE","timestamp":"1696639402","value":3344.866923},{"valueType":"DOUBLE","timestamp":"1696639342","value":3344.706515},{"valueType":"DOUBLE","timestamp":"1696639282","value":3344.597307},{"valueType":"DOUBLE","timestamp":"1696639222","value":3344.4934},{"valueType":"DOUBLE","timestamp":"1696639162","value":3344.358208},{"valueType":"DOUBLE","timestamp":"1696639102","value":3344.224775},{"valueType":"DOUBLE","timestamp":"1696639042","value":3344.085975},{"valueType":"DOUBLE","timestamp":"1696638982","value":3343.98334},{"valueType":"DOUBLE","timestamp":"1696638922","value":3343.855345},{"valueType":"DOUBLE","timestamp":"1696638862","value":3343.728489},{"valueType":"DOUBLE","timestamp":"1696638802","value":3343.607528},{"valueType":"DOUBLE","timestamp":"1696638742","value":3343.462597},{"valueType":"DOUBLE","timestamp":"1696638682","value":3343.335062},{"valueType":"DOUBLE","timestamp":"1696638622","value":3343.232219},{"valueType":"DOUBLE","timestamp":"1696638562","value":3343.082951},{"valueType":"DOUBLE","timestamp":"1696638502","value":3342.977383},{"valueType":"DOUBLE","timestamp":"1696638442","value":3342.857723},{"valueType":"DOUBLE","timestamp":"1696638382","value":3342.768521},{"valueType":"DOUBLE","timestamp":"1696638322","value":3342.614071},{"valueType":"DOUBLE","timestamp":"1696638262","value":3342.516529},{"valueType":"DOUBLE","timestamp":"1696638202","value":3342.375735},{"valueType":"DOUBLE","timestamp":"1696638142","value":3342.251305},{"valueType":"DOUBLE","timestamp":"1696638082","value":3342.14432},{"valueType":"DOUBLE","timestamp":"1696638022","value":3342.005974},{"valueType":"DOUBLE","timestamp":"1696637962","value":3341.869573},{"valueType":"DOUBLE","timestamp":"1696637902","value":3341.744056},{"valueType":"DOUBLE","timestamp":"1696637842","value":3341.644662},{"valueType":"DOUBLE","timestamp":"1696637782","value":3341.524827},{"valueType":"DOUBLE","timestamp":"1696637722","value":3341.404427},{"valueType":"DOUBLE","timestamp":"1696637662","value":3341.280846},{"valueType":"DOUBLE","timestamp":"1696637602","value":3341.186164},{"valueType":"DOUBLE","timestamp":"1696637542","value":3341.057581},{"valueType":"DOUBLE","timestamp":"1696637482","value":3340.940754},{"valueType":"DOUBLE","timestamp":"1696637422","value":3340.813095},{"valueType":"DOUBLE","timestamp":"1696637362","value":3340.693148},{"valueType":"DOUBLE","timestamp":"1696637302","value":3340.560814},{"valueType":"DOUBLE","timestamp":"1696637242","value":3340.438772},{"valueType":"DOUBLE","timestamp":"1696637182","value":3340.311244},{"valueType":"DOUBLE","timestamp":"1696637122","value":3340.180352},{"valueType":"DOUBLE","timestamp":"1696637062","value":3340.052261},{"valueType":"DOUBLE","timestamp":"1696637002","value":3339.916204},{"valueType":"DOUBLE","timestamp":"1696636942","value":3339.793767},{"valueType":"DOUBLE","timestamp":"1696636882","value":3339.698812},{"valueType":"DOUBLE","timestamp":"1696636822","value":3339.57848},{"valueType":"DOUBLE","timestamp":"1696636762","value":3339.449015},{"valueType":"DOUBLE","timestamp":"1696636702","value":3339.315387},{"valueType":"DOUBLE","timestamp":"1696636642","value":3339.201041},{"valueType":"DOUBLE","timestamp":"1696636582","value":3339.088002},{"valueType":"DOUBLE","timestamp":"1696636522","value":3338.95176},{"valueType":"DOUBLE","timestamp":"1696636462","value":3338.835705},{"valueType":"DOUBLE","timestamp":"1696636402","value":3338.702147},{"valueType":"DOUBLE","timestamp":"1696636342","value":3338.604374},{"valueType":"DOUBLE","timestamp":"1696636282","value":3338.489495},{"valueType":"DOUBLE","timestamp":"1696636222","value":3338.343981},{"valueType":"DOUBLE","timestamp":"1696636162","value":3338.238503},{"valueType":"DOUBLE","timestamp":"1696636102","value":3338.08466},{"valueType":"DOUBLE","timestamp":"1696636042","value":3337.979019},{"valueType":"DOUBLE","timestamp":"1696635982","value":3337.839373},{"valueType":"DOUBLE","timestamp":"1696635922","value":3337.695023},{"valueType":"DOUBLE","timestamp":"1696635862","value":3337.615424},{"valueType":"DOUBLE","timestamp":"1696635802","value":3337.464762},{"valueType":"DOUBLE","timestamp":"1696635742","value":3337.356652},{"valueType":"DOUBLE","timestamp":"1696635682","value":3337.241336},{"valueType":"DOUBLE","timestamp":"1696635622","value":3337.111441},{"valueType":"DOUBLE","timestamp":"1696635562","value":3336.97237},{"valueType":"DOUBLE","timestamp":"1696635502","value":3336.870274},{"valueType":"DOUBLE","timestamp":"1696635442","value":3336.735461},{"valueType":"DOUBLE","timestamp":"1696635382","value":3336.643116},{"valueType":"DOUBLE","timestamp":"1696635322","value":3336.526006},{"valueType":"DOUBLE","timestamp":"1696635262","value":3336.407768},{"valueType":"DOUBLE","timestamp":"1696635202","value":3336.295081},{"valueType":"DOUBLE","timestamp":"1696635142","value":3336.17581},{"valueType":"DOUBLE","timestamp":"1696635082","value":3336.068311},{"valueType":"DOUBLE","timestamp":"1696635022","value":3335.920433},{"valueType":"DOUBLE","timestamp":"1696634962","value":3335.840763},{"valueType":"DOUBLE","timestamp":"1696634902","value":3335.706317},{"valueType":"DOUBLE","timestamp":"1696634842","value":3335.603742},{"valueType":"DOUBLE","timestamp":"1696634782","value":3335.481369},{"valueType":"DOUBLE","timestamp":"1696634722","value":3335.376264},{"valueType":"DOUBLE","timestamp":"1696634662","value":3335.264875},{"valueType":"DOUBLE","timestamp":"1696634602","value":3335.152927},{"valueType":"DOUBLE","timestamp":"1696634542","value":3335.020123},{"valueType":"DOUBLE","timestamp":"1696634482","value":3334.928581},{"valueType":"DOUBLE","timestamp":"1696634422","value":3334.783804},{"valueType":"DOUBLE","timestamp":"1696634362","value":3334.6795},{"valueType":"DOUBLE","timestamp":"1696634302","value":3334.568188},{"valueType":"DOUBLE","timestamp":"1696634242","value":3334.449502},{"valueType":"DOUBLE","timestamp":"1696634182","value":3334.359527},{"valueType":"DOUBLE","timestamp":"1696634122","value":3334.249748},{"valueType":"DOUBLE","timestamp":"1696634062","value":3334.129587},{"valueType":"DOUBLE","timestamp":"1696634002","value":3334.006259},{"valueType":"DOUBLE","timestamp":"1696633942","value":3333.878314},{"valueType":"DOUBLE","timestamp":"1696633882","value":3333.785419},{"valueType":"DOUBLE","timestamp":"1696633822","value":3333.662233},{"valueType":"DOUBLE","timestamp":"1696633762","value":3333.54121},{"valueType":"DOUBLE","timestamp":"1696633702","value":3333.451889},{"valueType":"DOUBLE","timestamp":"1696633642","value":3333.310212},{"valueType":"DOUBLE","timestamp":"1696633582","value":3333.226571},{"valueType":"DOUBLE","timestamp":"1696633522","value":3333.09775},{"valueType":"DOUBLE","timestamp":"1696633462","value":3332.96382},{"valueType":"DOUBLE","timestamp":"1696633402","value":3332.862313},{"valueType":"DOUBLE","timestamp":"1696633342","value":3332.729056},{"valueType":"DOUBLE","timestamp":"1696633282","value":3332.600964},{"valueType":"DOUBLE","timestamp":"1696633222","value":3332.493206},{"valueType":"DOUBLE","timestamp":"1696633162","value":3332.363414},{"valueType":"DOUBLE","timestamp":"1696633102","value":3332.257929},{"valueType":"DOUBLE","timestamp":"1696633042","value":3332.138615},{"valueType":"DOUBLE","timestamp":"1696632982","value":3332.024199},{"valueType":"DOUBLE","timestamp":"1696632922","value":3331.911019},{"valueType":"DOUBLE","timestamp":"1696632862","value":3331.787454},{"valueType":"DOUBLE","timestamp":"1696632802","value":3331.634449},{"valueType":"DOUBLE","timestamp":"1696632742","value":3331.544574},{"valueType":"DOUBLE","timestamp":"1696632682","value":3331.41567},{"valueType":"DOUBLE","timestamp":"1696632622","value":3331.296229},{"valueType":"DOUBLE","timestamp":"1696632562","value":3331.193456},{"valueType":"DOUBLE","timestamp":"1696632502","value":3331.07575},{"valueType":"DOUBLE","timestamp":"1696632442","value":3330.966928},{"valueType":"DOUBLE","timestamp":"1696632382","value":3330.851885},{"valueType":"DOUBLE","timestamp":"1696632322","value":3330.71381},{"valueType":"DOUBLE","timestamp":"1696632262","value":3330.587078},{"valueType":"DOUBLE","timestamp":"1696632202","value":3330.507838},{"valueType":"DOUBLE","timestamp":"1696632142","value":3330.402963},{"valueType":"DOUBLE","timestamp":"1696632082","value":3330.297066},{"valueType":"DOUBLE","timestamp":"1696632022","value":3330.157714},{"valueType":"DOUBLE","timestamp":"1696631962","value":3330.030831},{"valueType":"DOUBLE","timestamp":"1696631902","value":3329.924313},{"valueType":"DOUBLE","timestamp":"1696631842","value":3329.809639},{"valueType":"DOUBLE","timestamp":"1696631782","value":3329.691719},{"valueType":"DOUBLE","timestamp":"1696631722","value":3329.567488},{"valueType":"DOUBLE","timestamp":"1696631662","value":3329.449347},{"valueType":"DOUBLE","timestamp":"1696631602","value":3329.326184},{"valueType":"DOUBLE","timestamp":"1696631542","value":3329.193282},{"valueType":"DOUBLE","timestamp":"1696631482","value":3329.086393},{"valueType":"DOUBLE","timestamp":"1696631422","value":3328.972286},{"valueType":"DOUBLE","timestamp":"1696631362","value":3328.834559},{"valueType":"DOUBLE","timestamp":"1696631302","value":3328.724794},{"valueType":"DOUBLE","timestamp":"1696631242","value":3328.605149},{"valueType":"DOUBLE","timestamp":"1696631182","value":3328.495224},{"valueType":"DOUBLE","timestamp":"1696631122","value":3328.401466},{"valueType":"DOUBLE","timestamp":"1696631062","value":3328.263731},{"valueType":"DOUBLE","timestamp":"1696631002","value":3328.16472},{"valueType":"DOUBLE","timestamp":"1696630942","value":3328.029492},{"valueType":"DOUBLE","timestamp":"1696630882","value":3327.908579},{"valueType":"DOUBLE","timestamp":"1696630822","value":3327.796752},{"valueType":"DOUBLE","timestamp":"1696630762","value":3327.676116},{"valueType":"DOUBLE","timestamp":"1696630702","value":3327.555157},{"valueType":"DOUBLE","timestamp":"1696630642","value":3327.462702},{"valueType":"DOUBLE","timestamp":"1696630582","value":3327.346663},{"valueType":"DOUBLE","timestamp":"1696630522","value":3327.247219},{"valueType":"DOUBLE","timestamp":"1696630462","value":3327.140179},{"valueType":"DOUBLE","timestamp":"1696630402","value":3326.999115},{"valueType":"DOUBLE","timestamp":"1696630342","value":3326.887936},{"valueType":"DOUBLE","timestamp":"1696630282","value":3326.75065},{"valueType":"DOUBLE","timestamp":"1696630222","value":3326.630677},{"valueType":"DOUBLE","timestamp":"1696630162","value":3326.523822},{"valueType":"DOUBLE","timestamp":"1696630102","value":3326.412653},{"valueType":"DOUBLE","timestamp":"1696630042","value":3326.280827},{"valueType":"DOUBLE","timestamp":"1696629982","value":3326.170462},{"valueType":"DOUBLE","timestamp":"1696629922","value":3326.057372},{"valueType":"DOUBLE","timestamp":"1696629862","value":3325.944618},{"valueType":"DOUBLE","timestamp":"1696629802","value":3325.818912},{"valueType":"DOUBLE","timestamp":"1696629742","value":3325.690769},{"valueType":"DOUBLE","timestamp":"1696629682","value":3325.608961},{"valueType":"DOUBLE","timestamp":"1696629622","value":3325.47308},{"valueType":"DOUBLE","timestamp":"1696629562","value":3325.387806},{"valueType":"DOUBLE","timestamp":"1696629502","value":3325.272923},{"valueType":"DOUBLE","timestamp":"1696629442","value":3325.143517},{"valueType":"DOUBLE","timestamp":"1696629382","value":3325.037763},{"valueType":"DOUBLE","timestamp":"1696629322","value":3324.904031},{"valueType":"DOUBLE","timestamp":"1696629262","value":3324.798439},{"valueType":"DOUBLE","timestamp":"1696629202","value":3324.676574},{"valueType":"DOUBLE","timestamp":"1696629142","value":3324.56504},{"valueType":"DOUBLE","timestamp":"1696629082","value":3324.45987},{"valueType":"DOUBLE","timestamp":"1696629022","value":3324.349841},{"valueType":"DOUBLE","timestamp":"1696628962","value":3324.204744},{"valueType":"DOUBLE","timestamp":"1696628902","value":3324.112282},{"valueType":"DOUBLE","timestamp":"1696628842","value":3323.983873},{"valueType":"DOUBLE","timestamp":"1696628782","value":3323.88564},{"valueType":"DOUBLE","timestamp":"1696628722","value":3323.758745},{"valueType":"DOUBLE","timestamp":"1696628662","value":3323.647493},{"valueType":"DOUBLE","timestamp":"1696628602","value":3323.539844},{"valueType":"DOUBLE","timestamp":"1696628542","value":3323.411818},{"valueType":"DOUBLE","timestamp":"1696628482","value":3323.290663},{"valueType":"DOUBLE","timestamp":"1696628422","value":3323.185596},{"valueType":"DOUBLE","timestamp":"1696628362","value":3323.053735},{"valueType":"DOUBLE","timestamp":"1696628302","value":3322.949761},{"valueType":"DOUBLE","timestamp":"1696628242","value":3322.85411},{"valueType":"DOUBLE","timestamp":"1696628182","value":3322.738919},{"valueType":"DOUBLE","timestamp":"1696628122","value":3322.606698},{"valueType":"DOUBLE","timestamp":"1696628062","value":3322.48082},{"valueType":"DOUBLE","timestamp":"1696628002","value":3322.383682},{"valueType":"DOUBLE","timestamp":"1696627942","value":3322.245029},{"valueType":"DOUBLE","timestamp":"1696627882","value":3322.129384},{"valueType":"DOUBLE","timestamp":"1696627822","value":3322.007515},{"valueType":"DOUBLE","timestamp":"1696627762","value":3321.899114},{"valueType":"DOUBLE","timestamp":"1696627702","value":3321.782155},{"valueType":"DOUBLE","timestamp":"1696627642","value":3321.68223},{"valueType":"DOUBLE","timestamp":"1696627582","value":3321.574607},{"valueType":"DOUBLE","timestamp":"1696627522","value":3321.446716},{"valueType":"DOUBLE","timestamp":"1696627462","value":3321.33999},{"valueType":"DOUBLE","timestamp":"1696627402","value":3321.230777},{"valueType":"DOUBLE","timestamp":"1696627342","value":3321.093145},{"valueType":"DOUBLE","timestamp":"1696627282","value":3320.963731},{"valueType":"DOUBLE","timestamp":"1696627222","value":3320.857808},{"valueType":"DOUBLE","timestamp":"1696627162","value":3320.725616},{"valueType":"DOUBLE","timestamp":"1696627102","value":3320.625416},{"valueType":"DOUBLE","timestamp":"1696627042","value":3320.496833},{"valueType":"DOUBLE","timestamp":"1696626982","value":3320.393921},{"valueType":"DOUBLE","timestamp":"1696626922","value":3320.257927},{"valueType":"DOUBLE","timestamp":"1696626862","value":3320.177257},{"valueType":"DOUBLE","timestamp":"1696626802","value":3320.048353},{"valueType":"DOUBLE","timestamp":"1696626742","value":3319.947958},{"valueType":"DOUBLE","timestamp":"1696626682","value":3319.84711},{"valueType":"DOUBLE","timestamp":"1696626622","value":3319.713868},{"valueType":"DOUBLE","timestamp":"1696626562","value":3319.610887},{"valueType":"DOUBLE","timestamp":"1696626502","value":3319.47576},{"valueType":"DOUBLE","timestamp":"1696626442","value":3319.350042},{"valueType":"DOUBLE","timestamp":"1696626382","value":3319.261603},{"valueType":"DOUBLE","timestamp":"1696626322","value":3319.144762},{"valueType":"DOUBLE","timestamp":"1696626262","value":3319.01536},{"valueType":"DOUBLE","timestamp":"1696626202","value":3318.905463},{"valueType":"DOUBLE","timestamp":"1696626142","value":3318.805412},{"valueType":"DOUBLE","timestamp":"1696626082","value":3318.705137},{"valueType":"DOUBLE","timestamp":"1696626022","value":3318.558979},{"valueType":"DOUBLE","timestamp":"1696625962","value":3318.426736},{"valueType":"DOUBLE","timestamp":"1696625902","value":3318.324149},{"valueType":"DOUBLE","timestamp":"1696625842","value":3318.226279},{"valueType":"DOUBLE","timestamp":"1696625782","value":3318.125461},{"valueType":"DOUBLE","timestamp":"1696625722","value":3318.0216},{"valueType":"DOUBLE","timestamp":"1696625662","value":3317.900227},{"valueType":"DOUBLE","timestamp":"1696625602","value":3317.799577},{"valueType":"DOUBLE","timestamp":"1696625542","value":3317.673559},{"valueType":"DOUBLE","timestamp":"1696625482","value":3317.568777},{"valueType":"DOUBLE","timestamp":"1696625422","value":3317.4394},{"valueType":"DOUBLE","timestamp":"1696625362","value":3317.319337},{"valueType":"DOUBLE","timestamp":"1696625302","value":3317.201489},{"valueType":"DOUBLE","timestamp":"1696625242","value":3317.055084},{"valueType":"DOUBLE","timestamp":"1696625182","value":3316.97403},{"valueType":"DOUBLE","timestamp":"1696625122","value":3316.856003},{"valueType":"DOUBLE","timestamp":"1696625062","value":3316.745376},{"valueType":"DOUBLE","timestamp":"1696625002","value":3316.64693},{"valueType":"DOUBLE","timestamp":"1696624942","value":3316.546498},{"valueType":"DOUBLE","timestamp":"1696624882","value":3316.409774},{"valueType":"DOUBLE","timestamp":"1696624822","value":3316.270133},{"valueType":"DOUBLE","timestamp":"1696624762","value":3316.182426},{"valueType":"DOUBLE","timestamp":"1696624702","value":3316.062319},{"valueType":"DOUBLE","timestamp":"1696624642","value":3315.978234},{"valueType":"DOUBLE","timestamp":"1696624582","value":3315.869975},{"valueType":"DOUBLE","timestamp":"1696624522","value":3315.741854},{"valueType":"DOUBLE","timestamp":"1696624462","value":3315.631593},{"valueType":"DOUBLE","timestamp":"1696624402","value":3315.521882},{"valueType":"DOUBLE","timestamp":"1696624342","value":3315.400735},{"valueType":"DOUBLE","timestamp":"1696624282","value":3315.298816},{"valueType":"DOUBLE","timestamp":"1696624222","value":3315.170536},{"valueType":"DOUBLE","timestamp":"1696624162","value":3315.046624},{"valueType":"DOUBLE","timestamp":"1696624102","value":3314.933551},{"valueType":"DOUBLE","timestamp":"1696624042","value":3314.834718},{"valueType":"DOUBLE","timestamp":"1696623982","value":3314.689427},{"valueType":"DOUBLE","timestamp":"1696623922","value":3314.068568},{"valueType":"DOUBLE","timestamp":"1696623862","value":3313.942954},{"valueType":"DOUBLE","timestamp":"1696623802","value":3313.815555},{"valueType":"DOUBLE","timestamp":"1696623742","value":3313.736595},{"valueType":"DOUBLE","timestamp":"1696623682","value":3313.601728},{"valueType":"DOUBLE","timestamp":"1696623622","value":3313.485515},{"valueType":"DOUBLE","timestamp":"1696623562","value":3313.36252},{"valueType":"DOUBLE","timestamp":"1696623502","value":3313.224493},{"valueType":"DOUBLE","timestamp":"1696623442","value":3313.098957},{"valueType":"DOUBLE","timestamp":"1696623382","value":3312.986231},{"valueType":"DOUBLE","timestamp":"1696623322","value":3312.867},{"valueType":"DOUBLE","timestamp":"1696623262","value":3312.764291},{"valueType":"DOUBLE","timestamp":"1696623202","value":3312.659847},{"valueType":"DOUBLE","timestamp":"1696623142","value":3312.552131},{"valueType":"DOUBLE","timestamp":"1696623082","value":3312.412639},{"valueType":"DOUBLE","timestamp":"1696623022","value":3312.289416},{"valueType":"DOUBLE","timestamp":"1696622962","value":3312.176059},{"valueType":"DOUBLE","timestamp":"1696622902","value":3312.029126},{"valueType":"DOUBLE","timestamp":"1696622842","value":3311.917105},{"valueType":"DOUBLE","timestamp":"1696622782","value":3311.819588},{"valueType":"DOUBLE","timestamp":"1696622722","value":3311.67495},{"valueType":"DOUBLE","timestamp":"1696622662","value":3311.553531},{"valueType":"DOUBLE","timestamp":"1696622602","value":3311.429212},{"valueType":"DOUBLE","timestamp":"1696622542","value":3311.330723},{"valueType":"DOUBLE","timestamp":"1696622482","value":3311.215497},{"valueType":"DOUBLE","timestamp":"1696622422","value":3311.10726},{"valueType":"DOUBLE","timestamp":"1696622362","value":3310.988217},{"valueType":"DOUBLE","timestamp":"1696622302","value":3310.885141},{"valueType":"DOUBLE","timestamp":"1696622242","value":3310.775444},{"valueType":"DOUBLE","timestamp":"1696622182","value":3310.666745},{"valueType":"DOUBLE","timestamp":"1696622122","value":3310.503207},{"valueType":"DOUBLE","timestamp":"1696622062","value":3310.385449},{"valueType":"DOUBLE","timestamp":"1696622002","value":3310.271516},{"valueType":"DOUBLE","timestamp":"1696621942","value":3310.159622},{"valueType":"DOUBLE","timestamp":"1696621882","value":3310.052367},{"valueType":"DOUBLE","timestamp":"1696621822","value":3309.920226},{"valueType":"DOUBLE","timestamp":"1696621762","value":3309.817327},{"valueType":"DOUBLE","timestamp":"1696621702","value":3309.690875},{"valueType":"DOUBLE","timestamp":"1696621642","value":3309.59847},{"valueType":"DOUBLE","timestamp":"1696621582","value":3309.463246},{"valueType":"DOUBLE","timestamp":"1696621522","value":3309.308698},{"valueType":"DOUBLE","timestamp":"1696621462","value":3309.23267},{"valueType":"DOUBLE","timestamp":"1696621402","value":3309.109893},{"valueType":"DOUBLE","timestamp":"1696621342","value":3308.997514},{"valueType":"DOUBLE","timestamp":"1696621282","value":3308.869619},{"valueType":"DOUBLE","timestamp":"1696621222","value":3308.734723},{"valueType":"DOUBLE","timestamp":"1696621162","value":3308.628323},{"valueType":"DOUBLE","timestamp":"1696621102","value":3308.528375},{"valueType":"DOUBLE","timestamp":"1696621042","value":3308.416459},{"valueType":"DOUBLE","timestamp":"1696620982","value":3308.309367},{"valueType":"DOUBLE","timestamp":"1696620922","value":3308.178947},{"valueType":"DOUBLE","timestamp":"1696620862","value":3308.082554},{"valueType":"DOUBLE","timestamp":"1696620802","value":3307.957639},{"valueType":"DOUBLE","timestamp":"1696620742","value":3307.869155},{"valueType":"DOUBLE","timestamp":"1696620682","value":3307.754167},{"valueType":"DOUBLE","timestamp":"1696620622","value":3307.601802},{"valueType":"DOUBLE","timestamp":"1696620562","value":3307.499687},{"valueType":"DOUBLE","timestamp":"1696620502","value":3307.363313},{"valueType":"DOUBLE","timestamp":"1696620442","value":3307.261171},{"valueType":"DOUBLE","timestamp":"1696620382","value":3307.131652},{"valueType":"DOUBLE","timestamp":"1696620322","value":3306.997715},{"valueType":"DOUBLE","timestamp":"1696620262","value":3306.895324},{"valueType":"DOUBLE","timestamp":"1696620202","value":3306.790538},{"valueType":"DOUBLE","timestamp":"1696620142","value":3306.665167},{"valueType":"DOUBLE","timestamp":"1696620082","value":3306.582537},{"valueType":"DOUBLE","timestamp":"1696620022","value":3306.463078},{"valueType":"DOUBLE","timestamp":"1696619962","value":3306.362269},{"valueType":"DOUBLE","timestamp":"1696619902","value":3306.253331},{"valueType":"DOUBLE","timestamp":"1696619842","value":3306.130399},{"valueType":"DOUBLE","timestamp":"1696619782","value":3306.051063},{"valueType":"DOUBLE","timestamp":"1696619722","value":3305.940717},{"valueType":"DOUBLE","timestamp":"1696619662","value":3305.824825},{"valueType":"DOUBLE","timestamp":"1696619602","value":3305.720196},{"valueType":"DOUBLE","timestamp":"1696619542","value":3305.616573},{"valueType":"DOUBLE","timestamp":"1696619482","value":3305.50482},{"valueType":"DOUBLE","timestamp":"1696619422","value":3305.399193},{"valueType":"DOUBLE","timestamp":"1696619362","value":3305.288145},{"valueType":"DOUBLE","timestamp":"1696619302","value":3305.186112},{"valueType":"DOUBLE","timestamp":"1696619242","value":3305.066202},{"valueType":"DOUBLE","timestamp":"1696619182","value":3304.934612},{"valueType":"DOUBLE","timestamp":"1696619122","value":3304.820032},{"valueType":"DOUBLE","timestamp":"1696619062","value":3304.705839},{"valueType":"DOUBLE","timestamp":"1696619002","value":3304.577058},{"valueType":"DOUBLE","timestamp":"1696618942","value":3304.463081},{"valueType":"DOUBLE","timestamp":"1696618882","value":3304.351621},{"valueType":"DOUBLE","timestamp":"1696618822","value":3304.220708},{"valueType":"DOUBLE","timestamp":"1696618762","value":3304.12184},{"valueType":"DOUBLE","timestamp":"1696618702","value":3304.007335},{"valueType":"DOUBLE","timestamp":"1696618642","value":3303.860812},{"valueType":"DOUBLE","timestamp":"1696618582","value":3303.763464},{"valueType":"DOUBLE","timestamp":"1696618522","value":3303.638533},{"valueType":"DOUBLE","timestamp":"1696618462","value":3303.533599},{"valueType":"DOUBLE","timestamp":"1696618402","value":3303.410987},{"valueType":"DOUBLE","timestamp":"1696618342","value":3303.300129},{"valueType":"DOUBLE","timestamp":"1696618282","value":3303.174532},{"valueType":"DOUBLE","timestamp":"1696618222","value":3303.062061},{"valueType":"DOUBLE","timestamp":"1696618162","value":3302.970227},{"valueType":"DOUBLE","timestamp":"1696618102","value":3302.877818},{"valueType":"DOUBLE","timestamp":"1696618042","value":3302.775716},{"valueType":"DOUBLE","timestamp":"1696617982","value":3302.666047},{"valueType":"DOUBLE","timestamp":"1696617922","value":3302.543213},{"valueType":"DOUBLE","timestamp":"1696617862","value":3302.433983},{"valueType":"DOUBLE","timestamp":"1696617802","value":3302.316368},{"valueType":"DOUBLE","timestamp":"1696617742","value":3302.218943},{"valueType":"DOUBLE","timestamp":"1696617682","value":3302.133411},{"valueType":"DOUBLE","timestamp":"1696617622","value":3301.997254},{"valueType":"DOUBLE","timestamp":"1696617562","value":3301.857873},{"valueType":"DOUBLE","timestamp":"1696617502","value":3301.795894},{"valueType":"DOUBLE","timestamp":"1696617442","value":3301.678996},{"valueType":"DOUBLE","timestamp":"1696617382","value":3301.547902},{"valueType":"DOUBLE","timestamp":"1696617322","value":3301.441278},{"valueType":"DOUBLE","timestamp":"1696617262","value":3301.331662},{"valueType":"DOUBLE","timestamp":"1696617202","value":3301.211137},{"valueType":"DOUBLE","timestamp":"1696617142","value":3301.096488},{"valueType":"DOUBLE","timestamp":"1696617082","value":3300.988445},{"valueType":"DOUBLE","timestamp":"1696617022","value":3300.85157},{"valueType":"DOUBLE","timestamp":"1696616962","value":3300.742172},{"valueType":"DOUBLE","timestamp":"1696616902","value":3300.623315},{"valueType":"DOUBLE","timestamp":"1696616842","value":3300.496946},{"valueType":"DOUBLE","timestamp":"1696616782","value":3300.359011},{"valueType":"DOUBLE","timestamp":"1696616722","value":3300.256066},{"valueType":"DOUBLE","timestamp":"1696616662","value":3300.135913},{"valueType":"DOUBLE","timestamp":"1696616602","value":3300.041091},{"valueType":"DOUBLE","timestamp":"1696616542","value":3299.908115},{"valueType":"DOUBLE","timestamp":"1696616482","value":3299.826443},{"valueType":"DOUBLE","timestamp":"1696616422","value":3299.702015},{"valueType":"DOUBLE","timestamp":"1696616362","value":3299.556314},{"valueType":"DOUBLE","timestamp":"1696616302","value":3299.453374},{"valueType":"DOUBLE","timestamp":"1696616242","value":3299.353522},{"valueType":"DOUBLE","timestamp":"1696616182","value":3299.243854},{"valueType":"DOUBLE","timestamp":"1696616122","value":3299.114214},{"valueType":"DOUBLE","timestamp":"1696616062","value":3298.992252},{"valueType":"DOUBLE","timestamp":"1696616002","value":3298.89144},{"valueType":"DOUBLE","timestamp":"1696615942","value":3298.766924},{"valueType":"DOUBLE","timestamp":"1696615882","value":3298.662154},{"valueType":"DOUBLE","timestamp":"1696615822","value":3298.545099},{"valueType":"DOUBLE","timestamp":"1696615762","value":3298.392005},{"valueType":"DOUBLE","timestamp":"1696615702","value":3298.278064},{"valueType":"DOUBLE","timestamp":"1696615642","value":3298.193885},{"valueType":"DOUBLE","timestamp":"1696615582","value":3298.055068},{"valueType":"DOUBLE","timestamp":"1696615522","value":3297.940423}]}