{"podName":"accounts-db-0","containerName":"accounts-db","nodeName":null,"metricType":"kubernetes.io/container/restart_count","metrics":[{"valueType":"INT64","timestamp":"1696785257"},{"valueType":"INT64","timestamp":"1696785197"},{"valueType":"INT64","timestamp":"1696785137"},{"valueType":"INT64","timestamp":"1696785077"},{"valueType":"INT64","timestamp":"1696785017"},{"valueType":"INT64","timestamp":"1696784957"},{"valueType":"INT64","timestamp":"1696784897"},{"valueType":"INT64","timestamp":"1696784837"},{"valueType":"INT64","timestamp":"1696784777"},{"valueType":"INT64","timestamp":"1696784717"},{"valueType":"INT64","timestamp":"1696784657"},{"valueType":"INT64","timestamp":"1696784597"},{"valueType":"INT64","timestamp":"1696784537"},{"valueType":"INT64","timestamp":"1696784477"},{"valueType":"INT64","timestamp":"1696784417"},{"valueType":"INT64","timestamp":"1696784357"},{"valueType":"INT64","timestamp":"1696784297"},{"valueType":"INT64","timestamp":"1696784237"},{"valueType":"INT64","timestamp":"1696784177"},{"valueType":"INT64","timestamp":"1696784117"},{"valueType":"INT64","timestamp":"1696784057"},{"valueType":"INT64","timestamp":"1696783997"},{"valueType":"INT64","timestamp":"1696783937"},{"valueType":"INT64","timestamp":"1696783877"},{"valueType":"INT64","timestamp":"1696783817"},{"valueType":"INT64","timestamp":"1696783757"},{"valueType":"INT64","timestamp":"1696783697"},{"valueType":"INT64","timestamp":"1696783637"},{"valueType":"INT64","timestamp":"1696783577"},{"valueType":"INT64","timestamp":"1696783517"},{"valueType":"INT64","timestamp":"1696783457"},{"valueType":"INT64","timestamp":"1696783397"},{"valueType":"INT64","timestamp":"1696783337"},{"valueType":"INT64","timestamp":"1696783277"},{"valueType":"INT64","timestamp":"1696783217"},{"valueType":"INT64","timestamp":"1696783157"},{"valueType":"INT64","timestamp":"1696783097"},{"valueType":"INT64","timestamp":"1696783037"},{"valueType":"INT64","timestamp":"1696782977"},{"valueType":"INT64","timestamp":"1696782917"},{"valueType":"INT64","timestamp":"1696782857"},{"valueType":"INT64","timestamp":"1696782797"},{"valueType":"INT64","timestamp":"1696782737"},{"valueType":"INT64","timestamp":"1696782677"},{"valueType":"INT64","timestamp":"1696782617"},{"valueType":"INT64","timestamp":"1696782557"},{"valueType":"INT64","timestamp":"1696782497"},{"valueType":"INT64","timestamp":"1696782437"},{"valueType":"INT64","timestamp":"1696782377"},{"valueType":"INT64","timestamp":"1696782317"},{"valueType":"INT64","timestamp":"1696782257"},{"valueType":"INT64","timestamp":"1696782197"},{"valueType":"INT64","timestamp":"1696782137"},{"valueType":"INT64","timestamp":"1696782077"},{"valueType":"INT64","timestamp":"1696782017"},{"valueType":"INT64","timestamp":"1696781957"},{"valueType":"INT64","timestamp":"1696781897"},{"valueType":"INT64","timestamp":"1696781837"},{"valueType":"INT64","timestamp":"1696781777"},{"valueType":"INT64","timestamp":"1696781717"},{"valueType":"INT64","timestamp":"1696781657"},{"valueType":"INT64","timestamp":"1696781597"},{"valueType":"INT64","timestamp":"1696781537"},{"valueType":"INT64","timestamp":"1696781477"},{"valueType":"INT64","timestamp":"1696781417"},{"valueType":"INT64","timestamp":"1696781357"},{"valueType":"INT64","timestamp":"1696781297"},{"valueType":"INT64","timestamp":"1696781237"},{"valueType":"INT64","timestamp":"1696781177"},{"valueType":"INT64","timestamp":"1696781117"},{"valueType":"INT64","timestamp":"1696781057"},{"valueType":"INT64","timestamp":"1696780997"},{"valueType":"INT64","timestamp":"1696780937"},{"valueType":"INT64","timestamp":"1696780877"},{"valueType":"INT64","timestamp":"1696780817"},{"valueType":"INT64","timestamp":"1696780757"},{"valueType":"INT64","timestamp":"1696780697"},{"valueType":"INT64","timestamp":"1696780637"},{"valueType":"INT64","timestamp":"1696780577"},{"valueType":"INT64","timestamp":"1696780517"},{"valueType":"INT64","timestamp":"1696780457"},{"valueType":"INT64","timestamp":"1696780397"},{"valueType":"INT64","timestamp":"1696780337"},{"valueType":"INT64","timestamp":"1696780277"},{"valueType":"INT64","timestamp":"1696780217"},{"valueType":"INT64","timestamp":"1696780157"},{"valueType":"INT64","timestamp":"1696780097"},{"valueType":"INT64","timestamp":"1696780037"},{"valueType":"INT64","timestamp":"1696779977"},{"valueType":"INT64","timestamp":"1696779917"},{"valueType":"INT64","timestamp":"1696779857"},{"valueType":"INT64","timestamp":"1696779797"},{"valueType":"INT64","timestamp":"1696779737"},{"valueType":"INT64","timestamp":"1696779677"},{"valueType":"INT64","timestamp":"1696779617"},{"valueType":"INT64","timestamp":"1696779557"},{"valueType":"INT64","timestamp":"1696779497"},{"valueType":"INT64","timestamp":"1696779437"},{"valueType":"INT64","timestamp":"1696779377"},{"valueType":"INT64","timestamp":"1696779317"},{"valueType":"INT64","timestamp":"1696779257"},{"valueType":"INT64","timestamp":"1696779197"},{"valueType":"INT64","timestamp":"1696779137"},{"valueType":"INT64","timestamp":"1696779077"},{"valueType":"INT64","timestamp":"1696779017"},{"valueType":"INT64","timestamp":"1696778957"},{"valueType":"INT64","timestamp":"1696778897"},{"valueType":"INT64","timestamp":"1696778837"},{"valueType":"INT64","timestamp":"1696778777"},{"valueType":"INT64","timestamp":"1696778717"},{"valueType":"INT64","timestamp":"1696778657"},{"valueType":"INT64","timestamp":"1696778597"},{"valueType":"INT64","timestamp":"1696778537"},{"valueType":"INT64","timestamp":"1696778477"},{"valueType":"INT64","timestamp":"1696778417"},{"valueType":"INT64","timestamp":"1696778357"},{"valueType":"INT64","timestamp":"1696778297"},{"valueType":"INT64","timestamp":"1696778237"},{"valueType":"INT64","timestamp":"1696778177"},{"valueType":"INT64","timestamp":"1696778117"},{"valueType":"INT64","timestamp":"1696778057"},{"valueType":"INT64","timestamp":"1696777997"},{"valueType":"INT64","timestamp":"1696777937"},{"valueType":"INT64","timestamp":"1696777877"},{"valueType":"INT64","timestamp":"1696777817"},{"valueType":"INT64","timestamp":"1696777757"},{"valueType":"INT64","timestamp":"1696777697"},{"valueType":"INT64","timestamp":"1696777637"},{"valueType":"INT64","timestamp":"1696777577"},{"valueType":"INT64","timestamp":"1696777517"},{"valueType":"INT64","timestamp":"1696777457"},{"valueType":"INT64","timestamp":"1696777397"},{"valueType":"INT64","timestamp":"1696777337"},{"valueType":"INT64","timestamp":"1696777277"},{"valueType":"INT64","timestamp":"1696777217"},{"valueType":"INT64","timestamp":"1696777157"},{"valueType":"INT64","timestamp":"1696777097"},{"valueType":"INT64","timestamp":"1696777037"},{"valueType":"INT64","timestamp":"1696776977"},{"valueType":"INT64","timestamp":"1696776917"},{"valueType":"INT64","timestamp":"1696776857"},{"valueType":"INT64","timestamp":"1696776797"},{"valueType":"INT64","timestamp":"1696776737"},{"valueType":"INT64","timestamp":"1696776677"},{"valueType":"INT64","timestamp":"1696776617"},{"valueType":"INT64","timestamp":"1696776557"},{"valueType":"INT64","timestamp":"1696776497"},{"valueType":"INT64","timestamp":"1696776437"},{"valueType":"INT64","timestamp":"1696776377"},{"valueType":"INT64","timestamp":"1696776317"},{"valueType":"INT64","timestamp":"1696776257"},{"valueType":"INT64","timestamp":"1696776197"},{"valueType":"INT64","timestamp":"1696776137"},{"valueType":"INT64","timestamp":"1696776077"},{"valueType":"INT64","timestamp":"1696776017"},{"valueType":"INT64","timestamp":"1696775957"},{"valueType":"INT64","timestamp":"1696775897"},{"valueType":"INT64","timestamp":"1696775837"},{"valueType":"INT64","timestamp":"1696775777"},{"valueType":"INT64","timestamp":"1696775717"},{"valueType":"INT64","timestamp":"1696775657"},{"valueType":"INT64","timestamp":"1696775597"},{"valueType":"INT64","timestamp":"1696775537"},{"valueType":"INT64","timestamp":"1696775477"},{"valueType":"INT64","timestamp":"1696775417"},{"valueType":"INT64","timestamp":"1696775357"},{"valueType":"INT64","timestamp":"1696775297"},{"valueType":"INT64","timestamp":"1696775237"},{"valueType":"INT64","timestamp":"1696775177"},{"valueType":"INT64","timestamp":"1696775117"},{"valueType":"INT64","timestamp":"1696775057"},{"valueType":"INT64","timestamp":"1696774997"},{"valueType":"INT64","timestamp":"1696774937"},{"valueType":"INT64","timestamp":"1696774877"},{"valueType":"INT64","timestamp":"1696774817"},{"valueType":"INT64","timestamp":"1696774757"},{"valueType":"INT64","timestamp":"1696774697"},{"valueType":"INT64","timestamp":"1696774637"},{"valueType":"INT64","timestamp":"1696774577"},{"valueType":"INT64","timestamp":"1696774517"},{"valueType":"INT64","timestamp":"1696774457"},{"valueType":"INT64","timestamp":"1696774397"},{"valueType":"INT64","timestamp":"1696774337"},{"valueType":"INT64","timestamp":"1696774277"},{"valueType":"INT64","timestamp":"1696774217"},{"valueType":"INT64","timestamp":"1696774157"},{"valueType":"INT64","timestamp":"1696774097"},{"valueType":"INT64","timestamp":"1696774037"},{"valueType":"INT64","timestamp":"1696773977"},{"valueType":"INT64","timestamp":"1696773917"},{"valueType":"INT64","timestamp":"1696773857"},{"valueType":"INT64","timestamp":"1696773797"},{"valueType":"INT64","timestamp":"1696773737"},{"valueType":"INT64","timestamp":"1696773677"},{"valueType":"INT64","timestamp":"1696773617"},{"valueType":"INT64","timestamp":"1696773557"},{"valueType":"INT64","timestamp":"1696773497"},{"valueType":"INT64","timestamp":"1696773437"},{"valueType":"INT64","timestamp":"1696773377"},{"valueType":"INT64","timestamp":"1696773317"},{"valueType":"INT64","timestamp":"1696773257"},{"valueType":"INT64","timestamp":"1696773197"},{"valueType":"INT64","timestamp":"1696773137"},{"valueType":"INT64","timestamp":"1696773077"},{"valueType":"INT64","timestamp":"1696773017"},{"valueType":"INT64","timestamp":"1696772957"},{"valueType":"INT64","timestamp":"1696772897"},{"valueType":"INT64","timestamp":"1696772837"},{"valueType":"INT64","timestamp":"1696772777"},{"valueType":"INT64","timestamp":"1696772717"},{"valueType":"INT64","timestamp":"1696772657"},{"valueType":"INT64","timestamp":"1696772597"},{"valueType":"INT64","timestamp":"1696772537"},{"valueType":"INT64","timestamp":"1696772477"},{"valueType":"INT64","timestamp":"1696772417"},{"valueType":"INT64","timestamp":"1696772357"},{"valueType":"INT64","timestamp":"1696772297"},{"valueType":"INT64","timestamp":"1696772237"},{"valueType":"INT64","timestamp":"1696772177"},{"valueType":"INT64","timestamp":"1696772117"},{"valueType":"INT64","timestamp":"1696772057"},{"valueType":"INT64","timestamp":"1696771997"},{"valueType":"INT64","timestamp":"1696771937"},{"valueType":"INT64","timestamp":"1696771877"},{"valueType":"INT64","timestamp":"1696771817"},{"valueType":"INT64","timestamp":"1696771757"},{"valueType":"INT64","timestamp":"1696771697"},{"valueType":"INT64","timestamp":"1696771637"},{"valueType":"INT64","timestamp":"1696771577"},{"valueType":"INT64","timestamp":"1696771517"},{"valueType":"INT64","timestamp":"1696771457"},{"valueType":"INT64","timestamp":"1696771397"},{"valueType":"INT64","timestamp":"1696771337"},{"valueType":"INT64","timestamp":"1696771277"},{"valueType":"INT64","timestamp":"1696771217"},{"valueType":"INT64","timestamp":"1696771157"},{"valueType":"INT64","timestamp":"1696771097"},{"valueType":"INT64","timestamp":"1696771037"},{"valueType":"INT64","timestamp":"1696770977"},{"valueType":"INT64","timestamp":"1696770917"},{"valueType":"INT64","timestamp":"1696770857"},{"valueType":"INT64","timestamp":"1696770797"},{"valueType":"INT64","timestamp":"1696770737"},{"valueType":"INT64","timestamp":"1696770677"},{"valueType":"INT64","timestamp":"1696770617"},{"valueType":"INT64","timestamp":"1696770557"},{"valueType":"INT64","timestamp":"1696770497"},{"valueType":"INT64","timestamp":"1696770437"},{"valueType":"INT64","timestamp":"1696770377"},{"valueType":"INT64","timestamp":"1696770317"},{"valueType":"INT64","timestamp":"1696770257"},{"valueType":"INT64","timestamp":"1696770197"},{"valueType":"INT64","timestamp":"1696770137"},{"valueType":"INT64","timestamp":"1696770077"},{"valueType":"INT64","timestamp":"1696770017"},{"valueType":"INT64","timestamp":"1696769957"},{"valueType":"INT64","timestamp":"1696769897"},{"valueType":"INT64","timestamp":"1696769837"},{"valueType":"INT64","timestamp":"1696769777"},{"valueType":"INT64","timestamp":"1696769717"},{"valueType":"INT64","timestamp":"1696769657"},{"valueType":"INT64","timestamp":"1696769597"},{"valueType":"INT64","timestamp":"1696769537"},{"valueType":"INT64","timestamp":"1696769477"},{"valueType":"INT64","timestamp":"1696769417"},{"valueType":"INT64","timestamp":"1696769357"},{"valueType":"INT64","timestamp":"1696769297"},{"valueType":"INT64","timestamp":"1696769237"},{"valueType":"INT64","timestamp":"1696769177"},{"valueType":"INT64","timestamp":"1696769117"},{"valueType":"INT64","timestamp":"1696769057"},{"valueType":"INT64","timestamp":"1696768997"},{"valueType":"INT64","timestamp":"1696768937"},{"valueType":"INT64","timestamp":"1696768877"},{"valueType":"INT64","timestamp":"1696768817"},{"valueType":"INT64","timestamp":"1696768757"},{"valueType":"INT64","timestamp":"1696768697"},{"valueType":"INT64","timestamp":"1696768637"},{"valueType":"INT64","timestamp":"1696768577"},{"valueType":"INT64","timestamp":"1696768517"}]}