{"podName":"balancereader-7dc7d9ff57-htn28","containerName":"balancereader","nodeName":null,"metricType":"kubernetes.io/container/memory/used_bytes","metrics":[{"valueType":"INT64","timestamp":"1696785202"},{"valueType":"INT64","timestamp":"1696785142"},{"valueType":"INT64","timestamp":"1696785082"},{"valueType":"INT64","timestamp":"1696785022"},{"valueType":"INT64","timestamp":"1696784962"},{"valueType":"INT64","timestamp":"1696784902"},{"valueType":"INT64","timestamp":"1696784842"},{"valueType":"INT64","timestamp":"1696784782"},{"valueType":"INT64","timestamp":"1696784722"},{"valueType":"INT64","timestamp":"1696784662"},{"valueType":"INT64","timestamp":"1696784602"},{"valueType":"INT64","timestamp":"1696784542"},{"valueType":"INT64","timestamp":"1696784482"},{"valueType":"INT64","timestamp":"1696784422"},{"valueType":"INT64","timestamp":"1696784362"},{"valueType":"INT64","timestamp":"1696784302"},{"valueType":"INT64","timestamp":"1696784242"},{"valueType":"INT64","timestamp":"1696784182"},{"valueType":"INT64","timestamp":"1696784122"},{"valueType":"INT64","timestamp":"1696784062"},{"valueType":"INT64","timestamp":"1696784002"},{"valueType":"INT64","timestamp":"1696783942"},{"valueType":"INT64","timestamp":"1696783882"},{"valueType":"INT64","timestamp":"1696783822"},{"valueType":"INT64","timestamp":"1696783762"},{"valueType":"INT64","timestamp":"1696783702"},{"valueType":"INT64","timestamp":"1696783642"},{"valueType":"INT64","timestamp":"1696783582"},{"valueType":"INT64","timestamp":"1696783522"},{"valueType":"INT64","timestamp":"1696783462"},{"valueType":"INT64","timestamp":"1696783402"},{"valueType":"INT64","timestamp":"1696783342"},{"valueType":"INT64","timestamp":"1696783282"},{"valueType":"INT64","timestamp":"1696783222"},{"valueType":"INT64","timestamp":"1696783162"},{"valueType":"INT64","timestamp":"1696783102"},{"valueType":"INT64","timestamp":"1696783042"},{"valueType":"INT64","timestamp":"1696782982"},{"valueType":"INT64","timestamp":"1696782922"},{"valueType":"INT64","timestamp":"1696782862"},{"valueType":"INT64","timestamp":"1696782802"},{"valueType":"INT64","timestamp":"1696782742"},{"valueType":"INT64","timestamp":"1696782682"},{"valueType":"INT64","timestamp":"1696782622"},{"valueType":"INT64","timestamp":"1696782562"},{"valueType":"INT64","timestamp":"1696782502"},{"valueType":"INT64","timestamp":"1696782442"},{"valueType":"INT64","timestamp":"1696782382"},{"valueType":"INT64","timestamp":"1696782322"},{"valueType":"INT64","timestamp":"1696782262"},{"valueType":"INT64","timestamp":"1696782202"},{"valueType":"INT64","timestamp":"1696782142"},{"valueType":"INT64","timestamp":"1696782082"},{"valueType":"INT64","timestamp":"1696782022"},{"valueType":"INT64","timestamp":"1696781962"},{"valueType":"INT64","timestamp":"1696781902"},{"valueType":"INT64","timestamp":"1696781842"},{"valueType":"INT64","timestamp":"1696781782"},{"valueType":"INT64","timestamp":"1696781722"},{"valueType":"INT64","timestamp":"1696781662"},{"valueType":"INT64","timestamp":"1696781602"},{"valueType":"INT64","timestamp":"1696781542"},{"valueType":"INT64","timestamp":"1696781482"},{"valueType":"INT64","timestamp":"1696781422"},{"valueType":"INT64","timestamp":"1696781362"},{"valueType":"INT64","timestamp":"1696781302"},{"valueType":"INT64","timestamp":"1696781242"},{"valueType":"INT64","timestamp":"1696781182"},{"valueType":"INT64","timestamp":"1696781122"},{"valueType":"INT64","timestamp":"1696781062"},{"valueType":"INT64","timestamp":"1696781002"},{"valueType":"INT64","timestamp":"1696780942"},{"valueType":"INT64","timestamp":"1696780882"},{"valueType":"INT64","timestamp":"1696780822"},{"valueType":"INT64","timestamp":"1696780762"},{"valueType":"INT64","timestamp":"1696780702"},{"valueType":"INT64","timestamp":"1696780642"},{"valueType":"INT64","timestamp":"1696780582"},{"valueType":"INT64","timestamp":"1696780522"},{"valueType":"INT64","timestamp":"1696780462"},{"valueType":"INT64","timestamp":"1696780402"},{"valueType":"INT64","timestamp":"1696780342"},{"valueType":"INT64","timestamp":"1696780282"},{"valueType":"INT64","timestamp":"1696780222"},{"valueType":"INT64","timestamp":"1696780162"},{"valueType":"INT64","timestamp":"1696780102"},{"valueType":"INT64","timestamp":"1696780042"},{"valueType":"INT64","timestamp":"1696779982"},{"valueType":"INT64","timestamp":"1696779922"},{"valueType":"INT64","timestamp":"1696779862"},{"valueType":"INT64","timestamp":"1696779802"},{"valueType":"INT64","timestamp":"1696779742"},{"valueType":"INT64","timestamp":"1696779682"},{"valueType":"INT64","timestamp":"1696779622"},{"valueType":"INT64","timestamp":"1696779562"},{"valueType":"INT64","timestamp":"1696779502"},{"valueType":"INT64","timestamp":"1696779442"},{"valueType":"INT64","timestamp":"1696779382"},{"valueType":"INT64","timestamp":"1696779322"},{"valueType":"INT64","timestamp":"1696779262"},{"valueType":"INT64","timestamp":"1696779202"},{"valueType":"INT64","timestamp":"1696779142"},{"valueType":"INT64","timestamp":"1696779082"},{"valueType":"INT64","timestamp":"1696779022"},{"valueType":"INT64","timestamp":"1696778962"},{"valueType":"INT64","timestamp":"1696778902"},{"valueType":"INT64","timestamp":"1696778842"},{"valueType":"INT64","timestamp":"1696778782"},{"valueType":"INT64","timestamp":"1696778722"},{"valueType":"INT64","timestamp":"1696778662"},{"valueType":"INT64","timestamp":"1696778602"},{"valueType":"INT64","timestamp":"1696778542"},{"valueType":"INT64","timestamp":"1696778482"},{"valueType":"INT64","timestamp":"1696778422"},{"valueType":"INT64","timestamp":"1696778362"},{"valueType":"INT64","timestamp":"1696778302"},{"valueType":"INT64","timestamp":"1696778242"},{"valueType":"INT64","timestamp":"1696778182"},{"valueType":"INT64","timestamp":"1696778122"},{"valueType":"INT64","timestamp":"1696778062"},{"valueType":"INT64","timestamp":"1696778002"},{"valueType":"INT64","timestamp":"1696777942"},{"valueType":"INT64","timestamp":"1696777882"},{"valueType":"INT64","timestamp":"1696777822"},{"valueType":"INT64","timestamp":"1696777762"},{"valueType":"INT64","timestamp":"1696777702"},{"valueType":"INT64","timestamp":"1696777642"},{"valueType":"INT64","timestamp":"1696777582"},{"valueType":"INT64","timestamp":"1696777522"},{"valueType":"INT64","timestamp":"1696777462"},{"valueType":"INT64","timestamp":"1696777402"},{"valueType":"INT64","timestamp":"1696777342"},{"valueType":"INT64","timestamp":"1696777282"},{"valueType":"INT64","timestamp":"1696777222"},{"valueType":"INT64","timestamp":"1696777162"},{"valueType":"INT64","timestamp":"1696777102"},{"valueType":"INT64","timestamp":"1696777042"},{"valueType":"INT64","timestamp":"1696776982"},{"valueType":"INT64","timestamp":"1696776922"},{"valueType":"INT64","timestamp":"1696776862"},{"valueType":"INT64","timestamp":"1696776802"},{"valueType":"INT64","timestamp":"1696776742"},{"valueType":"INT64","timestamp":"1696776682"},{"valueType":"INT64","timestamp":"1696776622"},{"valueType":"INT64","timestamp":"1696776562"},{"valueType":"INT64","timestamp":"1696776502"},{"valueType":"INT64","timestamp":"1696776442"},{"valueType":"INT64","timestamp":"1696776382"},{"valueType":"INT64","timestamp":"1696776322"},{"valueType":"INT64","timestamp":"1696776262"},{"valueType":"INT64","timestamp":"1696776202"},{"valueType":"INT64","timestamp":"1696776142"},{"valueType":"INT64","timestamp":"1696776082"},{"valueType":"INT64","timestamp":"1696776022"},{"valueType":"INT64","timestamp":"1696775962"},{"valueType":"INT64","timestamp":"1696775902"},{"valueType":"INT64","timestamp":"1696775842"},{"valueType":"INT64","timestamp":"1696775782"},{"valueType":"INT64","timestamp":"1696775722"},{"valueType":"INT64","timestamp":"1696775662"},{"valueType":"INT64","timestamp":"1696775602"},{"valueType":"INT64","timestamp":"1696775542"},{"valueType":"INT64","timestamp":"1696775482"},{"valueType":"INT64","timestamp":"1696775422"},{"valueType":"INT64","timestamp":"1696775362"},{"valueType":"INT64","timestamp":"1696775302"},{"valueType":"INT64","timestamp":"1696775242"},{"valueType":"INT64","timestamp":"1696775182"},{"valueType":"INT64","timestamp":"1696775122"},{"valueType":"INT64","timestamp":"1696775062"},{"valueType":"INT64","timestamp":"1696775002"},{"valueType":"INT64","timestamp":"1696774942"},{"valueType":"INT64","timestamp":"1696774882"},{"valueType":"INT64","timestamp":"1696774822"},{"valueType":"INT64","timestamp":"1696774762"},{"valueType":"INT64","timestamp":"1696774702"},{"valueType":"INT64","timestamp":"1696774642"},{"valueType":"INT64","timestamp":"1696774582"},{"valueType":"INT64","timestamp":"1696774522"},{"valueType":"INT64","timestamp":"1696774462"},{"valueType":"INT64","timestamp":"1696774402"},{"valueType":"INT64","timestamp":"1696774342"},{"valueType":"INT64","timestamp":"1696774282"},{"valueType":"INT64","timestamp":"1696774222"},{"valueType":"INT64","timestamp":"1696774162"},{"valueType":"INT64","timestamp":"1696774102"},{"valueType":"INT64","timestamp":"1696774042"},{"valueType":"INT64","timestamp":"1696773982"},{"valueType":"INT64","timestamp":"1696773922"},{"valueType":"INT64","timestamp":"1696773862"},{"valueType":"INT64","timestamp":"1696773802"},{"valueType":"INT64","timestamp":"1696773742"},{"valueType":"INT64","timestamp":"1696773682"},{"valueType":"INT64","timestamp":"1696773622"},{"valueType":"INT64","timestamp":"1696773562"},{"valueType":"INT64","timestamp":"1696773502"},{"valueType":"INT64","timestamp":"1696773442"},{"valueType":"INT64","timestamp":"1696773382"},{"valueType":"INT64","timestamp":"1696773322"},{"valueType":"INT64","timestamp":"1696773262"},{"valueType":"INT64","timestamp":"1696773202"},{"valueType":"INT64","timestamp":"1696773142"},{"valueType":"INT64","timestamp":"1696773082"},{"valueType":"INT64","timestamp":"1696773022"},{"valueType":"INT64","timestamp":"1696772962"},{"valueType":"INT64","timestamp":"1696772902"},{"valueType":"INT64","timestamp":"1696772842"},{"valueType":"INT64","timestamp":"1696772782"},{"valueType":"INT64","timestamp":"1696772722"},{"valueType":"INT64","timestamp":"1696772662"},{"valueType":"INT64","timestamp":"1696772602"},{"valueType":"INT64","timestamp":"1696772542"},{"valueType":"INT64","timestamp":"1696772482"},{"valueType":"INT64","timestamp":"1696772422"},{"valueType":"INT64","timestamp":"1696772362"},{"valueType":"INT64","timestamp":"1696772302"},{"valueType":"INT64","timestamp":"1696772242"},{"valueType":"INT64","timestamp":"1696772182"},{"valueType":"INT64","timestamp":"1696772122"},{"valueType":"INT64","timestamp":"1696772062"},{"valueType":"INT64","timestamp":"1696772002"},{"valueType":"INT64","timestamp":"1696771942"},{"valueType":"INT64","timestamp":"1696771882"},{"valueType":"INT64","timestamp":"1696771822"},{"valueType":"INT64","timestamp":"1696771762"},{"valueType":"INT64","timestamp":"1696771702"},{"valueType":"INT64","timestamp":"1696771642"},{"valueType":"INT64","timestamp":"1696771582"},{"valueType":"INT64","timestamp":"1696771522"},{"valueType":"INT64","timestamp":"1696771462"},{"valueType":"INT64","timestamp":"1696771402"},{"valueType":"INT64","timestamp":"1696771342"},{"valueType":"INT64","timestamp":"1696771282"},{"valueType":"INT64","timestamp":"1696771222"},{"valueType":"INT64","timestamp":"1696771162"},{"valueType":"INT64","timestamp":"1696771102"},{"valueType":"INT64","timestamp":"1696771042"},{"valueType":"INT64","timestamp":"1696770982"},{"valueType":"INT64","timestamp":"1696770922"},{"valueType":"INT64","timestamp":"1696770862"},{"valueType":"INT64","timestamp":"1696770802"},{"valueType":"INT64","timestamp":"1696770742"},{"valueType":"INT64","timestamp":"1696770682"},{"valueType":"INT64","timestamp":"1696770622"},{"valueType":"INT64","timestamp":"1696770562"},{"valueType":"INT64","timestamp":"1696770502"},{"valueType":"INT64","timestamp":"1696770442"},{"valueType":"INT64","timestamp":"1696770382"},{"valueType":"INT64","timestamp":"1696770322"},{"valueType":"INT64","timestamp":"1696770262"},{"valueType":"INT64","timestamp":"1696770202"},{"valueType":"INT64","timestamp":"1696770142"},{"valueType":"INT64","timestamp":"1696770082"},{"valueType":"INT64","timestamp":"1696770022"},{"valueType":"INT64","timestamp":"1696769962"},{"valueType":"INT64","timestamp":"1696769902"},{"valueType":"INT64","timestamp":"1696769842"},{"valueType":"INT64","timestamp":"1696769782"},{"valueType":"INT64","timestamp":"1696769722"},{"valueType":"INT64","timestamp":"1696769662"},{"valueType":"INT64","timestamp":"1696769602"},{"valueType":"INT64","timestamp":"1696769542"},{"valueType":"INT64","timestamp":"1696769482"},{"valueType":"INT64","timestamp":"1696769422"},{"valueType":"INT64","timestamp":"1696769362"},{"valueType":"INT64","timestamp":"1696769302"},{"valueType":"INT64","timestamp":"1696769242"},{"valueType":"INT64","timestamp":"1696769182"},{"valueType":"INT64","timestamp":"1696769122"},{"valueType":"INT64","timestamp":"1696769062"},{"valueType":"INT64","timestamp":"1696769002"},{"valueType":"INT64","timestamp":"1696768942"},{"valueType":"INT64","timestamp":"1696768882"},{"valueType":"INT64","timestamp":"1696768822"},{"valueType":"INT64","timestamp":"1696768762"},{"valueType":"INT64","timestamp":"1696768702"},{"valueType":"INT64","timestamp":"1696768642"},{"valueType":"INT64","timestamp":"1696768582"},{"valueType":"INT64","timestamp":"1696768522"},{"valueType":"INT64","timestamp":"1696785202"},{"valueType":"INT64","timestamp":"1696785142"},{"valueType":"INT64","timestamp":"1696785082"},{"valueType":"INT64","timestamp":"1696785022"},{"valueType":"INT64","timestamp":"1696784962"},{"valueType":"INT64","timestamp":"1696784902"},{"valueType":"INT64","timestamp":"1696784842"},{"valueType":"INT64","timestamp":"1696784782"},{"valueType":"INT64","timestamp":"1696784722"},{"valueType":"INT64","timestamp":"1696784662"},{"valueType":"INT64","timestamp":"1696784602"},{"valueType":"INT64","timestamp":"1696784542"},{"valueType":"INT64","timestamp":"1696784482"},{"valueType":"INT64","timestamp":"1696784422"},{"valueType":"INT64","timestamp":"1696784362"},{"valueType":"INT64","timestamp":"1696784302"},{"valueType":"INT64","timestamp":"1696784242"},{"valueType":"INT64","timestamp":"1696784182"},{"valueType":"INT64","timestamp":"1696784122"},{"valueType":"INT64","timestamp":"1696784062"},{"valueType":"INT64","timestamp":"1696784002"},{"valueType":"INT64","timestamp":"1696783942"},{"valueType":"INT64","timestamp":"1696783882"},{"valueType":"INT64","timestamp":"1696783822"},{"valueType":"INT64","timestamp":"1696783762"},{"valueType":"INT64","timestamp":"1696783702"},{"valueType":"INT64","timestamp":"1696783642"},{"valueType":"INT64","timestamp":"1696783582"},{"valueType":"INT64","timestamp":"1696783522"},{"valueType":"INT64","timestamp":"1696783462"},{"valueType":"INT64","timestamp":"1696783402"},{"valueType":"INT64","timestamp":"1696783342"},{"valueType":"INT64","timestamp":"1696783282"},{"valueType":"INT64","timestamp":"1696783222"},{"valueType":"INT64","timestamp":"1696783162"},{"valueType":"INT64","timestamp":"1696783102"},{"valueType":"INT64","timestamp":"1696783042"},{"valueType":"INT64","timestamp":"1696782982"},{"valueType":"INT64","timestamp":"1696782922"},{"valueType":"INT64","timestamp":"1696782862"},{"valueType":"INT64","timestamp":"1696782802"},{"valueType":"INT64","timestamp":"1696782742"},{"valueType":"INT64","timestamp":"1696782682"},{"valueType":"INT64","timestamp":"1696782622"},{"valueType":"INT64","timestamp":"1696782562"},{"valueType":"INT64","timestamp":"1696782502"},{"valueType":"INT64","timestamp":"1696782442"},{"valueType":"INT64","timestamp":"1696782382"},{"valueType":"INT64","timestamp":"1696782322"},{"valueType":"INT64","timestamp":"1696782262"},{"valueType":"INT64","timestamp":"1696782202"},{"valueType":"INT64","timestamp":"1696782142"},{"valueType":"INT64","timestamp":"1696782082"},{"valueType":"INT64","timestamp":"1696782022"},{"valueType":"INT64","timestamp":"1696781962"},{"valueType":"INT64","timestamp":"1696781902"},{"valueType":"INT64","timestamp":"1696781842"},{"valueType":"INT64","timestamp":"1696781782"},{"valueType":"INT64","timestamp":"1696781722"},{"valueType":"INT64","timestamp":"1696781662"},{"valueType":"INT64","timestamp":"1696781602"},{"valueType":"INT64","timestamp":"1696781542"},{"valueType":"INT64","timestamp":"1696781482"},{"valueType":"INT64","timestamp":"1696781422"},{"valueType":"INT64","timestamp":"1696781362"},{"valueType":"INT64","timestamp":"1696781302"},{"valueType":"INT64","timestamp":"1696781242"},{"valueType":"INT64","timestamp":"1696781182"},{"valueType":"INT64","timestamp":"1696781122"},{"valueType":"INT64","timestamp":"1696781062"},{"valueType":"INT64","timestamp":"1696781002"},{"valueType":"INT64","timestamp":"1696780942"},{"valueType":"INT64","timestamp":"1696780882"},{"valueType":"INT64","timestamp":"1696780822"},{"valueType":"INT64","timestamp":"1696780762"},{"valueType":"INT64","timestamp":"1696780702"},{"valueType":"INT64","timestamp":"1696780642"},{"valueType":"INT64","timestamp":"1696780582"},{"valueType":"INT64","timestamp":"1696780522"},{"valueType":"INT64","timestamp":"1696780462"},{"valueType":"INT64","timestamp":"1696780402"},{"valueType":"INT64","timestamp":"1696780342"},{"valueType":"INT64","timestamp":"1696780282"},{"valueType":"INT64","timestamp":"1696780222"},{"valueType":"INT64","timestamp":"1696780162"},{"valueType":"INT64","timestamp":"1696780102"},{"valueType":"INT64","timestamp":"1696780042"},{"valueType":"INT64","timestamp":"1696779982"},{"valueType":"INT64","timestamp":"1696779922"},{"valueType":"INT64","timestamp":"1696779862"},{"valueType":"INT64","timestamp":"1696779802"},{"valueType":"INT64","timestamp":"1696779742"},{"valueType":"INT64","timestamp":"1696779682"},{"valueType":"INT64","timestamp":"1696779622"},{"valueType":"INT64","timestamp":"1696779562"},{"valueType":"INT64","timestamp":"1696779502"},{"valueType":"INT64","timestamp":"1696779442"},{"valueType":"INT64","timestamp":"1696779382"},{"valueType":"INT64","timestamp":"1696779322"},{"valueType":"INT64","timestamp":"1696779262"},{"valueType":"INT64","timestamp":"1696779202"},{"valueType":"INT64","timestamp":"1696779142"},{"valueType":"INT64","timestamp":"1696779082"},{"valueType":"INT64","timestamp":"1696779022"},{"valueType":"INT64","timestamp":"1696778962"},{"valueType":"INT64","timestamp":"1696778902"},{"valueType":"INT64","timestamp":"1696778842"},{"valueType":"INT64","timestamp":"1696778782"},{"valueType":"INT64","timestamp":"1696778722"},{"valueType":"INT64","timestamp":"1696778662"},{"valueType":"INT64","timestamp":"1696778602"},{"valueType":"INT64","timestamp":"1696778542"},{"valueType":"INT64","timestamp":"1696778482"},{"valueType":"INT64","timestamp":"1696778422"},{"valueType":"INT64","timestamp":"1696778362"},{"valueType":"INT64","timestamp":"1696778302"},{"valueType":"INT64","timestamp":"1696778242"},{"valueType":"INT64","timestamp":"1696778182"},{"valueType":"INT64","timestamp":"1696778122"},{"valueType":"INT64","timestamp":"1696778062"},{"valueType":"INT64","timestamp":"1696778002"},{"valueType":"INT64","timestamp":"1696777942"},{"valueType":"INT64","timestamp":"1696777882"},{"valueType":"INT64","timestamp":"1696777822"},{"valueType":"INT64","timestamp":"1696777762"},{"valueType":"INT64","timestamp":"1696777702"},{"valueType":"INT64","timestamp":"1696777642"},{"valueType":"INT64","timestamp":"1696777582"},{"valueType":"INT64","timestamp":"1696777522"},{"valueType":"INT64","timestamp":"1696777462"},{"valueType":"INT64","timestamp":"1696777402"},{"valueType":"INT64","timestamp":"1696777342"},{"valueType":"INT64","timestamp":"1696777282"},{"valueType":"INT64","timestamp":"1696777222"},{"valueType":"INT64","timestamp":"1696777162"},{"valueType":"INT64","timestamp":"1696777102"},{"valueType":"INT64","timestamp":"1696777042"},{"valueType":"INT64","timestamp":"1696776982"},{"valueType":"INT64","timestamp":"1696776922"},{"valueType":"INT64","timestamp":"1696776862"},{"valueType":"INT64","timestamp":"1696776802"},{"valueType":"INT64","timestamp":"1696776742"},{"valueType":"INT64","timestamp":"1696776682"},{"valueType":"INT64","timestamp":"1696776622"},{"valueType":"INT64","timestamp":"1696776562"},{"valueType":"INT64","timestamp":"1696776502"},{"valueType":"INT64","timestamp":"1696776442"},{"valueType":"INT64","timestamp":"1696776382"},{"valueType":"INT64","timestamp":"1696776322"},{"valueType":"INT64","timestamp":"1696776262"},{"valueType":"INT64","timestamp":"1696776202"},{"valueType":"INT64","timestamp":"1696776142"},{"valueType":"INT64","timestamp":"1696776082"},{"valueType":"INT64","timestamp":"1696776022"},{"valueType":"INT64","timestamp":"1696775962"},{"valueType":"INT64","timestamp":"1696775902"},{"valueType":"INT64","timestamp":"1696775842"},{"valueType":"INT64","timestamp":"1696775782"},{"valueType":"INT64","timestamp":"1696775722"},{"valueType":"INT64","timestamp":"1696775662"},{"valueType":"INT64","timestamp":"1696775602"},{"valueType":"INT64","timestamp":"1696775542"},{"valueType":"INT64","timestamp":"1696775482"},{"valueType":"INT64","timestamp":"1696775422"},{"valueType":"INT64","timestamp":"1696775362"},{"valueType":"INT64","timestamp":"1696775302"},{"valueType":"INT64","timestamp":"1696775242"},{"valueType":"INT64","timestamp":"1696775182"},{"valueType":"INT64","timestamp":"1696775122"},{"valueType":"INT64","timestamp":"1696775062"},{"valueType":"INT64","timestamp":"1696775002"},{"valueType":"INT64","timestamp":"1696774942"},{"valueType":"INT64","timestamp":"1696774882"},{"valueType":"INT64","timestamp":"1696774822"},{"valueType":"INT64","timestamp":"1696774762"},{"valueType":"INT64","timestamp":"1696774702"},{"valueType":"INT64","timestamp":"1696774642"},{"valueType":"INT64","timestamp":"1696774582"},{"valueType":"INT64","timestamp":"1696774522"},{"valueType":"INT64","timestamp":"1696774462"},{"valueType":"INT64","timestamp":"1696774402"},{"valueType":"INT64","timestamp":"1696774342"},{"valueType":"INT64","timestamp":"1696774282"},{"valueType":"INT64","timestamp":"1696774222"},{"valueType":"INT64","timestamp":"1696774162"},{"valueType":"INT64","timestamp":"1696774102"},{"valueType":"INT64","timestamp":"1696774042"},{"valueType":"INT64","timestamp":"1696773982"},{"valueType":"INT64","timestamp":"1696773922"},{"valueType":"INT64","timestamp":"1696773862"},{"valueType":"INT64","timestamp":"1696773802"},{"valueType":"INT64","timestamp":"1696773742"},{"valueType":"INT64","timestamp":"1696773682"},{"valueType":"INT64","timestamp":"1696773622"},{"valueType":"INT64","timestamp":"1696773562"},{"valueType":"INT64","timestamp":"1696773502"},{"valueType":"INT64","timestamp":"1696773442"},{"valueType":"INT64","timestamp":"1696773382"},{"valueType":"INT64","timestamp":"1696773322"},{"valueType":"INT64","timestamp":"1696773262"},{"valueType":"INT64","timestamp":"1696773202"},{"valueType":"INT64","timestamp":"1696773142"},{"valueType":"INT64","timestamp":"1696773082"},{"valueType":"INT64","timestamp":"1696773022"},{"valueType":"INT64","timestamp":"1696772962"},{"valueType":"INT64","timestamp":"1696772902"},{"valueType":"INT64","timestamp":"1696772842"},{"valueType":"INT64","timestamp":"1696772782"},{"valueType":"INT64","timestamp":"1696772722"},{"valueType":"INT64","timestamp":"1696772662"},{"valueType":"INT64","timestamp":"1696772602"},{"valueType":"INT64","timestamp":"1696772542"},{"valueType":"INT64","timestamp":"1696772482"},{"valueType":"INT64","timestamp":"1696772422"},{"valueType":"INT64","timestamp":"1696772362"},{"valueType":"INT64","timestamp":"1696772302"},{"valueType":"INT64","timestamp":"1696772242"},{"valueType":"INT64","timestamp":"1696772182"},{"valueType":"INT64","timestamp":"1696772122"},{"valueType":"INT64","timestamp":"1696772062"},{"valueType":"INT64","timestamp":"1696772002"},{"valueType":"INT64","timestamp":"1696771942"},{"valueType":"INT64","timestamp":"1696771882"},{"valueType":"INT64","timestamp":"1696771822"},{"valueType":"INT64","timestamp":"1696771762"},{"valueType":"INT64","timestamp":"1696771702"},{"valueType":"INT64","timestamp":"1696771642"},{"valueType":"INT64","timestamp":"1696771582"},{"valueType":"INT64","timestamp":"1696771522"},{"valueType":"INT64","timestamp":"1696771462"},{"valueType":"INT64","timestamp":"1696771402"},{"valueType":"INT64","timestamp":"1696771342"},{"valueType":"INT64","timestamp":"1696771282"},{"valueType":"INT64","timestamp":"1696771222"},{"valueType":"INT64","timestamp":"1696771162"},{"valueType":"INT64","timestamp":"1696771102"},{"valueType":"INT64","timestamp":"1696771042"},{"valueType":"INT64","timestamp":"1696770982"},{"valueType":"INT64","timestamp":"1696770922"},{"valueType":"INT64","timestamp":"1696770862"},{"valueType":"INT64","timestamp":"1696770802"},{"valueType":"INT64","timestamp":"1696770742"},{"valueType":"INT64","timestamp":"1696770682"},{"valueType":"INT64","timestamp":"1696770622"},{"valueType":"INT64","timestamp":"1696770562"},{"valueType":"INT64","timestamp":"1696770502"},{"valueType":"INT64","timestamp":"1696770442"},{"valueType":"INT64","timestamp":"1696770382"},{"valueType":"INT64","timestamp":"1696770322"},{"valueType":"INT64","timestamp":"1696770262"},{"valueType":"INT64","timestamp":"1696770202"},{"valueType":"INT64","timestamp":"1696770142"},{"valueType":"INT64","timestamp":"1696770082"},{"valueType":"INT64","timestamp":"1696770022"},{"valueType":"INT64","timestamp":"1696769962"},{"valueType":"INT64","timestamp":"1696769902"},{"valueType":"INT64","timestamp":"1696769842"},{"valueType":"INT64","timestamp":"1696769782"},{"valueType":"INT64","timestamp":"1696769722"},{"valueType":"INT64","timestamp":"1696769662"},{"valueType":"INT64","timestamp":"1696769602"},{"valueType":"INT64","timestamp":"1696769542"},{"valueType":"INT64","timestamp":"1696769482"},{"valueType":"INT64","timestamp":"1696769422"},{"valueType":"INT64","timestamp":"1696769362"},{"valueType":"INT64","timestamp":"1696769302"},{"valueType":"INT64","timestamp":"1696769242"},{"valueType":"INT64","timestamp":"1696769182"},{"valueType":"INT64","timestamp":"1696769122"},{"valueType":"INT64","timestamp":"1696769062"},{"valueType":"INT64","timestamp":"1696769002"},{"valueType":"INT64","timestamp":"1696768942"},{"valueType":"INT64","timestamp":"1696768882"},{"valueType":"INT64","timestamp":"1696768822"},{"valueType":"INT64","timestamp":"1696768762"},{"valueType":"INT64","timestamp":"1696768702"},{"valueType":"INT64","timestamp":"1696768642"},{"valueType":"INT64","timestamp":"1696768582"},{"valueType":"INT64","timestamp":"1696768522"}]}