{"podName":"balancereader-7dc7d9ff57-htn28","containerName":"balancereader","nodeName":null,"metricType":"kubernetes.io/container/cpu/core_usage_time","metrics":[{"valueType":"DOUBLE","timestamp":"1696785202","value":25796.91631},{"valueType":"DOUBLE","timestamp":"1696785142","value":25796.395482},{"valueType":"DOUBLE","timestamp":"1696785082","value":25795.921415},{"valueType":"DOUBLE","timestamp":"1696785022","value":25795.534309},{"valueType":"DOUBLE","timestamp":"1696784962","value":25795.040143},{"valueType":"DOUBLE","timestamp":"1696784902","value":25794.545633},{"valueType":"DOUBLE","timestamp":"1696784842","value":25794.108761},{"valueType":"DOUBLE","timestamp":"1696784782","value":25793.597842},{"valueType":"DOUBLE","timestamp":"1696784722","value":25793.202344},{"valueType":"DOUBLE","timestamp":"1696784662","value":25792.71413},{"valueType":"DOUBLE","timestamp":"1696784602","value":25792.276485},{"valueType":"DOUBLE","timestamp":"1696784542","value":25791.71517},{"valueType":"DOUBLE","timestamp":"1696784482","value":25791.320991},{"valueType":"DOUBLE","timestamp":"1696784422","value":25790.884793},{"valueType":"DOUBLE","timestamp":"1696784362","value":25790.326228},{"valueType":"DOUBLE","timestamp":"1696784302","value":25789.893279},{"valueType":"DOUBLE","timestamp":"1696784242","value":25789.393946},{"valueType":"DOUBLE","timestamp":"1696784182","value":25789.032314},{"valueType":"DOUBLE","timestamp":"1696784122","value":25788.590124},{"valueType":"DOUBLE","timestamp":"1696784062","value":25788.147064},{"valueType":"DOUBLE","timestamp":"1696784002","value":25787.676164},{"valueType":"DOUBLE","timestamp":"1696783942","value":25787.196556},{"valueType":"DOUBLE","timestamp":"1696783882","value":25786.824176},{"valueType":"DOUBLE","timestamp":"1696783822","value":25786.388307},{"valueType":"DOUBLE","timestamp":"1696783762","value":25785.886565},{"valueType":"DOUBLE","timestamp":"1696783702","value":25785.522928},{"valueType":"DOUBLE","timestamp":"1696783642","value":25785.07649},{"valueType":"DOUBLE","timestamp":"1696783582","value":25784.610896},{"valueType":"DOUBLE","timestamp":"1696783522","value":25784.167623},{"valueType":"DOUBLE","timestamp":"1696783462","value":25783.741807},{"valueType":"DOUBLE","timestamp":"1696783402","value":25783.182587},{"valueType":"DOUBLE","timestamp":"1696783342","value":25782.797999},{"valueType":"DOUBLE","timestamp":"1696783282","value":25782.356438},{"valueType":"DOUBLE","timestamp":"1696783222","value":25781.880317},{"valueType":"DOUBLE","timestamp":"1696783162","value":25781.37366},{"valueType":"DOUBLE","timestamp":"1696783102","value":25780.937474},{"valueType":"DOUBLE","timestamp":"1696783042","value":25780.472759},{"valueType":"DOUBLE","timestamp":"1696782982","value":25779.973188},{"valueType":"DOUBLE","timestamp":"1696782922","value":25779.544927},{"valueType":"DOUBLE","timestamp":"1696782862","value":25779.055373},{"valueType":"DOUBLE","timestamp":"1696782802","value":25778.579838},{"valueType":"DOUBLE","timestamp":"1696782742","value":25778.162262},{"valueType":"DOUBLE","timestamp":"1696782682","value":25777.717254},{"valueType":"DOUBLE","timestamp":"1696782622","value":25777.179415},{"valueType":"DOUBLE","timestamp":"1696782562","value":25776.73906},{"valueType":"DOUBLE","timestamp":"1696782502","value":25776.225628},{"valueType":"DOUBLE","timestamp":"1696782442","value":25775.813978},{"valueType":"DOUBLE","timestamp":"1696782382","value":25775.295159},{"valueType":"DOUBLE","timestamp":"1696782322","value":25774.926793},{"valueType":"DOUBLE","timestamp":"1696782262","value":25774.405466},{"valueType":"DOUBLE","timestamp":"1696782202","value":25773.901861},{"valueType":"DOUBLE","timestamp":"1696782142","value":25773.419758},{"valueType":"DOUBLE","timestamp":"1696782082","value":25773.037647},{"valueType":"DOUBLE","timestamp":"1696782022","value":25772.517395},{"valueType":"DOUBLE","timestamp":"1696781962","value":25772.119579},{"valueType":"DOUBLE","timestamp":"1696781902","value":25771.633969},{"valueType":"DOUBLE","timestamp":"1696781842","value":25771.228887},{"valueType":"DOUBLE","timestamp":"1696781782","value":25770.757075},{"valueType":"DOUBLE","timestamp":"1696781722","value":25770.220157},{"valueType":"DOUBLE","timestamp":"1696781662","value":25769.777261},{"valueType":"DOUBLE","timestamp":"1696781602","value":25769.353989},{"valueType":"DOUBLE","timestamp":"1696781542","value":25768.921508},{"valueType":"DOUBLE","timestamp":"1696781482","value":25768.388592},{"valueType":"DOUBLE","timestamp":"1696781422","value":25767.953662},{"valueType":"DOUBLE","timestamp":"1696781362","value":25767.515296},{"valueType":"DOUBLE","timestamp":"1696781302","value":25767.018527},{"valueType":"DOUBLE","timestamp":"1696781242","value":25766.541338},{"valueType":"DOUBLE","timestamp":"1696781182","value":25766.08894},{"valueType":"DOUBLE","timestamp":"1696781122","value":25765.624352},{"valueType":"DOUBLE","timestamp":"1696781062","value":25765.177543},{"valueType":"DOUBLE","timestamp":"1696781002","value":25764.663879},{"valueType":"DOUBLE","timestamp":"1696780942","value":25764.150531},{"valueType":"DOUBLE","timestamp":"1696780882","value":25763.794734},{"valueType":"DOUBLE","timestamp":"1696780822","value":25763.327433},{"valueType":"DOUBLE","timestamp":"1696780762","value":25762.79391},{"valueType":"DOUBLE","timestamp":"1696780702","value":25762.377037},{"valueType":"DOUBLE","timestamp":"1696780642","value":25761.908016},{"valueType":"DOUBLE","timestamp":"1696780582","value":25761.446685},{"valueType":"DOUBLE","timestamp":"1696780522","value":25761.005796},{"valueType":"DOUBLE","timestamp":"1696780462","value":25760.516807},{"valueType":"DOUBLE","timestamp":"1696780402","value":25760.082846},{"valueType":"DOUBLE","timestamp":"1696780342","value":25759.602029},{"valueType":"DOUBLE","timestamp":"1696780282","value":25759.114908},{"valueType":"DOUBLE","timestamp":"1696780222","value":25758.581853},{"valueType":"DOUBLE","timestamp":"1696780162","value":25758.115736},{"valueType":"DOUBLE","timestamp":"1696780102","value":25757.673294},{"valueType":"DOUBLE","timestamp":"1696780042","value":25757.215547},{"valueType":"DOUBLE","timestamp":"1696779982","value":25756.747298},{"valueType":"DOUBLE","timestamp":"1696779922","value":25756.336444},{"valueType":"DOUBLE","timestamp":"1696779862","value":25755.621178},{"valueType":"DOUBLE","timestamp":"1696779802","value":25754.839375},{"valueType":"DOUBLE","timestamp":"1696779742","value":25754.142323},{"valueType":"DOUBLE","timestamp":"1696779682","value":25753.466713},{"valueType":"DOUBLE","timestamp":"1696779622","value":25752.806752},{"valueType":"DOUBLE","timestamp":"1696779562","value":25752.090241},{"valueType":"DOUBLE","timestamp":"1696779502","value":25751.382727},{"valueType":"DOUBLE","timestamp":"1696779442","value":25750.589563},{"valueType":"DOUBLE","timestamp":"1696779382","value":25749.971945},{"valueType":"DOUBLE","timestamp":"1696779322","value":25749.209261},{"valueType":"DOUBLE","timestamp":"1696779262","value":25748.433777},{"valueType":"DOUBLE","timestamp":"1696779202","value":25747.662916},{"valueType":"DOUBLE","timestamp":"1696779142","value":25747.026171},{"valueType":"DOUBLE","timestamp":"1696779082","value":25746.187138},{"valueType":"DOUBLE","timestamp":"1696779022","value":25745.45116},{"valueType":"DOUBLE","timestamp":"1696778962","value":25744.758727},{"valueType":"DOUBLE","timestamp":"1696778902","value":25744.04306},{"valueType":"DOUBLE","timestamp":"1696778842","value":25743.355529},{"valueType":"DOUBLE","timestamp":"1696778782","value":25742.63275},{"valueType":"DOUBLE","timestamp":"1696778722","value":25741.906045},{"valueType":"DOUBLE","timestamp":"1696778662","value":25741.307663},{"valueType":"DOUBLE","timestamp":"1696778602","value":25740.588108},{"valueType":"DOUBLE","timestamp":"1696778542","value":25739.863926},{"valueType":"DOUBLE","timestamp":"1696778482","value":25739.180938},{"valueType":"DOUBLE","timestamp":"1696778422","value":25738.478408},{"valueType":"DOUBLE","timestamp":"1696778362","value":25737.797202},{"valueType":"DOUBLE","timestamp":"1696778302","value":25737.043038},{"valueType":"DOUBLE","timestamp":"1696778242","value":25736.21727},{"valueType":"DOUBLE","timestamp":"1696778182","value":25735.692051},{"valueType":"DOUBLE","timestamp":"1696778122","value":25734.902783},{"valueType":"DOUBLE","timestamp":"1696778062","value":25734.203507},{"valueType":"DOUBLE","timestamp":"1696778002","value":25733.434696},{"valueType":"DOUBLE","timestamp":"1696777942","value":25732.815547},{"valueType":"DOUBLE","timestamp":"1696777882","value":25732.158504},{"valueType":"DOUBLE","timestamp":"1696777822","value":25731.393842},{"valueType":"DOUBLE","timestamp":"1696777762","value":25730.778813},{"valueType":"DOUBLE","timestamp":"1696777702","value":25730.144361},{"valueType":"DOUBLE","timestamp":"1696777642","value":25729.435718},{"valueType":"DOUBLE","timestamp":"1696777582","value":25728.781765},{"valueType":"DOUBLE","timestamp":"1696777522","value":25728.133027},{"valueType":"DOUBLE","timestamp":"1696777462","value":25727.352663},{"valueType":"DOUBLE","timestamp":"1696777402","value":25726.69965},{"valueType":"DOUBLE","timestamp":"1696777342","value":25725.91543},{"valueType":"DOUBLE","timestamp":"1696777282","value":25725.273182},{"valueType":"DOUBLE","timestamp":"1696777222","value":25724.595436},{"valueType":"DOUBLE","timestamp":"1696777162","value":25723.850707},{"valueType":"DOUBLE","timestamp":"1696777102","value":25723.092343},{"valueType":"DOUBLE","timestamp":"1696777042","value":25722.357007},{"valueType":"DOUBLE","timestamp":"1696776982","value":25721.692284},{"valueType":"DOUBLE","timestamp":"1696776922","value":25720.978493},{"valueType":"DOUBLE","timestamp":"1696776862","value":25720.149679},{"valueType":"DOUBLE","timestamp":"1696776802","value":25719.550354},{"valueType":"DOUBLE","timestamp":"1696776742","value":25718.748268},{"valueType":"DOUBLE","timestamp":"1696776682","value":25718.122422},{"valueType":"DOUBLE","timestamp":"1696776622","value":25717.354436},{"valueType":"DOUBLE","timestamp":"1696776562","value":25716.646565},{"valueType":"DOUBLE","timestamp":"1696776502","value":25716.032921},{"valueType":"DOUBLE","timestamp":"1696776442","value":25715.20754},{"valueType":"DOUBLE","timestamp":"1696776382","value":25714.527809},{"valueType":"DOUBLE","timestamp":"1696776322","value":25713.882348},{"valueType":"DOUBLE","timestamp":"1696776262","value":25713.124592},{"valueType":"DOUBLE","timestamp":"1696776202","value":25712.456964},{"valueType":"DOUBLE","timestamp":"1696776142","value":25711.658285},{"valueType":"DOUBLE","timestamp":"1696776082","value":25710.876788},{"valueType":"DOUBLE","timestamp":"1696776022","value":25710.248925},{"valueType":"DOUBLE","timestamp":"1696775962","value":25709.500951},{"valueType":"DOUBLE","timestamp":"1696775902","value":25708.77938},{"valueType":"DOUBLE","timestamp":"1696775842","value":25707.990679},{"valueType":"DOUBLE","timestamp":"1696775782","value":25707.159197},{"valueType":"DOUBLE","timestamp":"1696775722","value":25706.573937},{"valueType":"DOUBLE","timestamp":"1696775662","value":25705.802912},{"valueType":"DOUBLE","timestamp":"1696775602","value":25705.076147},{"valueType":"DOUBLE","timestamp":"1696775542","value":25704.366827},{"valueType":"DOUBLE","timestamp":"1696775482","value":25703.593333},{"valueType":"DOUBLE","timestamp":"1696775422","value":25702.940205},{"valueType":"DOUBLE","timestamp":"1696775362","value":25702.094278},{"valueType":"DOUBLE","timestamp":"1696775302","value":25701.449548},{"valueType":"DOUBLE","timestamp":"1696775242","value":25700.809474},{"valueType":"DOUBLE","timestamp":"1696775182","value":25700.052493},{"valueType":"DOUBLE","timestamp":"1696775122","value":25699.294974},{"valueType":"DOUBLE","timestamp":"1696775062","value":25698.571456},{"valueType":"DOUBLE","timestamp":"1696775002","value":25697.877391},{"valueType":"DOUBLE","timestamp":"1696774942","value":25697.161543},{"valueType":"DOUBLE","timestamp":"1696774882","value":25696.391105},{"valueType":"DOUBLE","timestamp":"1696774822","value":25695.696945},{"valueType":"DOUBLE","timestamp":"1696774762","value":25695.098077},{"valueType":"DOUBLE","timestamp":"1696774702","value":25694.456025},{"valueType":"DOUBLE","timestamp":"1696774642","value":25693.682044},{"valueType":"DOUBLE","timestamp":"1696774582","value":25692.925478},{"valueType":"DOUBLE","timestamp":"1696774522","value":25692.346531},{"valueType":"DOUBLE","timestamp":"1696774462","value":25691.544708},{"valueType":"DOUBLE","timestamp":"1696774402","value":25690.911931},{"valueType":"DOUBLE","timestamp":"1696774342","value":25690.210521},{"valueType":"DOUBLE","timestamp":"1696774282","value":25689.370571},{"valueType":"DOUBLE","timestamp":"1696774222","value":25688.796948},{"valueType":"DOUBLE","timestamp":"1696774162","value":25688.151826},{"valueType":"DOUBLE","timestamp":"1696774102","value":25687.408951},{"valueType":"DOUBLE","timestamp":"1696774042","value":25686.735485},{"valueType":"DOUBLE","timestamp":"1696773982","value":25686.003013},{"valueType":"DOUBLE","timestamp":"1696773922","value":25685.313105},{"valueType":"DOUBLE","timestamp":"1696773862","value":25684.461978},{"valueType":"DOUBLE","timestamp":"1696773802","value":25683.784969},{"valueType":"DOUBLE","timestamp":"1696773742","value":25682.985161},{"valueType":"DOUBLE","timestamp":"1696773682","value":25682.392646},{"valueType":"DOUBLE","timestamp":"1696773622","value":25681.537989},{"valueType":"DOUBLE","timestamp":"1696773562","value":25680.902938},{"valueType":"DOUBLE","timestamp":"1696773502","value":25680.195583},{"valueType":"DOUBLE","timestamp":"1696773442","value":25679.551734},{"valueType":"DOUBLE","timestamp":"1696773382","value":25678.922195},{"valueType":"DOUBLE","timestamp":"1696773322","value":25678.137615},{"valueType":"DOUBLE","timestamp":"1696773262","value":25677.5493},{"valueType":"DOUBLE","timestamp":"1696773202","value":25676.828773},{"valueType":"DOUBLE","timestamp":"1696773142","value":25675.963823},{"valueType":"DOUBLE","timestamp":"1696773082","value":25675.445407},{"valueType":"DOUBLE","timestamp":"1696773022","value":25674.582947},{"valueType":"DOUBLE","timestamp":"1696772962","value":25673.903594},{"valueType":"DOUBLE","timestamp":"1696772902","value":25673.364238},{"valueType":"DOUBLE","timestamp":"1696772842","value":25672.537447},{"valueType":"DOUBLE","timestamp":"1696772782","value":25671.271165},{"valueType":"DOUBLE","timestamp":"1696772722","value":25670.599893},{"valueType":"DOUBLE","timestamp":"1696772662","value":25669.930674},{"valueType":"DOUBLE","timestamp":"1696772602","value":25669.244665},{"valueType":"DOUBLE","timestamp":"1696772542","value":25668.505582},{"valueType":"DOUBLE","timestamp":"1696772482","value":25667.761958},{"valueType":"DOUBLE","timestamp":"1696772422","value":25667.059463},{"valueType":"DOUBLE","timestamp":"1696772362","value":25666.388342},{"valueType":"DOUBLE","timestamp":"1696772302","value":25665.733919},{"valueType":"DOUBLE","timestamp":"1696772242","value":25664.884886},{"valueType":"DOUBLE","timestamp":"1696772182","value":25664.227399},{"valueType":"DOUBLE","timestamp":"1696772122","value":25663.535658},{"valueType":"DOUBLE","timestamp":"1696772062","value":25662.797225},{"valueType":"DOUBLE","timestamp":"1696772002","value":25662.111043},{"valueType":"DOUBLE","timestamp":"1696771942","value":25661.350938},{"valueType":"DOUBLE","timestamp":"1696771882","value":25660.626599},{"valueType":"DOUBLE","timestamp":"1696771822","value":25659.886682},{"valueType":"DOUBLE","timestamp":"1696771762","value":25659.221746},{"valueType":"DOUBLE","timestamp":"1696771702","value":25658.497192},{"valueType":"DOUBLE","timestamp":"1696771642","value":25657.733152},{"valueType":"DOUBLE","timestamp":"1696771582","value":25656.976973},{"valueType":"DOUBLE","timestamp":"1696771522","value":25656.258027},{"valueType":"DOUBLE","timestamp":"1696771462","value":25655.705468},{"valueType":"DOUBLE","timestamp":"1696771402","value":25654.951298},{"valueType":"DOUBLE","timestamp":"1696771342","value":25654.283756},{"valueType":"DOUBLE","timestamp":"1696771282","value":25653.535294},{"valueType":"DOUBLE","timestamp":"1696771222","value":25652.826021},{"valueType":"DOUBLE","timestamp":"1696771162","value":25651.971928},{"valueType":"DOUBLE","timestamp":"1696771102","value":25651.309012},{"valueType":"DOUBLE","timestamp":"1696771042","value":25650.558156},{"valueType":"DOUBLE","timestamp":"1696770982","value":25649.925826},{"valueType":"DOUBLE","timestamp":"1696770922","value":25649.194524},{"valueType":"DOUBLE","timestamp":"1696770862","value":25648.375634},{"valueType":"DOUBLE","timestamp":"1696770802","value":25647.75852},{"valueType":"DOUBLE","timestamp":"1696770742","value":25647.046002},{"valueType":"DOUBLE","timestamp":"1696770682","value":25646.231757},{"valueType":"DOUBLE","timestamp":"1696770622","value":25645.62219},{"valueType":"DOUBLE","timestamp":"1696770562","value":25644.715718},{"valueType":"DOUBLE","timestamp":"1696770502","value":25644.083261},{"valueType":"DOUBLE","timestamp":"1696770442","value":25643.430713},{"valueType":"DOUBLE","timestamp":"1696770382","value":25642.60906},{"valueType":"DOUBLE","timestamp":"1696770322","value":25642.111968},{"valueType":"DOUBLE","timestamp":"1696770262","value":25641.40259},{"valueType":"DOUBLE","timestamp":"1696770202","value":25640.595652},{"valueType":"DOUBLE","timestamp":"1696770142","value":25639.902003},{"valueType":"DOUBLE","timestamp":"1696770082","value":25639.203921},{"valueType":"DOUBLE","timestamp":"1696770022","value":25638.538308},{"valueType":"DOUBLE","timestamp":"1696769962","value":25637.618431},{"valueType":"DOUBLE","timestamp":"1696769902","value":25637.073122},{"valueType":"DOUBLE","timestamp":"1696769842","value":25636.290489},{"valueType":"DOUBLE","timestamp":"1696769782","value":25635.608456},{"valueType":"DOUBLE","timestamp":"1696769722","value":25634.799108},{"valueType":"DOUBLE","timestamp":"1696769662","value":25634.189312},{"valueType":"DOUBLE","timestamp":"1696769602","value":25633.424555},{"valueType":"DOUBLE","timestamp":"1696769542","value":25632.79462},{"valueType":"DOUBLE","timestamp":"1696769482","value":25632.015591},{"valueType":"DOUBLE","timestamp":"1696769422","value":25631.36333},{"valueType":"DOUBLE","timestamp":"1696769362","value":25630.587151},{"valueType":"DOUBLE","timestamp":"1696769302","value":25629.895187},{"valueType":"DOUBLE","timestamp":"1696769242","value":25629.146782},{"valueType":"DOUBLE","timestamp":"1696769182","value":25628.266502},{"valueType":"DOUBLE","timestamp":"1696769122","value":25627.689376},{"valueType":"DOUBLE","timestamp":"1696769062","value":25627.055628},{"valueType":"DOUBLE","timestamp":"1696769002","value":25626.171857},{"valueType":"DOUBLE","timestamp":"1696768942","value":25625.488614},{"valueType":"DOUBLE","timestamp":"1696768882","value":25624.86898},{"valueType":"DOUBLE","timestamp":"1696768822","value":25624.021619},{"valueType":"DOUBLE","timestamp":"1696768762","value":25623.366191},{"valueType":"DOUBLE","timestamp":"1696768702","value":25622.613217},{"valueType":"DOUBLE","timestamp":"1696768642","value":25621.999799},{"valueType":"DOUBLE","timestamp":"1696768582","value":25621.178169},{"valueType":"DOUBLE","timestamp":"1696768522","value":25620.608278}]}