{"podName":"contacts-7ddc76d94-bqmht","containerName":"contacts","nodeName":null,"metricType":"kubernetes.io/container/cpu/core_usage_time","metrics":[{"valueType":"DOUBLE","timestamp":"1696785202","value":39624.305995},{"valueType":"DOUBLE","timestamp":"1696785142","value":39624.210904},{"valueType":"DOUBLE","timestamp":"1696785082","value":39624.094317},{"valueType":"DOUBLE","timestamp":"1696785022","value":39624.011282},{"valueType":"DOUBLE","timestamp":"1696784962","value":39623.883274},{"valueType":"DOUBLE","timestamp":"1696784902","value":39623.802812},{"valueType":"DOUBLE","timestamp":"1696784842","value":39623.690847},{"valueType":"DOUBLE","timestamp":"1696784782","value":39623.57088},{"valueType":"DOUBLE","timestamp":"1696784722","value":39623.489421},{"valueType":"DOUBLE","timestamp":"1696784662","value":39623.365679},{"valueType":"DOUBLE","timestamp":"1696784602","value":39623.280018},{"valueType":"DOUBLE","timestamp":"1696784542","value":39623.156987},{"valueType":"DOUBLE","timestamp":"1696784482","value":39623.061534},{"valueType":"DOUBLE","timestamp":"1696784422","value":39622.956322},{"valueType":"DOUBLE","timestamp":"1696784362","value":39622.850439},{"valueType":"DOUBLE","timestamp":"1696784302","value":39622.756154},{"valueType":"DOUBLE","timestamp":"1696784242","value":39622.651185},{"valueType":"DOUBLE","timestamp":"1696784182","value":39622.540813},{"valueType":"DOUBLE","timestamp":"1696784122","value":39622.442543},{"valueType":"DOUBLE","timestamp":"1696784062","value":39622.342345},{"valueType":"DOUBLE","timestamp":"1696784002","value":39622.227267},{"valueType":"DOUBLE","timestamp":"1696783942","value":39622.12318},{"valueType":"DOUBLE","timestamp":"1696783882","value":39622.027498},{"valueType":"DOUBLE","timestamp":"1696783822","value":39621.933788},{"valueType":"DOUBLE","timestamp":"1696783762","value":39621.837889},{"valueType":"DOUBLE","timestamp":"1696783702","value":39621.708908},{"valueType":"DOUBLE","timestamp":"1696783642","value":39621.614624},{"valueType":"DOUBLE","timestamp":"1696783582","value":39621.519687},{"valueType":"DOUBLE","timestamp":"1696783522","value":39621.403769},{"valueType":"DOUBLE","timestamp":"1696783462","value":39621.305919},{"valueType":"DOUBLE","timestamp":"1696783402","value":39621.184021},{"valueType":"DOUBLE","timestamp":"1696783342","value":39621.072611},{"valueType":"DOUBLE","timestamp":"1696783282","value":39620.976598},{"valueType":"DOUBLE","timestamp":"1696783222","value":39620.876036},{"valueType":"DOUBLE","timestamp":"1696783162","value":39620.759081},{"valueType":"DOUBLE","timestamp":"1696783102","value":39620.667615},{"valueType":"DOUBLE","timestamp":"1696783042","value":39620.551889},{"valueType":"DOUBLE","timestamp":"1696782982","value":39620.466196},{"valueType":"DOUBLE","timestamp":"1696782922","value":39620.348951},{"valueType":"DOUBLE","timestamp":"1696782862","value":39620.259051},{"valueType":"DOUBLE","timestamp":"1696782802","value":39620.159228},{"valueType":"DOUBLE","timestamp":"1696782742","value":39620.035301},{"valueType":"DOUBLE","timestamp":"1696782682","value":39619.951023},{"valueType":"DOUBLE","timestamp":"1696782622","value":39619.845954},{"valueType":"DOUBLE","timestamp":"1696782562","value":39619.72706},{"valueType":"DOUBLE","timestamp":"1696782502","value":39619.632395},{"valueType":"DOUBLE","timestamp":"1696782442","value":39619.524207},{"valueType":"DOUBLE","timestamp":"1696782382","value":39619.402674},{"valueType":"DOUBLE","timestamp":"1696782322","value":39619.305506},{"valueType":"DOUBLE","timestamp":"1696782262","value":39619.216505},{"valueType":"DOUBLE","timestamp":"1696782202","value":39619.113309},{"valueType":"DOUBLE","timestamp":"1696782142","value":39619.004529},{"valueType":"DOUBLE","timestamp":"1696782082","value":39618.886092},{"valueType":"DOUBLE","timestamp":"1696782022","value":39618.792143},{"valueType":"DOUBLE","timestamp":"1696781962","value":39618.678556},{"valueType":"DOUBLE","timestamp":"1696781902","value":39618.588446},{"valueType":"DOUBLE","timestamp":"1696781842","value":39618.464062},{"valueType":"DOUBLE","timestamp":"1696781782","value":39618.385164},{"valueType":"DOUBLE","timestamp":"1696781722","value":39618.281532},{"valueType":"DOUBLE","timestamp":"1696781662","value":39618.178746},{"valueType":"DOUBLE","timestamp":"1696781602","value":39618.049394},{"valueType":"DOUBLE","timestamp":"1696781542","value":39617.965941},{"valueType":"DOUBLE","timestamp":"1696781482","value":39617.858052},{"valueType":"DOUBLE","timestamp":"1696781422","value":39617.76524},{"valueType":"DOUBLE","timestamp":"1696781362","value":39617.641927},{"valueType":"DOUBLE","timestamp":"1696781302","value":39617.54037},{"valueType":"DOUBLE","timestamp":"1696781242","value":39617.434023},{"valueType":"DOUBLE","timestamp":"1696781182","value":39617.341458},{"valueType":"DOUBLE","timestamp":"1696781122","value":39617.232426},{"valueType":"DOUBLE","timestamp":"1696781062","value":39617.111209},{"valueType":"DOUBLE","timestamp":"1696781002","value":39617.003661},{"valueType":"DOUBLE","timestamp":"1696780942","value":39616.899003},{"valueType":"DOUBLE","timestamp":"1696780882","value":39616.803532},{"valueType":"DOUBLE","timestamp":"1696780822","value":39616.701393},{"valueType":"DOUBLE","timestamp":"1696780762","value":39616.594009},{"valueType":"DOUBLE","timestamp":"1696780702","value":39616.508677},{"valueType":"DOUBLE","timestamp":"1696780642","value":39616.386586},{"valueType":"DOUBLE","timestamp":"1696780582","value":39616.29289},{"valueType":"DOUBLE","timestamp":"1696780522","value":39616.172121},{"valueType":"DOUBLE","timestamp":"1696780462","value":39616.082235},{"valueType":"DOUBLE","timestamp":"1696780402","value":39615.974928},{"valueType":"DOUBLE","timestamp":"1696780342","value":39615.876543},{"valueType":"DOUBLE","timestamp":"1696780282","value":39615.768278},{"valueType":"DOUBLE","timestamp":"1696780222","value":39615.664865},{"valueType":"DOUBLE","timestamp":"1696780162","value":39615.564198},{"valueType":"DOUBLE","timestamp":"1696780102","value":39615.45722},{"valueType":"DOUBLE","timestamp":"1696780042","value":39615.362022},{"valueType":"DOUBLE","timestamp":"1696779982","value":39615.236265},{"valueType":"DOUBLE","timestamp":"1696779922","value":39615.142182},{"valueType":"DOUBLE","timestamp":"1696779862","value":39614.158286},{"valueType":"DOUBLE","timestamp":"1696779802","value":39613.344922},{"valueType":"DOUBLE","timestamp":"1696779742","value":39612.324251},{"valueType":"DOUBLE","timestamp":"1696779682","value":39611.359725},{"valueType":"DOUBLE","timestamp":"1696779622","value":39610.56889},{"valueType":"DOUBLE","timestamp":"1696779562","value":39609.708384},{"valueType":"DOUBLE","timestamp":"1696779502","value":39608.800188},{"valueType":"DOUBLE","timestamp":"1696779442","value":39607.928146},{"valueType":"DOUBLE","timestamp":"1696779382","value":39607.041267},{"valueType":"DOUBLE","timestamp":"1696779322","value":39606.225023},{"valueType":"DOUBLE","timestamp":"1696779262","value":39605.107591},{"valueType":"DOUBLE","timestamp":"1696779202","value":39604.181837},{"valueType":"DOUBLE","timestamp":"1696779142","value":39603.198603},{"valueType":"DOUBLE","timestamp":"1696779082","value":39602.141874},{"valueType":"DOUBLE","timestamp":"1696779022","value":39601.279804},{"valueType":"DOUBLE","timestamp":"1696778962","value":39600.217557},{"valueType":"DOUBLE","timestamp":"1696778902","value":39599.429007},{"valueType":"DOUBLE","timestamp":"1696778842","value":39598.415222},{"valueType":"DOUBLE","timestamp":"1696778782","value":39597.579833},{"valueType":"DOUBLE","timestamp":"1696778722","value":39596.704105},{"valueType":"DOUBLE","timestamp":"1696778662","value":39595.880863},{"valueType":"DOUBLE","timestamp":"1696778602","value":39594.982619},{"valueType":"DOUBLE","timestamp":"1696778542","value":39594.102289},{"valueType":"DOUBLE","timestamp":"1696778482","value":39593.306288},{"valueType":"DOUBLE","timestamp":"1696778422","value":39592.3197},{"valueType":"DOUBLE","timestamp":"1696778362","value":39591.433388},{"valueType":"DOUBLE","timestamp":"1696778302","value":39590.45982},{"valueType":"DOUBLE","timestamp":"1696778242","value":39589.594857},{"valueType":"DOUBLE","timestamp":"1696778182","value":39588.66973},{"valueType":"DOUBLE","timestamp":"1696778122","value":39587.630457},{"valueType":"DOUBLE","timestamp":"1696778062","value":39586.758079},{"valueType":"DOUBLE","timestamp":"1696778002","value":39586.002057},{"valueType":"DOUBLE","timestamp":"1696777942","value":39585.079815},{"valueType":"DOUBLE","timestamp":"1696777882","value":39584.406171},{"valueType":"DOUBLE","timestamp":"1696777822","value":39583.540255},{"valueType":"DOUBLE","timestamp":"1696777762","value":39582.690139},{"valueType":"DOUBLE","timestamp":"1696777702","value":39581.850712},{"valueType":"DOUBLE","timestamp":"1696777642","value":39580.901585},{"valueType":"DOUBLE","timestamp":"1696777582","value":39580.074117},{"valueType":"DOUBLE","timestamp":"1696777522","value":39579.24969},{"valueType":"DOUBLE","timestamp":"1696777462","value":39578.247816},{"valueType":"DOUBLE","timestamp":"1696777402","value":39577.503803},{"valueType":"DOUBLE","timestamp":"1696777342","value":39576.497026},{"valueType":"DOUBLE","timestamp":"1696777282","value":39575.66602},{"valueType":"DOUBLE","timestamp":"1696777222","value":39575.012855},{"valueType":"DOUBLE","timestamp":"1696777162","value":39574.083791},{"valueType":"DOUBLE","timestamp":"1696777102","value":39572.962545},{"valueType":"DOUBLE","timestamp":"1696777042","value":39572.139335},{"valueType":"DOUBLE","timestamp":"1696776982","value":39571.114217},{"valueType":"DOUBLE","timestamp":"1696776922","value":39570.415697},{"valueType":"DOUBLE","timestamp":"1696776862","value":39569.460737},{"valueType":"DOUBLE","timestamp":"1696776802","value":39568.444102},{"valueType":"DOUBLE","timestamp":"1696776742","value":39567.617734},{"valueType":"DOUBLE","timestamp":"1696776682","value":39566.416075},{"valueType":"DOUBLE","timestamp":"1696776622","value":39565.626684},{"valueType":"DOUBLE","timestamp":"1696776562","value":39564.724398},{"valueType":"DOUBLE","timestamp":"1696776502","value":39564.135605},{"valueType":"DOUBLE","timestamp":"1696776442","value":39562.929687},{"valueType":"DOUBLE","timestamp":"1696776382","value":39562.194279},{"valueType":"DOUBLE","timestamp":"1696776322","value":39561.226313},{"valueType":"DOUBLE","timestamp":"1696776262","value":39560.329958},{"valueType":"DOUBLE","timestamp":"1696776202","value":39559.597962},{"valueType":"DOUBLE","timestamp":"1696776142","value":39558.649649},{"valueType":"DOUBLE","timestamp":"1696776082","value":39557.418461},{"valueType":"DOUBLE","timestamp":"1696776022","value":39556.595178},{"valueType":"DOUBLE","timestamp":"1696775962","value":39555.436588},{"valueType":"DOUBLE","timestamp":"1696775902","value":39554.511428},{"valueType":"DOUBLE","timestamp":"1696775842","value":39553.3438},{"valueType":"DOUBLE","timestamp":"1696775782","value":39552.572445},{"valueType":"DOUBLE","timestamp":"1696775722","value":39551.497127},{"valueType":"DOUBLE","timestamp":"1696775662","value":39550.652836},{"valueType":"DOUBLE","timestamp":"1696775602","value":39549.732196},{"valueType":"DOUBLE","timestamp":"1696775542","value":39548.911874},{"valueType":"DOUBLE","timestamp":"1696775482","value":39547.873989},{"valueType":"DOUBLE","timestamp":"1696775422","value":39547.020184},{"valueType":"DOUBLE","timestamp":"1696775362","value":39546.007637},{"valueType":"DOUBLE","timestamp":"1696775302","value":39545.260957},{"valueType":"DOUBLE","timestamp":"1696775242","value":39544.329499},{"valueType":"DOUBLE","timestamp":"1696775182","value":39543.454829},{"valueType":"DOUBLE","timestamp":"1696775122","value":39542.14112},{"valueType":"DOUBLE","timestamp":"1696775062","value":39541.383894},{"valueType":"DOUBLE","timestamp":"1696775002","value":39540.414745},{"valueType":"DOUBLE","timestamp":"1696774942","value":39539.487693},{"valueType":"DOUBLE","timestamp":"1696774882","value":39538.560955},{"valueType":"DOUBLE","timestamp":"1696774822","value":39537.742446},{"valueType":"DOUBLE","timestamp":"1696774762","value":39536.934837},{"valueType":"DOUBLE","timestamp":"1696774702","value":39536.168294},{"valueType":"DOUBLE","timestamp":"1696774642","value":39535.12783},{"valueType":"DOUBLE","timestamp":"1696774582","value":39534.148594},{"valueType":"DOUBLE","timestamp":"1696774522","value":39533.326124},{"valueType":"DOUBLE","timestamp":"1696774462","value":39532.31906},{"valueType":"DOUBLE","timestamp":"1696774402","value":39531.455421},{"valueType":"DOUBLE","timestamp":"1696774342","value":39530.398297},{"valueType":"DOUBLE","timestamp":"1696774282","value":39529.717906},{"valueType":"DOUBLE","timestamp":"1696774222","value":39528.847876},{"valueType":"DOUBLE","timestamp":"1696774162","value":39527.85948},{"valueType":"DOUBLE","timestamp":"1696774102","value":39526.999302},{"valueType":"DOUBLE","timestamp":"1696774042","value":39526.072361},{"valueType":"DOUBLE","timestamp":"1696773982","value":39525.103518},{"valueType":"DOUBLE","timestamp":"1696773922","value":39524.107708},{"valueType":"DOUBLE","timestamp":"1696773862","value":39523.231401},{"valueType":"DOUBLE","timestamp":"1696773802","value":39522.133769},{"valueType":"DOUBLE","timestamp":"1696773742","value":39521.137444},{"valueType":"DOUBLE","timestamp":"1696773682","value":39520.355493},{"valueType":"DOUBLE","timestamp":"1696773622","value":39519.210647},{"valueType":"DOUBLE","timestamp":"1696773562","value":39518.152454},{"valueType":"DOUBLE","timestamp":"1696773502","value":39517.375358},{"valueType":"DOUBLE","timestamp":"1696773442","value":39516.487382},{"valueType":"DOUBLE","timestamp":"1696773382","value":39515.499624},{"valueType":"DOUBLE","timestamp":"1696773322","value":39514.377161},{"valueType":"DOUBLE","timestamp":"1696773262","value":39513.711727},{"valueType":"DOUBLE","timestamp":"1696773202","value":39512.584834},{"valueType":"DOUBLE","timestamp":"1696773142","value":39511.742095},{"valueType":"DOUBLE","timestamp":"1696773082","value":39510.787529},{"valueType":"DOUBLE","timestamp":"1696773022","value":39509.871086},{"valueType":"DOUBLE","timestamp":"1696772962","value":39509.109804},{"valueType":"DOUBLE","timestamp":"1696772902","value":39508.3867},{"valueType":"DOUBLE","timestamp":"1696772842","value":39507.363274},{"valueType":"DOUBLE","timestamp":"1696772782","value":39506.587842},{"valueType":"DOUBLE","timestamp":"1696772722","value":39505.635418},{"valueType":"DOUBLE","timestamp":"1696772662","value":39504.764998},{"valueType":"DOUBLE","timestamp":"1696772602","value":39503.64095},{"valueType":"DOUBLE","timestamp":"1696772542","value":39502.904723},{"valueType":"DOUBLE","timestamp":"1696772482","value":39501.979149},{"valueType":"DOUBLE","timestamp":"1696772422","value":39500.85712},{"valueType":"DOUBLE","timestamp":"1696772362","value":39500.223393},{"valueType":"DOUBLE","timestamp":"1696772302","value":39499.348437},{"valueType":"DOUBLE","timestamp":"1696772242","value":39498.374897},{"valueType":"DOUBLE","timestamp":"1696772182","value":39497.498363},{"valueType":"DOUBLE","timestamp":"1696772122","value":39496.520517},{"valueType":"DOUBLE","timestamp":"1696772062","value":39495.554189},{"valueType":"DOUBLE","timestamp":"1696772002","value":39494.636573},{"valueType":"DOUBLE","timestamp":"1696771942","value":39493.877474},{"valueType":"DOUBLE","timestamp":"1696771882","value":39492.886512},{"valueType":"DOUBLE","timestamp":"1696771822","value":39492.045998},{"valueType":"DOUBLE","timestamp":"1696771762","value":39491.010684},{"valueType":"DOUBLE","timestamp":"1696771702","value":39490.104743},{"valueType":"DOUBLE","timestamp":"1696771642","value":39489.376176},{"valueType":"DOUBLE","timestamp":"1696771582","value":39488.293187},{"valueType":"DOUBLE","timestamp":"1696771522","value":39487.40086},{"valueType":"DOUBLE","timestamp":"1696771462","value":39486.384259},{"valueType":"DOUBLE","timestamp":"1696771402","value":39485.56047},{"valueType":"DOUBLE","timestamp":"1696771342","value":39484.523427},{"valueType":"DOUBLE","timestamp":"1696771282","value":39483.620422},{"valueType":"DOUBLE","timestamp":"1696771222","value":39482.747978},{"valueType":"DOUBLE","timestamp":"1696771162","value":39481.60828},{"valueType":"DOUBLE","timestamp":"1696771102","value":39480.74283},{"valueType":"DOUBLE","timestamp":"1696771042","value":39479.790761},{"valueType":"DOUBLE","timestamp":"1696770982","value":39478.978626},{"valueType":"DOUBLE","timestamp":"1696770922","value":39478.185843},{"valueType":"DOUBLE","timestamp":"1696770862","value":39477.19176},{"valueType":"DOUBLE","timestamp":"1696770802","value":39476.062226},{"valueType":"DOUBLE","timestamp":"1696770742","value":39475.186391},{"valueType":"DOUBLE","timestamp":"1696770682","value":39474.508043},{"valueType":"DOUBLE","timestamp":"1696770622","value":39473.470229},{"valueType":"DOUBLE","timestamp":"1696770562","value":39472.343349},{"valueType":"DOUBLE","timestamp":"1696770502","value":39471.640877},{"valueType":"DOUBLE","timestamp":"1696770442","value":39470.729122},{"valueType":"DOUBLE","timestamp":"1696770382","value":39469.790073},{"valueType":"DOUBLE","timestamp":"1696770322","value":39469.013886},{"valueType":"DOUBLE","timestamp":"1696770262","value":39468.068618},{"valueType":"DOUBLE","timestamp":"1696770202","value":39467.155855},{"valueType":"DOUBLE","timestamp":"1696770142","value":39466.154516},{"valueType":"DOUBLE","timestamp":"1696770082","value":39465.248837},{"valueType":"DOUBLE","timestamp":"1696770022","value":39464.43834},{"valueType":"DOUBLE","timestamp":"1696769962","value":39463.435226},{"valueType":"DOUBLE","timestamp":"1696769902","value":39462.654128},{"valueType":"DOUBLE","timestamp":"1696769842","value":39461.630713},{"valueType":"DOUBLE","timestamp":"1696769782","value":39460.559763},{"valueType":"DOUBLE","timestamp":"1696769722","value":39459.564178},{"valueType":"DOUBLE","timestamp":"1696769662","value":39458.805451},{"valueType":"DOUBLE","timestamp":"1696769602","value":39457.741198},{"valueType":"DOUBLE","timestamp":"1696769542","value":39456.777376},{"valueType":"DOUBLE","timestamp":"1696769482","value":39455.927096},{"valueType":"DOUBLE","timestamp":"1696769422","value":39454.881173},{"valueType":"DOUBLE","timestamp":"1696769362","value":39453.982042},{"valueType":"DOUBLE","timestamp":"1696769302","value":39453.083241},{"valueType":"DOUBLE","timestamp":"1696769242","value":39452.047431},{"valueType":"DOUBLE","timestamp":"1696769182","value":39450.95023},{"valueType":"DOUBLE","timestamp":"1696769122","value":39450.078587},{"valueType":"DOUBLE","timestamp":"1696769062","value":39449.100031},{"valueType":"DOUBLE","timestamp":"1696769002","value":39448.119643},{"valueType":"DOUBLE","timestamp":"1696768942","value":39447.312045},{"valueType":"DOUBLE","timestamp":"1696768882","value":39446.641071},{"valueType":"DOUBLE","timestamp":"1696768822","value":39445.573791},{"valueType":"DOUBLE","timestamp":"1696768762","value":39444.448483},{"valueType":"DOUBLE","timestamp":"1696768702","value":39443.649827},{"valueType":"DOUBLE","timestamp":"1696768642","value":39442.676566},{"valueType":"DOUBLE","timestamp":"1696768582","value":39441.903644},{"valueType":"DOUBLE","timestamp":"1696768522","value":39440.958164}]}