{"podName":"contacts-7ddc76d94-bqmht","containerName":"contacts","nodeName":null,"metricType":"kubernetes.io/container/cpu/core_usage_time","metrics":[{"valueType":"DOUBLE","timestamp":"1696701862","value":38389.52098},{"valueType":"DOUBLE","timestamp":"1696701802","value":38388.408496},{"valueType":"DOUBLE","timestamp":"1696701742","value":38387.605352},{"valueType":"DOUBLE","timestamp":"1696701682","value":38386.607783},{"valueType":"DOUBLE","timestamp":"1696701622","value":38385.943316},{"valueType":"DOUBLE","timestamp":"1696701562","value":38384.882601},{"valueType":"DOUBLE","timestamp":"1696701502","value":38383.756432},{"valueType":"DOUBLE","timestamp":"1696701442","value":38382.926635},{"valueType":"DOUBLE","timestamp":"1696701382","value":38381.714015},{"valueType":"DOUBLE","timestamp":"1696701322","value":38381.130905},{"valueType":"DOUBLE","timestamp":"1696701262","value":38380.118052},{"valueType":"DOUBLE","timestamp":"1696701202","value":38379.081584},{"valueType":"DOUBLE","timestamp":"1696701142","value":38378.137415},{"valueType":"DOUBLE","timestamp":"1696701082","value":38377.309451},{"valueType":"DOUBLE","timestamp":"1696701022","value":38376.080167},{"valueType":"DOUBLE","timestamp":"1696700962","value":38375.113347},{"valueType":"DOUBLE","timestamp":"1696700902","value":38374.123643},{"valueType":"DOUBLE","timestamp":"1696700842","value":38372.863117},{"valueType":"DOUBLE","timestamp":"1696700782","value":38372.049981},{"valueType":"DOUBLE","timestamp":"1696700722","value":38370.7995},{"valueType":"DOUBLE","timestamp":"1696700662","value":38369.796474},{"valueType":"DOUBLE","timestamp":"1696700602","value":38369.052618},{"valueType":"DOUBLE","timestamp":"1696700542","value":38367.956599},{"valueType":"DOUBLE","timestamp":"1696700482","value":38367.02801},{"valueType":"DOUBLE","timestamp":"1696700422","value":38365.962677},{"valueType":"DOUBLE","timestamp":"1696700362","value":38365.079915},{"valueType":"DOUBLE","timestamp":"1696700302","value":38364.258899},{"valueType":"DOUBLE","timestamp":"1696700242","value":38363.158549},{"valueType":"DOUBLE","timestamp":"1696700182","value":38362.31026},{"valueType":"DOUBLE","timestamp":"1696700122","value":38361.204475},{"valueType":"DOUBLE","timestamp":"1696700062","value":38360.459297},{"valueType":"DOUBLE","timestamp":"1696700002","value":38359.354822},{"valueType":"DOUBLE","timestamp":"1696699942","value":38358.545015},{"valueType":"DOUBLE","timestamp":"1696699882","value":38357.631351},{"valueType":"DOUBLE","timestamp":"1696699822","value":38356.396871},{"valueType":"DOUBLE","timestamp":"1696699762","value":38355.708723},{"valueType":"DOUBLE","timestamp":"1696699702","value":38354.641641},{"valueType":"DOUBLE","timestamp":"1696699642","value":38353.702173},{"valueType":"DOUBLE","timestamp":"1696699582","value":38352.579252},{"valueType":"DOUBLE","timestamp":"1696699522","value":38351.699917},{"valueType":"DOUBLE","timestamp":"1696699462","value":38350.92033},{"valueType":"DOUBLE","timestamp":"1696699402","value":38349.806645},{"valueType":"DOUBLE","timestamp":"1696699342","value":38348.825249},{"valueType":"DOUBLE","timestamp":"1696699282","value":38347.93527},{"valueType":"DOUBLE","timestamp":"1696699222","value":38346.629822},{"valueType":"DOUBLE","timestamp":"1696699162","value":38345.890148},{"valueType":"DOUBLE","timestamp":"1696699102","value":38344.559609},{"valueType":"DOUBLE","timestamp":"1696699042","value":38343.790098},{"valueType":"DOUBLE","timestamp":"1696698982","value":38342.747276},{"valueType":"DOUBLE","timestamp":"1696698922","value":38341.806672},{"valueType":"DOUBLE","timestamp":"1696698862","value":38340.943256},{"valueType":"DOUBLE","timestamp":"1696698802","value":38340.097311},{"valueType":"DOUBLE","timestamp":"1696698742","value":38338.98235},{"valueType":"DOUBLE","timestamp":"1696698682","value":38338.082138},{"valueType":"DOUBLE","timestamp":"1696698622","value":38337.204045},{"valueType":"DOUBLE","timestamp":"1696698562","value":38336.282645},{"valueType":"DOUBLE","timestamp":"1696698502","value":38335.409799},{"valueType":"DOUBLE","timestamp":"1696698442","value":38334.442573},{"valueType":"DOUBLE","timestamp":"1696698382","value":38333.369115},{"valueType":"DOUBLE","timestamp":"1696698322","value":38332.221739},{"valueType":"DOUBLE","timestamp":"1696698262","value":38331.318953},{"valueType":"DOUBLE","timestamp":"1696698202","value":38330.459928},{"valueType":"DOUBLE","timestamp":"1696698142","value":38329.41935},{"valueType":"DOUBLE","timestamp":"1696698082","value":38328.383543},{"valueType":"DOUBLE","timestamp":"1696698022","value":38327.308029},{"valueType":"DOUBLE","timestamp":"1696697962","value":38326.508973},{"valueType":"DOUBLE","timestamp":"1696697902","value":38325.65711},{"valueType":"DOUBLE","timestamp":"1696697842","value":38324.61705},{"valueType":"DOUBLE","timestamp":"1696697782","value":38323.886409},{"valueType":"DOUBLE","timestamp":"1696697722","value":38322.929633},{"valueType":"DOUBLE","timestamp":"1696697662","value":38321.888429},{"valueType":"DOUBLE","timestamp":"1696697602","value":38321.06648},{"valueType":"DOUBLE","timestamp":"1696697542","value":38320.022452},{"valueType":"DOUBLE","timestamp":"1696697482","value":38319.133588},{"valueType":"DOUBLE","timestamp":"1696697422","value":38318.094056},{"valueType":"DOUBLE","timestamp":"1696697362","value":38317.128332},{"valueType":"DOUBLE","timestamp":"1696697302","value":38316.339368},{"valueType":"DOUBLE","timestamp":"1696697242","value":38315.449104},{"valueType":"DOUBLE","timestamp":"1696697182","value":38314.40277},{"valueType":"DOUBLE","timestamp":"1696697122","value":38313.510815},{"valueType":"DOUBLE","timestamp":"1696697062","value":38312.422275},{"valueType":"DOUBLE","timestamp":"1696697002","value":38311.294919},{"valueType":"DOUBLE","timestamp":"1696696942","value":38310.726422},{"valueType":"DOUBLE","timestamp":"1696696882","value":38309.909744},{"valueType":"DOUBLE","timestamp":"1696696822","value":38308.787245},{"valueType":"DOUBLE","timestamp":"1696696762","value":38307.583943},{"valueType":"DOUBLE","timestamp":"1696696702","value":38306.754153},{"valueType":"DOUBLE","timestamp":"1696696642","value":38305.742259},{"valueType":"DOUBLE","timestamp":"1696696582","value":38304.770184},{"valueType":"DOUBLE","timestamp":"1696696522","value":38303.81905},{"valueType":"DOUBLE","timestamp":"1696696462","value":38302.969876},{"valueType":"DOUBLE","timestamp":"1696696402","value":38301.93926},{"valueType":"DOUBLE","timestamp":"1696696342","value":38301.1976},{"valueType":"DOUBLE","timestamp":"1696696282","value":38300.094549},{"valueType":"DOUBLE","timestamp":"1696696222","value":38299.110982},{"valueType":"DOUBLE","timestamp":"1696696162","value":38297.993402},{"valueType":"DOUBLE","timestamp":"1696696102","value":38297.048027},{"valueType":"DOUBLE","timestamp":"1696696042","value":38295.781879},{"valueType":"DOUBLE","timestamp":"1696695982","value":38294.627933},{"valueType":"DOUBLE","timestamp":"1696695922","value":38293.678386},{"valueType":"DOUBLE","timestamp":"1696695862","value":38292.616675},{"valueType":"DOUBLE","timestamp":"1696695802","value":38291.827828},{"valueType":"DOUBLE","timestamp":"1696695742","value":38290.644903},{"valueType":"DOUBLE","timestamp":"1696695682","value":38289.357042},{"valueType":"DOUBLE","timestamp":"1696695622","value":38288.42079},{"valueType":"DOUBLE","timestamp":"1696695562","value":38287.407527},{"valueType":"DOUBLE","timestamp":"1696695502","value":38286.360314},{"valueType":"DOUBLE","timestamp":"1696695442","value":38285.235221},{"valueType":"DOUBLE","timestamp":"1696695382","value":38284.279235},{"valueType":"DOUBLE","timestamp":"1696695322","value":38283.134104},{"valueType":"DOUBLE","timestamp":"1696695262","value":38282.193767},{"valueType":"DOUBLE","timestamp":"1696695202","value":38281.460848},{"valueType":"DOUBLE","timestamp":"1696695142","value":38280.367206},{"valueType":"DOUBLE","timestamp":"1696695082","value":38279.161316},{"valueType":"DOUBLE","timestamp":"1696695022","value":38278.100133},{"valueType":"DOUBLE","timestamp":"1696694962","value":38277.102632},{"valueType":"DOUBLE","timestamp":"1696694902","value":38276.112226},{"valueType":"DOUBLE","timestamp":"1696694842","value":38275.109412},{"valueType":"DOUBLE","timestamp":"1696694782","value":38274.188242},{"valueType":"DOUBLE","timestamp":"1696694722","value":38273.139946},{"valueType":"DOUBLE","timestamp":"1696694662","value":38271.970293},{"valueType":"DOUBLE","timestamp":"1696694602","value":38271.224548},{"valueType":"DOUBLE","timestamp":"1696694542","value":38270.333799},{"valueType":"DOUBLE","timestamp":"1696694482","value":38269.282425},{"valueType":"DOUBLE","timestamp":"1696694422","value":38268.309587},{"valueType":"DOUBLE","timestamp":"1696694362","value":38267.385487},{"valueType":"DOUBLE","timestamp":"1696694302","value":38266.33181},{"valueType":"DOUBLE","timestamp":"1696694242","value":38265.640596},{"valueType":"DOUBLE","timestamp":"1696694182","value":38264.785747},{"valueType":"DOUBLE","timestamp":"1696694122","value":38263.714511},{"valueType":"DOUBLE","timestamp":"1696694062","value":38262.996473},{"valueType":"DOUBLE","timestamp":"1696694002","value":38262.072178},{"valueType":"DOUBLE","timestamp":"1696693942","value":38261.150934},{"valueType":"DOUBLE","timestamp":"1696693882","value":38260.209967},{"valueType":"DOUBLE","timestamp":"1696693822","value":38259.260895},{"valueType":"DOUBLE","timestamp":"1696693762","value":38258.050243},{"valueType":"DOUBLE","timestamp":"1696693702","value":38257.165254},{"valueType":"DOUBLE","timestamp":"1696693642","value":38256.0877},{"valueType":"DOUBLE","timestamp":"1696693582","value":38254.849829},{"valueType":"DOUBLE","timestamp":"1696693522","value":38253.833344},{"valueType":"DOUBLE","timestamp":"1696693462","value":38252.811992},{"valueType":"DOUBLE","timestamp":"1696693402","value":38251.720734},{"valueType":"DOUBLE","timestamp":"1696693342","value":38250.574612},{"valueType":"DOUBLE","timestamp":"1696693282","value":38249.449263},{"valueType":"DOUBLE","timestamp":"1696693222","value":38248.560898},{"valueType":"DOUBLE","timestamp":"1696693162","value":38247.41153},{"valueType":"DOUBLE","timestamp":"1696693102","value":38246.546506},{"valueType":"DOUBLE","timestamp":"1696693042","value":38245.326364},{"valueType":"DOUBLE","timestamp":"1696692982","value":38244.521094},{"valueType":"DOUBLE","timestamp":"1696692922","value":38243.697771},{"valueType":"DOUBLE","timestamp":"1696692862","value":38243.60368},{"valueType":"DOUBLE","timestamp":"1696692802","value":38243.493759},{"valueType":"DOUBLE","timestamp":"1696692742","value":38243.370277},{"valueType":"DOUBLE","timestamp":"1696692682","value":38243.290612},{"valueType":"DOUBLE","timestamp":"1696692622","value":38243.187573},{"valueType":"DOUBLE","timestamp":"1696692562","value":38243.070165},{"valueType":"DOUBLE","timestamp":"1696692502","value":38242.963986},{"valueType":"DOUBLE","timestamp":"1696692442","value":38242.857486},{"valueType":"DOUBLE","timestamp":"1696692382","value":38242.751013},{"valueType":"DOUBLE","timestamp":"1696692322","value":38242.654048},{"valueType":"DOUBLE","timestamp":"1696692262","value":38241.750065},{"valueType":"DOUBLE","timestamp":"1696692202","value":38240.627939},{"valueType":"DOUBLE","timestamp":"1696692142","value":38240.414593},{"valueType":"DOUBLE","timestamp":"1696692082","value":38240.30988},{"valueType":"DOUBLE","timestamp":"1696692022","value":38240.21614},{"valueType":"DOUBLE","timestamp":"1696691962","value":38240.099311},{"valueType":"DOUBLE","timestamp":"1696691902","value":38239.986133},{"valueType":"DOUBLE","timestamp":"1696691842","value":38239.880124},{"valueType":"DOUBLE","timestamp":"1696691782","value":38239.795464},{"valueType":"DOUBLE","timestamp":"1696691722","value":38239.674936},{"valueType":"DOUBLE","timestamp":"1696691662","value":38239.579012},{"valueType":"DOUBLE","timestamp":"1696691602","value":38239.489551},{"valueType":"DOUBLE","timestamp":"1696691542","value":38239.373387},{"valueType":"DOUBLE","timestamp":"1696691482","value":38239.275173},{"valueType":"DOUBLE","timestamp":"1696691422","value":38239.1607},{"valueType":"DOUBLE","timestamp":"1696691362","value":38239.046827},{"valueType":"DOUBLE","timestamp":"1696691302","value":38238.93992},{"valueType":"DOUBLE","timestamp":"1696691242","value":38238.831372},{"valueType":"DOUBLE","timestamp":"1696691182","value":38238.741177},{"valueType":"DOUBLE","timestamp":"1696691122","value":38238.63639},{"valueType":"DOUBLE","timestamp":"1696691062","value":38238.530034},{"valueType":"DOUBLE","timestamp":"1696691002","value":38238.412241},{"valueType":"DOUBLE","timestamp":"1696690942","value":38238.302163},{"valueType":"DOUBLE","timestamp":"1696690882","value":38238.205897},{"valueType":"DOUBLE","timestamp":"1696690822","value":38238.111614},{"valueType":"DOUBLE","timestamp":"1696690762","value":38238.005513},{"valueType":"DOUBLE","timestamp":"1696690702","value":38237.891586},{"valueType":"DOUBLE","timestamp":"1696690642","value":38237.787889},{"valueType":"DOUBLE","timestamp":"1696690582","value":38237.690208},{"valueType":"DOUBLE","timestamp":"1696690522","value":38237.576672},{"valueType":"DOUBLE","timestamp":"1696690462","value":38237.480691},{"valueType":"DOUBLE","timestamp":"1696690402","value":38237.35421},{"valueType":"DOUBLE","timestamp":"1696690342","value":38237.265114},{"valueType":"DOUBLE","timestamp":"1696690282","value":38237.139817},{"valueType":"DOUBLE","timestamp":"1696690222","value":38237.02581},{"valueType":"DOUBLE","timestamp":"1696690162","value":38236.939461},{"valueType":"DOUBLE","timestamp":"1696690102","value":38236.813261},{"valueType":"DOUBLE","timestamp":"1696690042","value":38236.729381},{"valueType":"DOUBLE","timestamp":"1696689982","value":38236.625689},{"valueType":"DOUBLE","timestamp":"1696689922","value":38236.495601},{"valueType":"DOUBLE","timestamp":"1696689862","value":38236.400339},{"valueType":"DOUBLE","timestamp":"1696689802","value":38236.30156},{"valueType":"DOUBLE","timestamp":"1696689742","value":38236.178807},{"valueType":"DOUBLE","timestamp":"1696689682","value":38236.072186},{"valueType":"DOUBLE","timestamp":"1696689622","value":38235.98275},{"valueType":"DOUBLE","timestamp":"1696689562","value":38235.875892},{"valueType":"DOUBLE","timestamp":"1696689502","value":38235.756636},{"valueType":"DOUBLE","timestamp":"1696689442","value":38235.667542},{"valueType":"DOUBLE","timestamp":"1696689382","value":38235.552872},{"valueType":"DOUBLE","timestamp":"1696689322","value":38235.455174},{"valueType":"DOUBLE","timestamp":"1696689262","value":38235.3318},{"valueType":"DOUBLE","timestamp":"1696689202","value":38235.225475},{"valueType":"DOUBLE","timestamp":"1696689142","value":38235.117603},{"valueType":"DOUBLE","timestamp":"1696689082","value":38235.029759},{"valueType":"DOUBLE","timestamp":"1696689022","value":38234.917665},{"valueType":"DOUBLE","timestamp":"1696688962","value":38234.81154},{"valueType":"DOUBLE","timestamp":"1696688902","value":38234.685285},{"valueType":"DOUBLE","timestamp":"1696688842","value":38234.603686},{"valueType":"DOUBLE","timestamp":"1696688782","value":38234.491292},{"valueType":"DOUBLE","timestamp":"1696688722","value":38234.378972},{"valueType":"DOUBLE","timestamp":"1696688662","value":38234.26914},{"valueType":"DOUBLE","timestamp":"1696688602","value":38234.162866},{"valueType":"DOUBLE","timestamp":"1696688542","value":38234.0626},{"valueType":"DOUBLE","timestamp":"1696688482","value":38233.974595},{"valueType":"DOUBLE","timestamp":"1696688422","value":38233.857958},{"valueType":"DOUBLE","timestamp":"1696688362","value":38233.741076},{"valueType":"DOUBLE","timestamp":"1696688302","value":38233.633436},{"valueType":"DOUBLE","timestamp":"1696688242","value":38233.558889},{"valueType":"DOUBLE","timestamp":"1696688182","value":38233.446625},{"valueType":"DOUBLE","timestamp":"1696688122","value":38233.326412},{"valueType":"DOUBLE","timestamp":"1696688062","value":38233.251607},{"valueType":"DOUBLE","timestamp":"1696688002","value":38233.141817},{"valueType":"DOUBLE","timestamp":"1696687942","value":38233.048312},{"valueType":"DOUBLE","timestamp":"1696687882","value":38232.938257},{"valueType":"DOUBLE","timestamp":"1696687822","value":38232.835512},{"valueType":"DOUBLE","timestamp":"1696687762","value":38232.724916},{"valueType":"DOUBLE","timestamp":"1696687702","value":38232.624964},{"valueType":"DOUBLE","timestamp":"1696687642","value":38232.529225},{"valueType":"DOUBLE","timestamp":"1696687582","value":38232.421341},{"valueType":"DOUBLE","timestamp":"1696687522","value":38232.334246},{"valueType":"DOUBLE","timestamp":"1696687462","value":38232.222372},{"valueType":"DOUBLE","timestamp":"1696687402","value":38232.108518},{"valueType":"DOUBLE","timestamp":"1696687342","value":38232.022869},{"valueType":"DOUBLE","timestamp":"1696687282","value":38231.92238},{"valueType":"DOUBLE","timestamp":"1696687222","value":38231.811264},{"valueType":"DOUBLE","timestamp":"1696687162","value":38231.711963},{"valueType":"DOUBLE","timestamp":"1696687102","value":38231.592405},{"valueType":"DOUBLE","timestamp":"1696687042","value":38231.496288},{"valueType":"DOUBLE","timestamp":"1696686982","value":38231.394895},{"valueType":"DOUBLE","timestamp":"1696686922","value":38231.30261},{"valueType":"DOUBLE","timestamp":"1696686862","value":38231.200395},{"valueType":"DOUBLE","timestamp":"1696686802","value":38231.079825},{"valueType":"DOUBLE","timestamp":"1696686742","value":38230.99338},{"valueType":"DOUBLE","timestamp":"1696686682","value":38230.89646},{"valueType":"DOUBLE","timestamp":"1696686622","value":38230.793296},{"valueType":"DOUBLE","timestamp":"1696686562","value":38230.672133},{"valueType":"DOUBLE","timestamp":"1696686502","value":38230.55775},{"valueType":"DOUBLE","timestamp":"1696686442","value":38230.469051},{"valueType":"DOUBLE","timestamp":"1696686382","value":38230.34892},{"valueType":"DOUBLE","timestamp":"1696686322","value":38230.246523},{"valueType":"DOUBLE","timestamp":"1696686262","value":38229.633574},{"valueType":"DOUBLE","timestamp":"1696686202","value":38229.165223},{"valueType":"DOUBLE","timestamp":"1696686142","value":38229.04974},{"valueType":"DOUBLE","timestamp":"1696686082","value":38228.953792},{"valueType":"DOUBLE","timestamp":"1696686022","value":38228.847323},{"valueType":"DOUBLE","timestamp":"1696685962","value":38228.756252},{"valueType":"DOUBLE","timestamp":"1696685902","value":38228.252504},{"valueType":"DOUBLE","timestamp":"1696685842","value":38226.975563},{"valueType":"DOUBLE","timestamp":"1696685782","value":38226.212415},{"valueType":"DOUBLE","timestamp":"1696685722","value":38225.28297},{"valueType":"DOUBLE","timestamp":"1696685662","value":38224.829776},{"valueType":"DOUBLE","timestamp":"1696685602","value":38223.254204},{"valueType":"DOUBLE","timestamp":"1696685542","value":38222.862541},{"valueType":"DOUBLE","timestamp":"1696685482","value":38222.724432},{"valueType":"DOUBLE","timestamp":"1696685422","value":38222.594277},{"valueType":"DOUBLE","timestamp":"1696685362","value":38222.485793},{"valueType":"DOUBLE","timestamp":"1696685302","value":38222.373045},{"valueType":"DOUBLE","timestamp":"1696685242","value":38222.271924},{"valueType":"DOUBLE","timestamp":"1696685182","value":38222.150127},{"valueType":"DOUBLE","timestamp":"1696685122","value":38222.041674},{"valueType":"DOUBLE","timestamp":"1696685062","value":38221.9392},{"valueType":"DOUBLE","timestamp":"1696685002","value":38221.816009},{"valueType":"DOUBLE","timestamp":"1696684942","value":38221.708697},{"valueType":"DOUBLE","timestamp":"1696684882","value":38221.618833},{"valueType":"DOUBLE","timestamp":"1696684822","value":38221.484328},{"valueType":"DOUBLE","timestamp":"1696684762","value":38221.385704},{"valueType":"DOUBLE","timestamp":"1696684702","value":38221.274784},{"valueType":"DOUBLE","timestamp":"1696684642","value":38221.172256},{"valueType":"DOUBLE","timestamp":"1696684582","value":38221.066243},{"valueType":"DOUBLE","timestamp":"1696684522","value":38220.951588},{"valueType":"DOUBLE","timestamp":"1696684462","value":38220.861774},{"valueType":"DOUBLE","timestamp":"1696684402","value":38220.755914},{"valueType":"DOUBLE","timestamp":"1696684342","value":38220.6337},{"valueType":"DOUBLE","timestamp":"1696684282","value":38220.535612},{"valueType":"DOUBLE","timestamp":"1696684222","value":38220.418987},{"valueType":"DOUBLE","timestamp":"1696684162","value":38220.312564},{"valueType":"DOUBLE","timestamp":"1696684102","value":38220.210157},{"valueType":"DOUBLE","timestamp":"1696684042","value":38220.098345},{"valueType":"DOUBLE","timestamp":"1696683982","value":38220.00077},{"valueType":"DOUBLE","timestamp":"1696683922","value":38219.887515},{"valueType":"DOUBLE","timestamp":"1696683862","value":38219.788947},{"valueType":"DOUBLE","timestamp":"1696683802","value":38219.680051},{"valueType":"DOUBLE","timestamp":"1696683742","value":38219.545837},{"valueType":"DOUBLE","timestamp":"1696683682","value":38219.448302},{"valueType":"DOUBLE","timestamp":"1696683622","value":38219.361138},{"valueType":"DOUBLE","timestamp":"1696683562","value":38219.227378},{"valueType":"DOUBLE","timestamp":"1696683502","value":38218.967412},{"valueType":"DOUBLE","timestamp":"1696683442","value":38217.935926},{"valueType":"DOUBLE","timestamp":"1696683382","value":38217.102671},{"valueType":"DOUBLE","timestamp":"1696683322","value":38215.916841},{"valueType":"DOUBLE","timestamp":"1696683262","value":38215.260973},{"valueType":"DOUBLE","timestamp":"1696683202","value":38214.238973},{"valueType":"DOUBLE","timestamp":"1696683142","value":38213.639398},{"valueType":"DOUBLE","timestamp":"1696683082","value":38212.732694},{"valueType":"DOUBLE","timestamp":"1696683022","value":38212.087057},{"valueType":"DOUBLE","timestamp":"1696682962","value":38211.297851},{"valueType":"DOUBLE","timestamp":"1696682902","value":38210.567335},{"valueType":"DOUBLE","timestamp":"1696682842","value":38209.648103},{"valueType":"DOUBLE","timestamp":"1696682782","value":38209.214174},{"valueType":"DOUBLE","timestamp":"1696682722","value":38208.26575},{"valueType":"DOUBLE","timestamp":"1696682662","value":38207.313341},{"valueType":"DOUBLE","timestamp":"1696682602","value":38206.956661},{"valueType":"DOUBLE","timestamp":"1696682542","value":38206.834255},{"valueType":"DOUBLE","timestamp":"1696682482","value":38206.737769},{"valueType":"DOUBLE","timestamp":"1696682422","value":38206.62301},{"valueType":"DOUBLE","timestamp":"1696682362","value":38206.526812},{"valueType":"DOUBLE","timestamp":"1696682302","value":38206.430153},{"valueType":"DOUBLE","timestamp":"1696682242","value":38206.305802},{"valueType":"DOUBLE","timestamp":"1696682182","value":38206.210781},{"valueType":"DOUBLE","timestamp":"1696682122","value":38206.1058},{"valueType":"DOUBLE","timestamp":"1696682062","value":38205.998683},{"valueType":"DOUBLE","timestamp":"1696682002","value":38205.89084},{"valueType":"DOUBLE","timestamp":"1696681942","value":38205.783208},{"valueType":"DOUBLE","timestamp":"1696681882","value":38205.56122},{"valueType":"DOUBLE","timestamp":"1696681822","value":38204.123403},{"valueType":"DOUBLE","timestamp":"1696681762","value":38202.657039},{"valueType":"DOUBLE","timestamp":"1696681702","value":38201.735605},{"valueType":"DOUBLE","timestamp":"1696681642","value":38200.566878},{"valueType":"DOUBLE","timestamp":"1696681582","value":38199.06978},{"valueType":"DOUBLE","timestamp":"1696681522","value":38197.749613},{"valueType":"DOUBLE","timestamp":"1696681462","value":38196.68805},{"valueType":"DOUBLE","timestamp":"1696681402","value":38195.486118},{"valueType":"DOUBLE","timestamp":"1696681342","value":38194.433332},{"valueType":"DOUBLE","timestamp":"1696681282","value":38193.392056},{"valueType":"DOUBLE","timestamp":"1696681222","value":38192.827584},{"valueType":"DOUBLE","timestamp":"1696681162","value":38192.715664},{"valueType":"DOUBLE","timestamp":"1696681102","value":38192.613744},{"valueType":"DOUBLE","timestamp":"1696681042","value":38192.500302},{"valueType":"DOUBLE","timestamp":"1696680982","value":38192.370679},{"valueType":"DOUBLE","timestamp":"1696680922","value":38192.256319},{"valueType":"DOUBLE","timestamp":"1696680862","value":38192.158778},{"valueType":"DOUBLE","timestamp":"1696680802","value":38192.053143},{"valueType":"DOUBLE","timestamp":"1696680742","value":38191.94845},{"valueType":"DOUBLE","timestamp":"1696680682","value":38191.840461},{"valueType":"DOUBLE","timestamp":"1696680622","value":38191.709263},{"valueType":"DOUBLE","timestamp":"1696680562","value":38191.619318},{"valueType":"DOUBLE","timestamp":"1696680502","value":38191.498286},{"valueType":"DOUBLE","timestamp":"1696680442","value":38191.387537},{"valueType":"DOUBLE","timestamp":"1696680382","value":38191.28295},{"valueType":"DOUBLE","timestamp":"1696680322","value":38191.163926},{"valueType":"DOUBLE","timestamp":"1696680262","value":38191.053598},{"valueType":"DOUBLE","timestamp":"1696680202","value":38190.932497},{"valueType":"DOUBLE","timestamp":"1696680142","value":38190.81908},{"valueType":"DOUBLE","timestamp":"1696680082","value":38190.715121},{"valueType":"DOUBLE","timestamp":"1696680022","value":38190.590653},{"valueType":"DOUBLE","timestamp":"1696679962","value":38190.488345},{"valueType":"DOUBLE","timestamp":"1696679902","value":38190.357628},{"valueType":"DOUBLE","timestamp":"1696679842","value":38190.274273},{"valueType":"DOUBLE","timestamp":"1696679782","value":38190.147065},{"valueType":"DOUBLE","timestamp":"1696679722","value":38190.044917},{"valueType":"DOUBLE","timestamp":"1696679662","value":38189.944754},{"valueType":"DOUBLE","timestamp":"1696679602","value":38189.813447},{"valueType":"DOUBLE","timestamp":"1696679542","value":38189.694985},{"valueType":"DOUBLE","timestamp":"1696679482","value":38189.608518},{"valueType":"DOUBLE","timestamp":"1696679422","value":38189.48819},{"valueType":"DOUBLE","timestamp":"1696679362","value":38189.380295},{"valueType":"DOUBLE","timestamp":"1696679302","value":38189.260168},{"valueType":"DOUBLE","timestamp":"1696679242","value":38189.148416},{"valueType":"DOUBLE","timestamp":"1696679182","value":38189.038476},{"valueType":"DOUBLE","timestamp":"1696679122","value":38188.924936},{"valueType":"DOUBLE","timestamp":"1696679062","value":38188.802099},{"valueType":"DOUBLE","timestamp":"1696679002","value":38188.708987},{"valueType":"DOUBLE","timestamp":"1696678942","value":38188.592056},{"valueType":"DOUBLE","timestamp":"1696678882","value":38188.466725},{"valueType":"DOUBLE","timestamp":"1696678822","value":38188.356394},{"valueType":"DOUBLE","timestamp":"1696678762","value":38188.264644},{"valueType":"DOUBLE","timestamp":"1696678702","value":38188.138782},{"valueType":"DOUBLE","timestamp":"1696678642","value":38188.049349},{"valueType":"DOUBLE","timestamp":"1696678582","value":38187.926142},{"valueType":"DOUBLE","timestamp":"1696678522","value":38187.814486},{"valueType":"DOUBLE","timestamp":"1696678462","value":38187.705768},{"valueType":"DOUBLE","timestamp":"1696678402","value":38187.593422},{"valueType":"DOUBLE","timestamp":"1696678342","value":38187.468563},{"valueType":"DOUBLE","timestamp":"1696678282","value":38187.356404},{"valueType":"DOUBLE","timestamp":"1696678222","value":38187.266003},{"valueType":"DOUBLE","timestamp":"1696678162","value":38187.145919},{"valueType":"DOUBLE","timestamp":"1696678102","value":38187.027477},{"valueType":"DOUBLE","timestamp":"1696678042","value":38186.923021},{"valueType":"DOUBLE","timestamp":"1696677982","value":38186.796172},{"valueType":"DOUBLE","timestamp":"1696677922","value":38186.708023},{"valueType":"DOUBLE","timestamp":"1696677862","value":38186.588791},{"valueType":"DOUBLE","timestamp":"1696677802","value":38186.483726},{"valueType":"DOUBLE","timestamp":"1696677742","value":38186.360268},{"valueType":"DOUBLE","timestamp":"1696677682","value":38186.253617},{"valueType":"DOUBLE","timestamp":"1696677622","value":38186.143725},{"valueType":"DOUBLE","timestamp":"1696677562","value":38186.022927},{"valueType":"DOUBLE","timestamp":"1696677502","value":38185.903074},{"valueType":"DOUBLE","timestamp":"1696677442","value":38185.797491},{"valueType":"DOUBLE","timestamp":"1696677382","value":38185.688255},{"valueType":"DOUBLE","timestamp":"1696677322","value":38185.585907},{"valueType":"DOUBLE","timestamp":"1696677262","value":38185.453711},{"valueType":"DOUBLE","timestamp":"1696677202","value":38185.363064},{"valueType":"DOUBLE","timestamp":"1696677142","value":38185.250049},{"valueType":"DOUBLE","timestamp":"1696677082","value":38185.131114},{"valueType":"DOUBLE","timestamp":"1696677022","value":38185.011559},{"valueType":"DOUBLE","timestamp":"1696676962","value":38184.899764},{"valueType":"DOUBLE","timestamp":"1696676902","value":38184.788853},{"valueType":"DOUBLE","timestamp":"1696676842","value":38184.676407},{"valueType":"DOUBLE","timestamp":"1696676782","value":38184.581886},{"valueType":"DOUBLE","timestamp":"1696676722","value":38184.470768},{"valueType":"DOUBLE","timestamp":"1696676662","value":38184.343646},{"valueType":"DOUBLE","timestamp":"1696676602","value":38184.235561},{"valueType":"DOUBLE","timestamp":"1696676542","value":38184.105731},{"valueType":"DOUBLE","timestamp":"1696676482","value":38184.013813},{"valueType":"DOUBLE","timestamp":"1696676422","value":38183.892859},{"valueType":"DOUBLE","timestamp":"1696676362","value":38183.802507},{"valueType":"DOUBLE","timestamp":"1696676302","value":38183.692034},{"valueType":"DOUBLE","timestamp":"1696676242","value":38183.581992},{"valueType":"DOUBLE","timestamp":"1696676182","value":38183.471249},{"valueType":"DOUBLE","timestamp":"1696676122","value":38183.341193},{"valueType":"DOUBLE","timestamp":"1696676062","value":38183.220357},{"valueType":"DOUBLE","timestamp":"1696676002","value":38183.13918},{"valueType":"DOUBLE","timestamp":"1696675942","value":38183.008003},{"valueType":"DOUBLE","timestamp":"1696675882","value":38182.895222},{"valueType":"DOUBLE","timestamp":"1696675822","value":38182.784598},{"valueType":"DOUBLE","timestamp":"1696675762","value":38182.665457},{"valueType":"DOUBLE","timestamp":"1696675702","value":38182.553604},{"valueType":"DOUBLE","timestamp":"1696675642","value":38182.44956},{"valueType":"DOUBLE","timestamp":"1696675582","value":38182.332365},{"valueType":"DOUBLE","timestamp":"1696675522","value":38182.208079},{"valueType":"DOUBLE","timestamp":"1696675462","value":38182.125351},{"valueType":"DOUBLE","timestamp":"1696675402","value":38182.005389},{"valueType":"DOUBLE","timestamp":"1696675342","value":38181.907479},{"valueType":"DOUBLE","timestamp":"1696675282","value":38181.774093},{"valueType":"DOUBLE","timestamp":"1696675222","value":38181.686353},{"valueType":"DOUBLE","timestamp":"1696675162","value":38181.574077},{"valueType":"DOUBLE","timestamp":"1696675102","value":38181.442344},{"valueType":"DOUBLE","timestamp":"1696675042","value":38181.337103},{"valueType":"DOUBLE","timestamp":"1696674982","value":38181.229835},{"valueType":"DOUBLE","timestamp":"1696674922","value":38181.112018},{"valueType":"DOUBLE","timestamp":"1696674862","value":38180.992449},{"valueType":"DOUBLE","timestamp":"1696674802","value":38180.88927},{"valueType":"DOUBLE","timestamp":"1696674742","value":38180.79041},{"valueType":"DOUBLE","timestamp":"1696674682","value":38180.675821},{"valueType":"DOUBLE","timestamp":"1696674622","value":38180.55573},{"valueType":"DOUBLE","timestamp":"1696674562","value":38180.430193},{"valueType":"DOUBLE","timestamp":"1696674502","value":38180.34176},{"valueType":"DOUBLE","timestamp":"1696674442","value":38180.226763},{"valueType":"DOUBLE","timestamp":"1696674382","value":38180.115951},{"valueType":"DOUBLE","timestamp":"1696674322","value":38179.985693},{"valueType":"DOUBLE","timestamp":"1696674262","value":38179.867306},{"valueType":"DOUBLE","timestamp":"1696674202","value":38179.774451},{"valueType":"DOUBLE","timestamp":"1696674142","value":38179.649719},{"valueType":"DOUBLE","timestamp":"1696674082","value":38179.55085},{"valueType":"DOUBLE","timestamp":"1696674022","value":38179.444004},{"valueType":"DOUBLE","timestamp":"1696673962","value":38179.328632},{"valueType":"DOUBLE","timestamp":"1696673902","value":38179.22218},{"valueType":"DOUBLE","timestamp":"1696673842","value":38179.112517},{"valueType":"DOUBLE","timestamp":"1696673782","value":38179.015979},{"valueType":"DOUBLE","timestamp":"1696673722","value":38178.90694},{"valueType":"DOUBLE","timestamp":"1696673662","value":38178.788641},{"valueType":"DOUBLE","timestamp":"1696673602","value":38178.682689},{"valueType":"DOUBLE","timestamp":"1696673542","value":38178.587723},{"valueType":"DOUBLE","timestamp":"1696673482","value":38178.472159},{"valueType":"DOUBLE","timestamp":"1696673422","value":38178.354227},{"valueType":"DOUBLE","timestamp":"1696673362","value":38178.25497},{"valueType":"DOUBLE","timestamp":"1696673302","value":38178.130985},{"valueType":"DOUBLE","timestamp":"1696673242","value":38178.014275},{"valueType":"DOUBLE","timestamp":"1696673182","value":38177.920753},{"valueType":"DOUBLE","timestamp":"1696673122","value":38177.813935},{"valueType":"DOUBLE","timestamp":"1696673062","value":38177.705269},{"valueType":"DOUBLE","timestamp":"1696673002","value":38177.601039},{"valueType":"DOUBLE","timestamp":"1696672942","value":38177.502537},{"valueType":"DOUBLE","timestamp":"1696672882","value":38177.378141},{"valueType":"DOUBLE","timestamp":"1696672822","value":38177.270612},{"valueType":"DOUBLE","timestamp":"1696672762","value":38177.15328},{"valueType":"DOUBLE","timestamp":"1696672702","value":38177.03542},{"valueType":"DOUBLE","timestamp":"1696672642","value":38176.935798},{"valueType":"DOUBLE","timestamp":"1696672582","value":38176.829269},{"valueType":"DOUBLE","timestamp":"1696672522","value":38176.713341},{"valueType":"DOUBLE","timestamp":"1696672462","value":38176.629365},{"valueType":"DOUBLE","timestamp":"1696672402","value":38176.511974},{"valueType":"DOUBLE","timestamp":"1696672342","value":38176.402322},{"valueType":"DOUBLE","timestamp":"1696672282","value":38176.292107},{"valueType":"DOUBLE","timestamp":"1696672222","value":38176.189838},{"valueType":"DOUBLE","timestamp":"1696672162","value":38176.070702},{"valueType":"DOUBLE","timestamp":"1696672102","value":38175.962806},{"valueType":"DOUBLE","timestamp":"1696672042","value":38175.859156},{"valueType":"DOUBLE","timestamp":"1696671982","value":38175.746525},{"valueType":"DOUBLE","timestamp":"1696671922","value":38175.629626},{"valueType":"DOUBLE","timestamp":"1696671862","value":38175.540562},{"valueType":"DOUBLE","timestamp":"1696671802","value":38175.428336},{"valueType":"DOUBLE","timestamp":"1696671742","value":38175.307773},{"valueType":"DOUBLE","timestamp":"1696671682","value":38175.216067},{"valueType":"DOUBLE","timestamp":"1696671622","value":38175.104085},{"valueType":"DOUBLE","timestamp":"1696671562","value":38174.982165},{"valueType":"DOUBLE","timestamp":"1696671502","value":38174.880062},{"valueType":"DOUBLE","timestamp":"1696671442","value":38174.762759},{"valueType":"DOUBLE","timestamp":"1696671382","value":38174.665151},{"valueType":"DOUBLE","timestamp":"1696671322","value":38174.541583},{"valueType":"DOUBLE","timestamp":"1696671262","value":38174.44605},{"valueType":"DOUBLE","timestamp":"1696671202","value":38174.251909},{"valueType":"DOUBLE","timestamp":"1696671142","value":38174.053784},{"valueType":"DOUBLE","timestamp":"1696671082","value":38173.915356},{"valueType":"DOUBLE","timestamp":"1696671022","value":38173.704069},{"valueType":"DOUBLE","timestamp":"1696670962","value":38173.474662},{"valueType":"DOUBLE","timestamp":"1696670902","value":38172.782479},{"valueType":"DOUBLE","timestamp":"1696670842","value":38171.180979},{"valueType":"DOUBLE","timestamp":"1696670782","value":38170.25592},{"valueType":"DOUBLE","timestamp":"1696670722","value":38168.826969},{"valueType":"DOUBLE","timestamp":"1696670662","value":38167.67602},{"valueType":"DOUBLE","timestamp":"1696670602","value":38166.367624},{"valueType":"DOUBLE","timestamp":"1696670542","value":38165.044731},{"valueType":"DOUBLE","timestamp":"1696670482","value":38163.345491},{"valueType":"DOUBLE","timestamp":"1696670422","value":38161.807456},{"valueType":"DOUBLE","timestamp":"1696670362","value":38160.440724},{"valueType":"DOUBLE","timestamp":"1696670302","value":38159.271158},{"valueType":"DOUBLE","timestamp":"1696670242","value":38158.012075},{"valueType":"DOUBLE","timestamp":"1696670182","value":38156.711654},{"valueType":"DOUBLE","timestamp":"1696670122","value":38155.59316},{"valueType":"DOUBLE","timestamp":"1696670062","value":38154.355741},{"valueType":"DOUBLE","timestamp":"1696670002","value":38153.091241},{"valueType":"DOUBLE","timestamp":"1696669942","value":38152.979646},{"valueType":"DOUBLE","timestamp":"1696669882","value":38152.874503},{"valueType":"DOUBLE","timestamp":"1696669822","value":38152.784962},{"valueType":"DOUBLE","timestamp":"1696669762","value":38152.661801},{"valueType":"DOUBLE","timestamp":"1696669702","value":38152.567444},{"valueType":"DOUBLE","timestamp":"1696669642","value":38152.422497},{"valueType":"DOUBLE","timestamp":"1696669582","value":38152.276308},{"valueType":"DOUBLE","timestamp":"1696669522","value":38152.073188},{"valueType":"DOUBLE","timestamp":"1696669462","value":38151.886207},{"valueType":"DOUBLE","timestamp":"1696669402","value":38151.721431},{"valueType":"DOUBLE","timestamp":"1696669342","value":38151.541804},{"valueType":"DOUBLE","timestamp":"1696669282","value":38151.312279},{"valueType":"DOUBLE","timestamp":"1696669222","value":38151.059},{"valueType":"DOUBLE","timestamp":"1696669162","value":38150.881938},{"valueType":"DOUBLE","timestamp":"1696669102","value":38150.656356},{"valueType":"DOUBLE","timestamp":"1696669042","value":38150.445751},{"valueType":"DOUBLE","timestamp":"1696668982","value":38150.242973},{"valueType":"DOUBLE","timestamp":"1696668922","value":38149.919711},{"valueType":"DOUBLE","timestamp":"1696668862","value":38149.730421},{"valueType":"DOUBLE","timestamp":"1696668802","value":38149.399266},{"valueType":"DOUBLE","timestamp":"1696668742","value":38148.65629},{"valueType":"DOUBLE","timestamp":"1696668682","value":38147.269528},{"valueType":"DOUBLE","timestamp":"1696668622","value":38145.923727},{"valueType":"DOUBLE","timestamp":"1696668562","value":38144.523734},{"valueType":"DOUBLE","timestamp":"1696668502","value":38143.346087},{"valueType":"DOUBLE","timestamp":"1696668442","value":38142.243299},{"valueType":"DOUBLE","timestamp":"1696668382","value":38141.13475},{"valueType":"DOUBLE","timestamp":"1696668322","value":38139.767803},{"valueType":"DOUBLE","timestamp":"1696668262","value":38138.714192},{"valueType":"DOUBLE","timestamp":"1696668202","value":38137.486103},{"valueType":"DOUBLE","timestamp":"1696668142","value":38136.022982},{"valueType":"DOUBLE","timestamp":"1696668082","value":38134.537937},{"valueType":"DOUBLE","timestamp":"1696668022","value":38132.759401},{"valueType":"DOUBLE","timestamp":"1696667962","value":38131.535423},{"valueType":"DOUBLE","timestamp":"1696667902","value":38130.251896},{"valueType":"DOUBLE","timestamp":"1696667842","value":38128.927349},{"valueType":"DOUBLE","timestamp":"1696667782","value":38127.741361},{"valueType":"DOUBLE","timestamp":"1696667722","value":38126.41591},{"valueType":"DOUBLE","timestamp":"1696667662","value":38125.419134},{"valueType":"DOUBLE","timestamp":"1696667602","value":38123.937507},{"valueType":"DOUBLE","timestamp":"1696667542","value":38123.426041},{"valueType":"DOUBLE","timestamp":"1696667482","value":38122.768758},{"valueType":"DOUBLE","timestamp":"1696667422","value":38122.073288},{"valueType":"DOUBLE","timestamp":"1696667362","value":38121.245389},{"valueType":"DOUBLE","timestamp":"1696667302","value":38120.743595},{"valueType":"DOUBLE","timestamp":"1696667242","value":38120.115354},{"valueType":"DOUBLE","timestamp":"1696667182","value":38119.515427},{"valueType":"DOUBLE","timestamp":"1696667122","value":38118.825211},{"valueType":"DOUBLE","timestamp":"1696667062","value":38117.991182},{"valueType":"DOUBLE","timestamp":"1696667002","value":38117.420015},{"valueType":"DOUBLE","timestamp":"1696666942","value":38116.62515},{"valueType":"DOUBLE","timestamp":"1696666882","value":38115.971713},{"valueType":"DOUBLE","timestamp":"1696666822","value":38115.334634},{"valueType":"DOUBLE","timestamp":"1696666762","value":38114.535335},{"valueType":"DOUBLE","timestamp":"1696666702","value":38113.66159},{"valueType":"DOUBLE","timestamp":"1696666642","value":38112.36489},{"valueType":"DOUBLE","timestamp":"1696666582","value":38111.210073},{"valueType":"DOUBLE","timestamp":"1696666522","value":38109.604025},{"valueType":"DOUBLE","timestamp":"1696666462","value":38107.893655},{"valueType":"DOUBLE","timestamp":"1696666402","value":38107.016765},{"valueType":"DOUBLE","timestamp":"1696666342","value":38105.671268},{"valueType":"DOUBLE","timestamp":"1696666282","value":38104.291214},{"valueType":"DOUBLE","timestamp":"1696666222","value":38103.139507},{"valueType":"DOUBLE","timestamp":"1696666162","value":38101.708371},{"valueType":"DOUBLE","timestamp":"1696666102","value":38100.206605},{"valueType":"DOUBLE","timestamp":"1696666042","value":38098.838352},{"valueType":"DOUBLE","timestamp":"1696665982","value":38097.632598},{"valueType":"DOUBLE","timestamp":"1696665922","value":38096.274745},{"valueType":"DOUBLE","timestamp":"1696665862","value":38094.402328},{"valueType":"DOUBLE","timestamp":"1696665802","value":38093.427054},{"valueType":"DOUBLE","timestamp":"1696665742","value":38091.934741},{"valueType":"DOUBLE","timestamp":"1696665682","value":38090.805725},{"valueType":"DOUBLE","timestamp":"1696665622","value":38089.868473},{"valueType":"DOUBLE","timestamp":"1696665562","value":38088.643089},{"valueType":"DOUBLE","timestamp":"1696665502","value":38087.196689},{"valueType":"DOUBLE","timestamp":"1696665442","value":38086.046716},{"valueType":"DOUBLE","timestamp":"1696665382","value":38084.703624},{"valueType":"DOUBLE","timestamp":"1696665322","value":38083.337252},{"valueType":"DOUBLE","timestamp":"1696665262","value":38081.76347},{"valueType":"DOUBLE","timestamp":"1696665202","value":38080.573929},{"valueType":"DOUBLE","timestamp":"1696665142","value":38079.242588},{"valueType":"DOUBLE","timestamp":"1696665082","value":38078.031454},{"valueType":"DOUBLE","timestamp":"1696665022","value":38076.78566},{"valueType":"DOUBLE","timestamp":"1696664962","value":38075.403338},{"valueType":"DOUBLE","timestamp":"1696664902","value":38074.081318},{"valueType":"DOUBLE","timestamp":"1696664842","value":38072.712909},{"valueType":"DOUBLE","timestamp":"1696664782","value":38071.48263},{"valueType":"DOUBLE","timestamp":"1696664722","value":38070.124227},{"valueType":"DOUBLE","timestamp":"1696664662","value":38068.743146},{"valueType":"DOUBLE","timestamp":"1696664602","value":38067.524675},{"valueType":"DOUBLE","timestamp":"1696664542","value":38066.974119},{"valueType":"DOUBLE","timestamp":"1696664482","value":38066.474179},{"valueType":"DOUBLE","timestamp":"1696664422","value":38065.967183},{"valueType":"DOUBLE","timestamp":"1696664362","value":38065.875959},{"valueType":"DOUBLE","timestamp":"1696664302","value":38065.129538},{"valueType":"DOUBLE","timestamp":"1696664242","value":38063.534438},{"valueType":"DOUBLE","timestamp":"1696664182","value":38062.101453},{"valueType":"DOUBLE","timestamp":"1696664122","value":38060.778434},{"valueType":"DOUBLE","timestamp":"1696664062","value":38059.146737},{"valueType":"DOUBLE","timestamp":"1696664002","value":38057.737677},{"valueType":"DOUBLE","timestamp":"1696663942","value":38056.59456},{"valueType":"DOUBLE","timestamp":"1696663882","value":38054.836005},{"valueType":"DOUBLE","timestamp":"1696663822","value":38053.657638},{"valueType":"DOUBLE","timestamp":"1696663762","value":38052.216783},{"valueType":"DOUBLE","timestamp":"1696663702","value":38050.601302},{"valueType":"DOUBLE","timestamp":"1696663642","value":38049.271036},{"valueType":"DOUBLE","timestamp":"1696663582","value":38047.999093},{"valueType":"DOUBLE","timestamp":"1696663522","value":38046.477359},{"valueType":"DOUBLE","timestamp":"1696663462","value":38044.927609},{"valueType":"DOUBLE","timestamp":"1696663402","value":38043.564667},{"valueType":"DOUBLE","timestamp":"1696663342","value":38042.226863},{"valueType":"DOUBLE","timestamp":"1696663282","value":38041.040346},{"valueType":"DOUBLE","timestamp":"1696663222","value":38039.60804},{"valueType":"DOUBLE","timestamp":"1696663162","value":38038.085173},{"valueType":"DOUBLE","timestamp":"1696663102","value":38036.519524},{"valueType":"DOUBLE","timestamp":"1696663042","value":38034.885682},{"valueType":"DOUBLE","timestamp":"1696662982","value":38033.67458},{"valueType":"DOUBLE","timestamp":"1696662922","value":38032.47767},{"valueType":"DOUBLE","timestamp":"1696662862","value":38030.927328},{"valueType":"DOUBLE","timestamp":"1696662802","value":38029.930363},{"valueType":"DOUBLE","timestamp":"1696662742","value":38028.716411},{"valueType":"DOUBLE","timestamp":"1696662682","value":38027.745604},{"valueType":"DOUBLE","timestamp":"1696662622","value":38026.592583},{"valueType":"DOUBLE","timestamp":"1696662562","value":38025.274924},{"valueType":"DOUBLE","timestamp":"1696662502","value":38024.112229},{"valueType":"DOUBLE","timestamp":"1696662442","value":38022.680554},{"valueType":"DOUBLE","timestamp":"1696662382","value":38021.521503},{"valueType":"DOUBLE","timestamp":"1696662322","value":38019.92813},{"valueType":"DOUBLE","timestamp":"1696662262","value":38018.82674},{"valueType":"DOUBLE","timestamp":"1696662202","value":38017.407416},{"valueType":"DOUBLE","timestamp":"1696662142","value":38016.156784},{"valueType":"DOUBLE","timestamp":"1696662082","value":38014.661079},{"valueType":"DOUBLE","timestamp":"1696662022","value":38013.177377},{"valueType":"DOUBLE","timestamp":"1696661962","value":38011.702018},{"valueType":"DOUBLE","timestamp":"1696661902","value":38010.567079},{"valueType":"DOUBLE","timestamp":"1696661842","value":38009.288676},{"valueType":"DOUBLE","timestamp":"1696661782","value":38007.946823},{"valueType":"DOUBLE","timestamp":"1696661722","value":38006.509769},{"valueType":"DOUBLE","timestamp":"1696661662","value":38005.531246},{"valueType":"DOUBLE","timestamp":"1696661602","value":38004.062281},{"valueType":"DOUBLE","timestamp":"1696661542","value":38002.914293},{"valueType":"DOUBLE","timestamp":"1696661482","value":38001.100054},{"valueType":"DOUBLE","timestamp":"1696661422","value":37999.749627},{"valueType":"DOUBLE","timestamp":"1696661362","value":37998.541849},{"valueType":"DOUBLE","timestamp":"1696661302","value":37997.251092},{"valueType":"DOUBLE","timestamp":"1696661242","value":37995.49878},{"valueType":"DOUBLE","timestamp":"1696661182","value":37994.31052},{"valueType":"DOUBLE","timestamp":"1696661122","value":37992.580482},{"valueType":"DOUBLE","timestamp":"1696661062","value":37991.233197},{"valueType":"DOUBLE","timestamp":"1696661002","value":37989.639097},{"valueType":"DOUBLE","timestamp":"1696660942","value":37988.191766},{"valueType":"DOUBLE","timestamp":"1696660882","value":37986.382676},{"valueType":"DOUBLE","timestamp":"1696660822","value":37985.232771},{"valueType":"DOUBLE","timestamp":"1696660762","value":37983.64591},{"valueType":"DOUBLE","timestamp":"1696660702","value":37982.652302},{"valueType":"DOUBLE","timestamp":"1696660642","value":37981.384533},{"valueType":"DOUBLE","timestamp":"1696660582","value":37980.240365},{"valueType":"DOUBLE","timestamp":"1696660522","value":37978.9446},{"valueType":"DOUBLE","timestamp":"1696660462","value":37977.687691},{"valueType":"DOUBLE","timestamp":"1696660402","value":37976.162081},{"valueType":"DOUBLE","timestamp":"1696660342","value":37975.052955},{"valueType":"DOUBLE","timestamp":"1696660282","value":37973.646995},{"valueType":"DOUBLE","timestamp":"1696660222","value":37972.384418},{"valueType":"DOUBLE","timestamp":"1696660162","value":37971.307488},{"valueType":"DOUBLE","timestamp":"1696660102","value":37969.945462},{"valueType":"DOUBLE","timestamp":"1696660042","value":37968.500103},{"valueType":"DOUBLE","timestamp":"1696659982","value":37967.091095},{"valueType":"DOUBLE","timestamp":"1696659922","value":37965.735398},{"valueType":"DOUBLE","timestamp":"1696659862","value":37964.339196},{"valueType":"DOUBLE","timestamp":"1696659802","value":37963.28412},{"valueType":"DOUBLE","timestamp":"1696659742","value":37962.071993},{"valueType":"DOUBLE","timestamp":"1696659682","value":37960.907856},{"valueType":"DOUBLE","timestamp":"1696659622","value":37959.146439},{"valueType":"DOUBLE","timestamp":"1696659562","value":37958.232617},{"valueType":"DOUBLE","timestamp":"1696659502","value":37956.919931},{"valueType":"DOUBLE","timestamp":"1696659442","value":37955.552188},{"valueType":"DOUBLE","timestamp":"1696659382","value":37953.857839},{"valueType":"DOUBLE","timestamp":"1696659322","value":37952.785817},{"valueType":"DOUBLE","timestamp":"1696659262","value":37950.961063},{"valueType":"DOUBLE","timestamp":"1696659202","value":37949.343406},{"valueType":"DOUBLE","timestamp":"1696659142","value":37947.952417},{"valueType":"DOUBLE","timestamp":"1696659082","value":37947.165165},{"valueType":"DOUBLE","timestamp":"1696659022","value":37945.789128},{"valueType":"DOUBLE","timestamp":"1696658962","value":37944.66604},{"valueType":"DOUBLE","timestamp":"1696658902","value":37943.467226},{"valueType":"DOUBLE","timestamp":"1696658842","value":37942.159871},{"valueType":"DOUBLE","timestamp":"1696658782","value":37940.631219},{"valueType":"DOUBLE","timestamp":"1696658722","value":37939.647453},{"valueType":"DOUBLE","timestamp":"1696658662","value":37938.637404},{"valueType":"DOUBLE","timestamp":"1696658602","value":37937.41065},{"valueType":"DOUBLE","timestamp":"1696658542","value":37936.091629},{"valueType":"DOUBLE","timestamp":"1696658482","value":37934.913316},{"valueType":"DOUBLE","timestamp":"1696658422","value":37933.80448},{"valueType":"DOUBLE","timestamp":"1696658362","value":37932.466193},{"valueType":"DOUBLE","timestamp":"1696658302","value":37931.27724},{"valueType":"DOUBLE","timestamp":"1696658242","value":37929.96379},{"valueType":"DOUBLE","timestamp":"1696658182","value":37928.807719},{"valueType":"DOUBLE","timestamp":"1696658122","value":37927.781313},{"valueType":"DOUBLE","timestamp":"1696658062","value":37926.499596},{"valueType":"DOUBLE","timestamp":"1696658002","value":37925.239774},{"valueType":"DOUBLE","timestamp":"1696657942","value":37923.909995},{"valueType":"DOUBLE","timestamp":"1696657882","value":37922.548007},{"valueType":"DOUBLE","timestamp":"1696657822","value":37921.277591},{"valueType":"DOUBLE","timestamp":"1696657762","value":37919.720836},{"valueType":"DOUBLE","timestamp":"1696657702","value":37918.301117},{"valueType":"DOUBLE","timestamp":"1696657642","value":37916.707491},{"valueType":"DOUBLE","timestamp":"1696657582","value":37915.506347},{"valueType":"DOUBLE","timestamp":"1696657522","value":37914.205372},{"valueType":"DOUBLE","timestamp":"1696657462","value":37913.095315},{"valueType":"DOUBLE","timestamp":"1696657402","value":37911.72438},{"valueType":"DOUBLE","timestamp":"1696657342","value":37910.027295},{"valueType":"DOUBLE","timestamp":"1696657282","value":37908.738772},{"valueType":"DOUBLE","timestamp":"1696657222","value":37907.349228},{"valueType":"DOUBLE","timestamp":"1696657162","value":37905.802692},{"valueType":"DOUBLE","timestamp":"1696657102","value":37904.953823},{"valueType":"DOUBLE","timestamp":"1696657042","value":37903.461599},{"valueType":"DOUBLE","timestamp":"1696656982","value":37901.713298},{"valueType":"DOUBLE","timestamp":"1696656922","value":37901.049256},{"valueType":"DOUBLE","timestamp":"1696656862","value":37899.540485},{"valueType":"DOUBLE","timestamp":"1696656802","value":37898.088207},{"valueType":"DOUBLE","timestamp":"1696656742","value":37897.273935},{"valueType":"DOUBLE","timestamp":"1696656682","value":37895.961465},{"valueType":"DOUBLE","timestamp":"1696656622","value":37894.427422},{"valueType":"DOUBLE","timestamp":"1696656562","value":37893.272301},{"valueType":"DOUBLE","timestamp":"1696656502","value":37892.140381},{"valueType":"DOUBLE","timestamp":"1696656442","value":37891.078934},{"valueType":"DOUBLE","timestamp":"1696656382","value":37889.568639},{"valueType":"DOUBLE","timestamp":"1696656322","value":37888.454613},{"valueType":"DOUBLE","timestamp":"1696656262","value":37886.695986},{"valueType":"DOUBLE","timestamp":"1696656202","value":37885.594283},{"valueType":"DOUBLE","timestamp":"1696656142","value":37884.237242},{"valueType":"DOUBLE","timestamp":"1696656082","value":37882.763448},{"valueType":"DOUBLE","timestamp":"1696656022","value":37881.633831},{"valueType":"DOUBLE","timestamp":"1696655962","value":37880.563021},{"valueType":"DOUBLE","timestamp":"1696655902","value":37879.420987},{"valueType":"DOUBLE","timestamp":"1696655842","value":37878.19224},{"valueType":"DOUBLE","timestamp":"1696655782","value":37876.851459},{"valueType":"DOUBLE","timestamp":"1696655722","value":37875.847873},{"valueType":"DOUBLE","timestamp":"1696655662","value":37874.430466},{"valueType":"DOUBLE","timestamp":"1696655602","value":37873.185478},{"valueType":"DOUBLE","timestamp":"1696655542","value":37872.163192},{"valueType":"DOUBLE","timestamp":"1696655482","value":37870.5764},{"valueType":"DOUBLE","timestamp":"1696655422","value":37869.410044},{"valueType":"DOUBLE","timestamp":"1696655362","value":37868.162878},{"valueType":"DOUBLE","timestamp":"1696655302","value":37866.67635},{"valueType":"DOUBLE","timestamp":"1696655242","value":37865.456014},{"valueType":"DOUBLE","timestamp":"1696655182","value":37864.177087},{"valueType":"DOUBLE","timestamp":"1696655122","value":37862.538847},{"valueType":"DOUBLE","timestamp":"1696655062","value":37861.260534},{"valueType":"DOUBLE","timestamp":"1696655002","value":37860.203935},{"valueType":"DOUBLE","timestamp":"1696654942","value":37858.800134},{"valueType":"DOUBLE","timestamp":"1696654882","value":37857.454697},{"valueType":"DOUBLE","timestamp":"1696654822","value":37855.951033},{"valueType":"DOUBLE","timestamp":"1696654762","value":37854.234001},{"valueType":"DOUBLE","timestamp":"1696654702","value":37853.232847},{"valueType":"DOUBLE","timestamp":"1696654642","value":37851.729967},{"valueType":"DOUBLE","timestamp":"1696654582","value":37850.764193},{"valueType":"DOUBLE","timestamp":"1696654522","value":37849.256118},{"valueType":"DOUBLE","timestamp":"1696654462","value":37848.135022},{"valueType":"DOUBLE","timestamp":"1696654402","value":37846.973103},{"valueType":"DOUBLE","timestamp":"1696654342","value":37845.661655},{"valueType":"DOUBLE","timestamp":"1696654282","value":37844.299742},{"valueType":"DOUBLE","timestamp":"1696654222","value":37842.864412},{"valueType":"DOUBLE","timestamp":"1696654162","value":37841.852161},{"valueType":"DOUBLE","timestamp":"1696654102","value":37840.172413},{"valueType":"DOUBLE","timestamp":"1696654042","value":37839.018574},{"valueType":"DOUBLE","timestamp":"1696653982","value":37837.909387},{"valueType":"DOUBLE","timestamp":"1696653922","value":37836.726614},{"valueType":"DOUBLE","timestamp":"1696653862","value":37835.671732},{"valueType":"DOUBLE","timestamp":"1696653802","value":37834.212052},{"valueType":"DOUBLE","timestamp":"1696653742","value":37832.978045},{"valueType":"DOUBLE","timestamp":"1696653682","value":37831.721012},{"valueType":"DOUBLE","timestamp":"1696653622","value":37830.181551},{"valueType":"DOUBLE","timestamp":"1696653562","value":37828.89643},{"valueType":"DOUBLE","timestamp":"1696653502","value":37827.7168},{"valueType":"DOUBLE","timestamp":"1696653442","value":37826.501362},{"valueType":"DOUBLE","timestamp":"1696653382","value":37825.070349},{"valueType":"DOUBLE","timestamp":"1696653322","value":37824.152913},{"valueType":"DOUBLE","timestamp":"1696653262","value":37822.465368},{"valueType":"DOUBLE","timestamp":"1696653202","value":37821.203631},{"valueType":"DOUBLE","timestamp":"1696653142","value":37819.720565},{"valueType":"DOUBLE","timestamp":"1696653082","value":37818.500587},{"valueType":"DOUBLE","timestamp":"1696653022","value":37817.132775},{"valueType":"DOUBLE","timestamp":"1696652962","value":37816.068769},{"valueType":"DOUBLE","timestamp":"1696652902","value":37814.82166},{"valueType":"DOUBLE","timestamp":"1696652842","value":37813.810339},{"valueType":"DOUBLE","timestamp":"1696652782","value":37812.56441},{"valueType":"DOUBLE","timestamp":"1696652722","value":37810.977072},{"valueType":"DOUBLE","timestamp":"1696652662","value":37809.762643},{"valueType":"DOUBLE","timestamp":"1696652602","value":37808.342384},{"valueType":"DOUBLE","timestamp":"1696652542","value":37807.099683},{"valueType":"DOUBLE","timestamp":"1696652482","value":37805.638161},{"valueType":"DOUBLE","timestamp":"1696652422","value":37804.17429},{"valueType":"DOUBLE","timestamp":"1696652362","value":37802.782341},{"valueType":"DOUBLE","timestamp":"1696652302","value":37801.801385},{"valueType":"DOUBLE","timestamp":"1696652242","value":37800.531171},{"valueType":"DOUBLE","timestamp":"1696652182","value":37799.681171},{"valueType":"DOUBLE","timestamp":"1696652122","value":37798.373248},{"valueType":"DOUBLE","timestamp":"1696652062","value":37797.046117},{"valueType":"DOUBLE","timestamp":"1696652002","value":37795.703602},{"valueType":"DOUBLE","timestamp":"1696651942","value":37794.181903},{"valueType":"DOUBLE","timestamp":"1696651882","value":37793.063509},{"valueType":"DOUBLE","timestamp":"1696651822","value":37791.864788},{"valueType":"DOUBLE","timestamp":"1696651762","value":37790.387589},{"valueType":"DOUBLE","timestamp":"1696651702","value":37788.77221},{"valueType":"DOUBLE","timestamp":"1696651642","value":37787.492932},{"valueType":"DOUBLE","timestamp":"1696651582","value":37786.103878},{"valueType":"DOUBLE","timestamp":"1696651522","value":37785.043182},{"valueType":"DOUBLE","timestamp":"1696651462","value":37783.824535},{"valueType":"DOUBLE","timestamp":"1696651402","value":37782.181401},{"valueType":"DOUBLE","timestamp":"1696651342","value":37780.94218},{"valueType":"DOUBLE","timestamp":"1696651282","value":37779.944915},{"valueType":"DOUBLE","timestamp":"1696651222","value":37778.760307},{"valueType":"DOUBLE","timestamp":"1696651162","value":37777.461314},{"valueType":"DOUBLE","timestamp":"1696651102","value":37775.958452},{"valueType":"DOUBLE","timestamp":"1696651042","value":37774.299554},{"valueType":"DOUBLE","timestamp":"1696650982","value":37773.12344},{"valueType":"DOUBLE","timestamp":"1696650922","value":37771.657696},{"valueType":"DOUBLE","timestamp":"1696650862","value":37770.198652},{"valueType":"DOUBLE","timestamp":"1696650802","value":37769.083492},{"valueType":"DOUBLE","timestamp":"1696650742","value":37767.642126},{"valueType":"DOUBLE","timestamp":"1696650682","value":37766.744288},{"valueType":"DOUBLE","timestamp":"1696650622","value":37765.179599},{"valueType":"DOUBLE","timestamp":"1696650562","value":37763.767648},{"valueType":"DOUBLE","timestamp":"1696650502","value":37762.363081},{"valueType":"DOUBLE","timestamp":"1696650442","value":37761.144751},{"valueType":"DOUBLE","timestamp":"1696650382","value":37760.164677},{"valueType":"DOUBLE","timestamp":"1696650322","value":37758.962861},{"valueType":"DOUBLE","timestamp":"1696650262","value":37757.585712},{"valueType":"DOUBLE","timestamp":"1696650202","value":37756.173539},{"valueType":"DOUBLE","timestamp":"1696650142","value":37754.537583},{"valueType":"DOUBLE","timestamp":"1696650082","value":37753.469402},{"valueType":"DOUBLE","timestamp":"1696650022","value":37752.228877},{"valueType":"DOUBLE","timestamp":"1696649962","value":37750.784335},{"valueType":"DOUBLE","timestamp":"1696649902","value":37749.603937},{"valueType":"DOUBLE","timestamp":"1696649842","value":37748.607167},{"valueType":"DOUBLE","timestamp":"1696649782","value":37747.072823},{"valueType":"DOUBLE","timestamp":"1696649722","value":37745.780125},{"valueType":"DOUBLE","timestamp":"1696649662","value":37744.205589},{"valueType":"DOUBLE","timestamp":"1696649602","value":37742.970372},{"valueType":"DOUBLE","timestamp":"1696649542","value":37741.710803},{"valueType":"DOUBLE","timestamp":"1696649482","value":37740.215734},{"valueType":"DOUBLE","timestamp":"1696649422","value":37739.007378},{"valueType":"DOUBLE","timestamp":"1696649362","value":37737.908895},{"valueType":"DOUBLE","timestamp":"1696649302","value":37736.633182},{"valueType":"DOUBLE","timestamp":"1696649242","value":37734.996353},{"valueType":"DOUBLE","timestamp":"1696649182","value":37733.789312},{"valueType":"DOUBLE","timestamp":"1696649122","value":37732.75466},{"valueType":"DOUBLE","timestamp":"1696649062","value":37731.143465},{"valueType":"DOUBLE","timestamp":"1696649002","value":37729.949916},{"valueType":"DOUBLE","timestamp":"1696648942","value":37728.565542},{"valueType":"DOUBLE","timestamp":"1696648882","value":37726.965423},{"valueType":"DOUBLE","timestamp":"1696648822","value":37725.765882},{"valueType":"DOUBLE","timestamp":"1696648762","value":37724.486932},{"valueType":"DOUBLE","timestamp":"1696648702","value":37723.007997},{"valueType":"DOUBLE","timestamp":"1696648642","value":37721.937652},{"valueType":"DOUBLE","timestamp":"1696648582","value":37720.572584},{"valueType":"DOUBLE","timestamp":"1696648522","value":37719.283434},{"valueType":"DOUBLE","timestamp":"1696648462","value":37718.347435},{"valueType":"DOUBLE","timestamp":"1696648402","value":37716.992361},{"valueType":"DOUBLE","timestamp":"1696648342","value":37715.669375},{"valueType":"DOUBLE","timestamp":"1696648282","value":37713.987743},{"valueType":"DOUBLE","timestamp":"1696648222","value":37712.667744},{"valueType":"DOUBLE","timestamp":"1696648162","value":37710.988396},{"valueType":"DOUBLE","timestamp":"1696648102","value":37709.515536},{"valueType":"DOUBLE","timestamp":"1696648042","value":37708.151651},{"valueType":"DOUBLE","timestamp":"1696647982","value":37706.963369},{"valueType":"DOUBLE","timestamp":"1696647922","value":37705.398275},{"valueType":"DOUBLE","timestamp":"1696647862","value":37704.184757},{"valueType":"DOUBLE","timestamp":"1696647802","value":37702.94948},{"valueType":"DOUBLE","timestamp":"1696647742","value":37701.459893},{"valueType":"DOUBLE","timestamp":"1696647682","value":37700.000695},{"valueType":"DOUBLE","timestamp":"1696647622","value":37698.569844},{"valueType":"DOUBLE","timestamp":"1696647562","value":37696.993782},{"valueType":"DOUBLE","timestamp":"1696647502","value":37695.72601},{"valueType":"DOUBLE","timestamp":"1696647442","value":37694.26658},{"valueType":"DOUBLE","timestamp":"1696647382","value":37692.847088},{"valueType":"DOUBLE","timestamp":"1696647322","value":37691.344523},{"valueType":"DOUBLE","timestamp":"1696647262","value":37690.247652},{"valueType":"DOUBLE","timestamp":"1696647202","value":37689.05143},{"valueType":"DOUBLE","timestamp":"1696647142","value":37687.653139},{"valueType":"DOUBLE","timestamp":"1696647082","value":37685.869346},{"valueType":"DOUBLE","timestamp":"1696647022","value":37684.754084},{"valueType":"DOUBLE","timestamp":"1696646962","value":37683.326861},{"valueType":"DOUBLE","timestamp":"1696646902","value":37681.655862},{"valueType":"DOUBLE","timestamp":"1696646842","value":37680.363981},{"valueType":"DOUBLE","timestamp":"1696646782","value":37679.267269},{"valueType":"DOUBLE","timestamp":"1696646722","value":37677.655037},{"valueType":"DOUBLE","timestamp":"1696646662","value":37676.325271},{"valueType":"DOUBLE","timestamp":"1696646602","value":37674.946396},{"valueType":"DOUBLE","timestamp":"1696646542","value":37673.5864},{"valueType":"DOUBLE","timestamp":"1696646482","value":37671.914565},{"valueType":"DOUBLE","timestamp":"1696646422","value":37670.728889},{"valueType":"DOUBLE","timestamp":"1696646362","value":37669.280836},{"valueType":"DOUBLE","timestamp":"1696646302","value":37668.069917},{"valueType":"DOUBLE","timestamp":"1696646242","value":37666.915357},{"valueType":"DOUBLE","timestamp":"1696646182","value":37665.330344},{"valueType":"DOUBLE","timestamp":"1696646122","value":37664.430078},{"valueType":"DOUBLE","timestamp":"1696646062","value":37663.23711},{"valueType":"DOUBLE","timestamp":"1696646002","value":37661.91665},{"valueType":"DOUBLE","timestamp":"1696645942","value":37660.576544},{"valueType":"DOUBLE","timestamp":"1696645882","value":37659.351102},{"valueType":"DOUBLE","timestamp":"1696645822","value":37657.981301},{"valueType":"DOUBLE","timestamp":"1696645762","value":37656.565738},{"valueType":"DOUBLE","timestamp":"1696645702","value":37654.945234},{"valueType":"DOUBLE","timestamp":"1696645642","value":37653.921406},{"valueType":"DOUBLE","timestamp":"1696645582","value":37652.694689},{"valueType":"DOUBLE","timestamp":"1696645522","value":37651.622632},{"valueType":"DOUBLE","timestamp":"1696645462","value":37650.257401},{"valueType":"DOUBLE","timestamp":"1696645402","value":37649.070571},{"valueType":"DOUBLE","timestamp":"1696645342","value":37647.780387},{"valueType":"DOUBLE","timestamp":"1696645282","value":37646.247317},{"valueType":"DOUBLE","timestamp":"1696645222","value":37645.192353},{"valueType":"DOUBLE","timestamp":"1696645162","value":37643.425405},{"valueType":"DOUBLE","timestamp":"1696645102","value":37642.020013},{"valueType":"DOUBLE","timestamp":"1696645042","value":37640.521916},{"valueType":"DOUBLE","timestamp":"1696644982","value":37639.447472},{"valueType":"DOUBLE","timestamp":"1696644922","value":37638.201072},{"valueType":"DOUBLE","timestamp":"1696644862","value":37636.576194},{"valueType":"DOUBLE","timestamp":"1696644802","value":37635.240742},{"valueType":"DOUBLE","timestamp":"1696644742","value":37633.62234},{"valueType":"DOUBLE","timestamp":"1696644682","value":37632.520188},{"valueType":"DOUBLE","timestamp":"1696644622","value":37631.264832},{"valueType":"DOUBLE","timestamp":"1696644562","value":37629.784583},{"valueType":"DOUBLE","timestamp":"1696644502","value":37628.098767},{"valueType":"DOUBLE","timestamp":"1696644442","value":37626.684303},{"valueType":"DOUBLE","timestamp":"1696644382","value":37625.140479},{"valueType":"DOUBLE","timestamp":"1696644322","value":37623.593146},{"valueType":"DOUBLE","timestamp":"1696644262","value":37622.588931},{"valueType":"DOUBLE","timestamp":"1696644202","value":37620.902735},{"valueType":"DOUBLE","timestamp":"1696644142","value":37619.434609},{"valueType":"DOUBLE","timestamp":"1696644082","value":37618.316138},{"valueType":"DOUBLE","timestamp":"1696644022","value":37616.923452},{"valueType":"DOUBLE","timestamp":"1696643962","value":37615.245502},{"valueType":"DOUBLE","timestamp":"1696643902","value":37613.998075},{"valueType":"DOUBLE","timestamp":"1696643842","value":37612.335374},{"valueType":"DOUBLE","timestamp":"1696643782","value":37611.060681},{"valueType":"DOUBLE","timestamp":"1696643722","value":37609.64617},{"valueType":"DOUBLE","timestamp":"1696643662","value":37608.383021},{"valueType":"DOUBLE","timestamp":"1696643602","value":37606.947602},{"valueType":"DOUBLE","timestamp":"1696643542","value":37605.254883},{"valueType":"DOUBLE","timestamp":"1696643482","value":37604.249601},{"valueType":"DOUBLE","timestamp":"1696643422","value":37603.006337},{"valueType":"DOUBLE","timestamp":"1696643362","value":37601.653569},{"valueType":"DOUBLE","timestamp":"1696643302","value":37600.37718},{"valueType":"DOUBLE","timestamp":"1696643242","value":37598.716547},{"valueType":"DOUBLE","timestamp":"1696643182","value":37597.225433},{"valueType":"DOUBLE","timestamp":"1696643122","value":37595.865492},{"valueType":"DOUBLE","timestamp":"1696643062","value":37594.517812},{"valueType":"DOUBLE","timestamp":"1696643002","value":37593.286694},{"valueType":"DOUBLE","timestamp":"1696642942","value":37592.179922},{"valueType":"DOUBLE","timestamp":"1696642882","value":37590.728377},{"valueType":"DOUBLE","timestamp":"1696642822","value":37589.534762},{"valueType":"DOUBLE","timestamp":"1696642762","value":37587.954061},{"valueType":"DOUBLE","timestamp":"1696642702","value":37586.90492},{"valueType":"DOUBLE","timestamp":"1696642642","value":37585.271122},{"valueType":"DOUBLE","timestamp":"1696642582","value":37583.783946},{"valueType":"DOUBLE","timestamp":"1696642522","value":37582.292716},{"valueType":"DOUBLE","timestamp":"1696642462","value":37581.311525},{"valueType":"DOUBLE","timestamp":"1696642402","value":37579.968189},{"valueType":"DOUBLE","timestamp":"1696642342","value":37578.549124},{"valueType":"DOUBLE","timestamp":"1696642282","value":37577.274933},{"valueType":"DOUBLE","timestamp":"1696642222","value":37576.089099},{"valueType":"DOUBLE","timestamp":"1696642162","value":37574.353488},{"valueType":"DOUBLE","timestamp":"1696642102","value":37573.190819},{"valueType":"DOUBLE","timestamp":"1696642042","value":37571.484916},{"valueType":"DOUBLE","timestamp":"1696641982","value":37570.275457},{"valueType":"DOUBLE","timestamp":"1696641922","value":37568.711967},{"valueType":"DOUBLE","timestamp":"1696641862","value":37567.376622},{"valueType":"DOUBLE","timestamp":"1696641802","value":37565.994363},{"valueType":"DOUBLE","timestamp":"1696641742","value":37564.977964},{"valueType":"DOUBLE","timestamp":"1696641682","value":37563.527268},{"valueType":"DOUBLE","timestamp":"1696641622","value":37562.14486},{"valueType":"DOUBLE","timestamp":"1696641562","value":37561.07418},{"valueType":"DOUBLE","timestamp":"1696641502","value":37559.615453},{"valueType":"DOUBLE","timestamp":"1696641442","value":37558.050538},{"valueType":"DOUBLE","timestamp":"1696641382","value":37556.886531},{"valueType":"DOUBLE","timestamp":"1696641322","value":37555.409705},{"valueType":"DOUBLE","timestamp":"1696641262","value":37554.24262},{"valueType":"DOUBLE","timestamp":"1696641202","value":37552.604444},{"valueType":"DOUBLE","timestamp":"1696641142","value":37550.954583},{"valueType":"DOUBLE","timestamp":"1696641082","value":37549.903349},{"valueType":"DOUBLE","timestamp":"1696641022","value":37548.668785},{"valueType":"DOUBLE","timestamp":"1696640962","value":37547.404997},{"valueType":"DOUBLE","timestamp":"1696640902","value":37545.508803},{"valueType":"DOUBLE","timestamp":"1696640842","value":37544.162999},{"valueType":"DOUBLE","timestamp":"1696640782","value":37542.861985},{"valueType":"DOUBLE","timestamp":"1696640722","value":37541.732055},{"valueType":"DOUBLE","timestamp":"1696640662","value":37540.580803},{"valueType":"DOUBLE","timestamp":"1696640602","value":37538.961182},{"valueType":"DOUBLE","timestamp":"1696640542","value":37537.503753},{"valueType":"DOUBLE","timestamp":"1696640482","value":37536.384572},{"valueType":"DOUBLE","timestamp":"1696640422","value":37534.881821},{"valueType":"DOUBLE","timestamp":"1696640362","value":37533.50836},{"valueType":"DOUBLE","timestamp":"1696640302","value":37532.063869},{"valueType":"DOUBLE","timestamp":"1696640242","value":37530.498598},{"valueType":"DOUBLE","timestamp":"1696640182","value":37529.191548},{"valueType":"DOUBLE","timestamp":"1696640122","value":37528.341662},{"valueType":"DOUBLE","timestamp":"1696640062","value":37527.042398},{"valueType":"DOUBLE","timestamp":"1696640002","value":37525.998324},{"valueType":"DOUBLE","timestamp":"1696639942","value":37524.479557},{"valueType":"DOUBLE","timestamp":"1696639882","value":37523.234518},{"valueType":"DOUBLE","timestamp":"1696639822","value":37521.504314},{"valueType":"DOUBLE","timestamp":"1696639762","value":37520.353281},{"valueType":"DOUBLE","timestamp":"1696639702","value":37519.180575},{"valueType":"DOUBLE","timestamp":"1696639642","value":37517.793323},{"valueType":"DOUBLE","timestamp":"1696639582","value":37516.834237},{"valueType":"DOUBLE","timestamp":"1696639522","value":37515.140538},{"valueType":"DOUBLE","timestamp":"1696639462","value":37513.870761},{"valueType":"DOUBLE","timestamp":"1696639402","value":37512.550218},{"valueType":"DOUBLE","timestamp":"1696639342","value":37510.893404},{"valueType":"DOUBLE","timestamp":"1696639282","value":37509.804251},{"valueType":"DOUBLE","timestamp":"1696639222","value":37508.494747},{"valueType":"DOUBLE","timestamp":"1696639162","value":37507.134632},{"valueType":"DOUBLE","timestamp":"1696639102","value":37505.713736},{"valueType":"DOUBLE","timestamp":"1696639042","value":37504.184802},{"valueType":"DOUBLE","timestamp":"1696638982","value":37502.50155},{"valueType":"DOUBLE","timestamp":"1696638922","value":37501.145347},{"valueType":"DOUBLE","timestamp":"1696638862","value":37499.97102},{"valueType":"DOUBLE","timestamp":"1696638802","value":37498.835287},{"valueType":"DOUBLE","timestamp":"1696638742","value":37497.128289},{"valueType":"DOUBLE","timestamp":"1696638682","value":37495.523452},{"valueType":"DOUBLE","timestamp":"1696638622","value":37494.577669},{"valueType":"DOUBLE","timestamp":"1696638562","value":37493.150493},{"valueType":"DOUBLE","timestamp":"1696638502","value":37491.413846},{"valueType":"DOUBLE","timestamp":"1696638442","value":37490.437271},{"valueType":"DOUBLE","timestamp":"1696638382","value":37489.115191},{"valueType":"DOUBLE","timestamp":"1696638322","value":37487.819497},{"valueType":"DOUBLE","timestamp":"1696638262","value":37486.281073},{"valueType":"DOUBLE","timestamp":"1696638202","value":37485.115512},{"valueType":"DOUBLE","timestamp":"1696638142","value":37483.679048},{"valueType":"DOUBLE","timestamp":"1696638082","value":37482.176065},{"valueType":"DOUBLE","timestamp":"1696638022","value":37481.027939},{"valueType":"DOUBLE","timestamp":"1696637962","value":37479.400979},{"valueType":"DOUBLE","timestamp":"1696637902","value":37477.71731},{"valueType":"DOUBLE","timestamp":"1696637842","value":37476.817583},{"valueType":"DOUBLE","timestamp":"1696637782","value":37475.4841},{"valueType":"DOUBLE","timestamp":"1696637722","value":37474.593564},{"valueType":"DOUBLE","timestamp":"1696637662","value":37473.108946},{"valueType":"DOUBLE","timestamp":"1696637602","value":37471.53437},{"valueType":"DOUBLE","timestamp":"1696637542","value":37469.953981},{"valueType":"DOUBLE","timestamp":"1696637482","value":37468.464798},{"valueType":"DOUBLE","timestamp":"1696637422","value":37467.215797},{"valueType":"DOUBLE","timestamp":"1696637362","value":37465.670645},{"valueType":"DOUBLE","timestamp":"1696637302","value":37464.535418},{"valueType":"DOUBLE","timestamp":"1696637242","value":37463.038136},{"valueType":"DOUBLE","timestamp":"1696637182","value":37461.188901},{"valueType":"DOUBLE","timestamp":"1696637122","value":37460.074228},{"valueType":"DOUBLE","timestamp":"1696637062","value":37458.587682},{"valueType":"DOUBLE","timestamp":"1696637002","value":37457.134104},{"valueType":"DOUBLE","timestamp":"1696636942","value":37455.963407},{"valueType":"DOUBLE","timestamp":"1696636882","value":37454.291391},{"valueType":"DOUBLE","timestamp":"1696636822","value":37453.073095},{"valueType":"DOUBLE","timestamp":"1696636762","value":37451.504617},{"valueType":"DOUBLE","timestamp":"1696636702","value":37449.94849},{"valueType":"DOUBLE","timestamp":"1696636642","value":37448.94252},{"valueType":"DOUBLE","timestamp":"1696636582","value":37447.840392},{"valueType":"DOUBLE","timestamp":"1696636522","value":37446.055473},{"valueType":"DOUBLE","timestamp":"1696636462","value":37444.629587},{"valueType":"DOUBLE","timestamp":"1696636402","value":37443.419915},{"valueType":"DOUBLE","timestamp":"1696636342","value":37441.851106},{"valueType":"DOUBLE","timestamp":"1696636282","value":37440.475732},{"valueType":"DOUBLE","timestamp":"1696636222","value":37439.308174},{"valueType":"DOUBLE","timestamp":"1696636162","value":37437.640989},{"valueType":"DOUBLE","timestamp":"1696636102","value":37436.34469},{"valueType":"DOUBLE","timestamp":"1696636042","value":37435.166552},{"valueType":"DOUBLE","timestamp":"1696635982","value":37433.312688},{"valueType":"DOUBLE","timestamp":"1696635922","value":37431.852149},{"valueType":"DOUBLE","timestamp":"1696635862","value":37430.542202},{"valueType":"DOUBLE","timestamp":"1696635802","value":37428.921286},{"valueType":"DOUBLE","timestamp":"1696635742","value":37427.596657},{"valueType":"DOUBLE","timestamp":"1696635682","value":37426.263053},{"valueType":"DOUBLE","timestamp":"1696635622","value":37424.314252},{"valueType":"DOUBLE","timestamp":"1696635562","value":37422.747672},{"valueType":"DOUBLE","timestamp":"1696635502","value":37421.508776},{"valueType":"DOUBLE","timestamp":"1696635442","value":37420.479142},{"valueType":"DOUBLE","timestamp":"1696635382","value":37419.077662},{"valueType":"DOUBLE","timestamp":"1696635322","value":37417.701211},{"valueType":"DOUBLE","timestamp":"1696635262","value":37416.409011},{"valueType":"DOUBLE","timestamp":"1696635202","value":37414.932934},{"valueType":"DOUBLE","timestamp":"1696635142","value":37413.671171},{"valueType":"DOUBLE","timestamp":"1696635082","value":37412.321954},{"valueType":"DOUBLE","timestamp":"1696635022","value":37411.229869},{"valueType":"DOUBLE","timestamp":"1696634962","value":37410.074685},{"valueType":"DOUBLE","timestamp":"1696634902","value":37408.742364},{"valueType":"DOUBLE","timestamp":"1696634842","value":37407.509611},{"valueType":"DOUBLE","timestamp":"1696634782","value":37406.02718},{"valueType":"DOUBLE","timestamp":"1696634722","value":37404.581622},{"valueType":"DOUBLE","timestamp":"1696634662","value":37403.23195},{"valueType":"DOUBLE","timestamp":"1696634602","value":37402.028823},{"valueType":"DOUBLE","timestamp":"1696634542","value":37400.950079},{"valueType":"DOUBLE","timestamp":"1696634482","value":37399.545172},{"valueType":"DOUBLE","timestamp":"1696634422","value":37398.143569},{"valueType":"DOUBLE","timestamp":"1696634362","value":37397.029191},{"valueType":"DOUBLE","timestamp":"1696634302","value":37395.897569},{"valueType":"DOUBLE","timestamp":"1696634242","value":37394.568706},{"valueType":"DOUBLE","timestamp":"1696634182","value":37393.842596},{"valueType":"DOUBLE","timestamp":"1696634122","value":37392.74255},{"valueType":"DOUBLE","timestamp":"1696634062","value":37391.326169},{"valueType":"DOUBLE","timestamp":"1696634002","value":37390.182424},{"valueType":"DOUBLE","timestamp":"1696633942","value":37388.861336},{"valueType":"DOUBLE","timestamp":"1696633882","value":37387.500131},{"valueType":"DOUBLE","timestamp":"1696633822","value":37386.272438},{"valueType":"DOUBLE","timestamp":"1696633762","value":37385.265446},{"valueType":"DOUBLE","timestamp":"1696633702","value":37384.16227},{"valueType":"DOUBLE","timestamp":"1696633642","value":37382.737635},{"valueType":"DOUBLE","timestamp":"1696633582","value":37381.701481},{"valueType":"DOUBLE","timestamp":"1696633522","value":37380.227784},{"valueType":"DOUBLE","timestamp":"1696633462","value":37378.895434},{"valueType":"DOUBLE","timestamp":"1696633402","value":37377.741184},{"valueType":"DOUBLE","timestamp":"1696633342","value":37376.161765},{"valueType":"DOUBLE","timestamp":"1696633282","value":37374.751935},{"valueType":"DOUBLE","timestamp":"1696633222","value":37373.301477},{"valueType":"DOUBLE","timestamp":"1696633162","value":37372.007469},{"valueType":"DOUBLE","timestamp":"1696633102","value":37370.891817},{"valueType":"DOUBLE","timestamp":"1696633042","value":37369.192574},{"valueType":"DOUBLE","timestamp":"1696632982","value":37368.220744},{"valueType":"DOUBLE","timestamp":"1696632922","value":37366.671253},{"valueType":"DOUBLE","timestamp":"1696632862","value":37365.45117},{"valueType":"DOUBLE","timestamp":"1696632802","value":37363.771504},{"valueType":"DOUBLE","timestamp":"1696632742","value":37362.319181},{"valueType":"DOUBLE","timestamp":"1696632682","value":37361.158041},{"valueType":"DOUBLE","timestamp":"1696632622","value":37359.795088},{"valueType":"DOUBLE","timestamp":"1696632562","value":37358.732531},{"valueType":"DOUBLE","timestamp":"1696632502","value":37357.775303},{"valueType":"DOUBLE","timestamp":"1696632442","value":37356.384098},{"valueType":"DOUBLE","timestamp":"1696632382","value":37355.019498},{"valueType":"DOUBLE","timestamp":"1696632322","value":37353.540862},{"valueType":"DOUBLE","timestamp":"1696632262","value":37352.421465},{"valueType":"DOUBLE","timestamp":"1696632202","value":37351.321032},{"valueType":"DOUBLE","timestamp":"1696632142","value":37350.206848},{"valueType":"DOUBLE","timestamp":"1696632082","value":37349.142899},{"valueType":"DOUBLE","timestamp":"1696632022","value":37347.66679},{"valueType":"DOUBLE","timestamp":"1696631962","value":37346.367786},{"valueType":"DOUBLE","timestamp":"1696631902","value":37345.034754},{"valueType":"DOUBLE","timestamp":"1696631842","value":37343.596677},{"valueType":"DOUBLE","timestamp":"1696631782","value":37342.111283},{"valueType":"DOUBLE","timestamp":"1696631722","value":37341.158829},{"valueType":"DOUBLE","timestamp":"1696631662","value":37339.727457},{"valueType":"DOUBLE","timestamp":"1696631602","value":37338.325981},{"valueType":"DOUBLE","timestamp":"1696631542","value":37337.172143},{"valueType":"DOUBLE","timestamp":"1696631482","value":37335.76511},{"valueType":"DOUBLE","timestamp":"1696631422","value":37334.762438},{"valueType":"DOUBLE","timestamp":"1696631362","value":37333.279569},{"valueType":"DOUBLE","timestamp":"1696631302","value":37331.497077},{"valueType":"DOUBLE","timestamp":"1696631242","value":37330.279951},{"valueType":"DOUBLE","timestamp":"1696631182","value":37328.999224},{"valueType":"DOUBLE","timestamp":"1696631122","value":37327.667431},{"valueType":"DOUBLE","timestamp":"1696631062","value":37326.522546},{"valueType":"DOUBLE","timestamp":"1696631002","value":37325.476693},{"valueType":"DOUBLE","timestamp":"1696630942","value":37323.728203},{"valueType":"DOUBLE","timestamp":"1696630882","value":37322.71167},{"valueType":"DOUBLE","timestamp":"1696630822","value":37321.306812},{"valueType":"DOUBLE","timestamp":"1696630762","value":37320.296551},{"valueType":"DOUBLE","timestamp":"1696630702","value":37318.996268},{"valueType":"DOUBLE","timestamp":"1696630642","value":37317.643361},{"valueType":"DOUBLE","timestamp":"1696630582","value":37316.505566},{"valueType":"DOUBLE","timestamp":"1696630522","value":37315.727942},{"valueType":"DOUBLE","timestamp":"1696630462","value":37314.413988},{"valueType":"DOUBLE","timestamp":"1696630402","value":37313.092735},{"valueType":"DOUBLE","timestamp":"1696630342","value":37311.692275},{"valueType":"DOUBLE","timestamp":"1696630282","value":37310.145117},{"valueType":"DOUBLE","timestamp":"1696630222","value":37308.535113},{"valueType":"DOUBLE","timestamp":"1696630162","value":37307.431232},{"valueType":"DOUBLE","timestamp":"1696630102","value":37306.22629},{"valueType":"DOUBLE","timestamp":"1696630042","value":37304.755659},{"valueType":"DOUBLE","timestamp":"1696629982","value":37303.682542},{"valueType":"DOUBLE","timestamp":"1696629922","value":37302.30284},{"valueType":"DOUBLE","timestamp":"1696629862","value":37301.310848},{"valueType":"DOUBLE","timestamp":"1696629802","value":37299.75038},{"valueType":"DOUBLE","timestamp":"1696629742","value":37298.717893},{"valueType":"DOUBLE","timestamp":"1696629682","value":37297.300871},{"valueType":"DOUBLE","timestamp":"1696629622","value":37296.162583},{"valueType":"DOUBLE","timestamp":"1696629562","value":37294.923281},{"valueType":"DOUBLE","timestamp":"1696629502","value":37293.675387},{"valueType":"DOUBLE","timestamp":"1696629442","value":37292.295126},{"valueType":"DOUBLE","timestamp":"1696629382","value":37290.978027},{"valueType":"DOUBLE","timestamp":"1696629322","value":37289.927487},{"valueType":"DOUBLE","timestamp":"1696629262","value":37288.256033},{"valueType":"DOUBLE","timestamp":"1696629202","value":37287.28679},{"valueType":"DOUBLE","timestamp":"1696629142","value":37286.018056},{"valueType":"DOUBLE","timestamp":"1696629082","value":37284.511676},{"valueType":"DOUBLE","timestamp":"1696629022","value":37283.275038},{"valueType":"DOUBLE","timestamp":"1696628962","value":37281.967607},{"valueType":"DOUBLE","timestamp":"1696628902","value":37280.896011},{"valueType":"DOUBLE","timestamp":"1696628842","value":37279.635693},{"valueType":"DOUBLE","timestamp":"1696628782","value":37278.143557},{"valueType":"DOUBLE","timestamp":"1696628722","value":37276.965078},{"valueType":"DOUBLE","timestamp":"1696628662","value":37275.755027},{"valueType":"DOUBLE","timestamp":"1696628602","value":37274.487458},{"valueType":"DOUBLE","timestamp":"1696628542","value":37272.871367},{"valueType":"DOUBLE","timestamp":"1696628482","value":37271.554022},{"valueType":"DOUBLE","timestamp":"1696628422","value":37269.949106},{"valueType":"DOUBLE","timestamp":"1696628362","value":37268.554506},{"valueType":"DOUBLE","timestamp":"1696628302","value":37267.500495},{"valueType":"DOUBLE","timestamp":"1696628242","value":37266.534794},{"valueType":"DOUBLE","timestamp":"1696628182","value":37265.247247},{"valueType":"DOUBLE","timestamp":"1696628122","value":37264.037386},{"valueType":"DOUBLE","timestamp":"1696628062","value":37262.736147},{"valueType":"DOUBLE","timestamp":"1696628002","value":37261.123574},{"valueType":"DOUBLE","timestamp":"1696627942","value":37259.587347},{"valueType":"DOUBLE","timestamp":"1696627882","value":37258.188739},{"valueType":"DOUBLE","timestamp":"1696627822","value":37256.752201},{"valueType":"DOUBLE","timestamp":"1696627762","value":37255.805315},{"valueType":"DOUBLE","timestamp":"1696627702","value":37254.511745},{"valueType":"DOUBLE","timestamp":"1696627642","value":37253.160996},{"valueType":"DOUBLE","timestamp":"1696627582","value":37252.034525},{"valueType":"DOUBLE","timestamp":"1696627522","value":37250.949746},{"valueType":"DOUBLE","timestamp":"1696627462","value":37249.622667},{"valueType":"DOUBLE","timestamp":"1696627402","value":37248.218606},{"valueType":"DOUBLE","timestamp":"1696627342","value":37246.765974},{"valueType":"DOUBLE","timestamp":"1696627282","value":37245.329478},{"valueType":"DOUBLE","timestamp":"1696627222","value":37243.72692},{"valueType":"DOUBLE","timestamp":"1696627162","value":37242.408736},{"valueType":"DOUBLE","timestamp":"1696627102","value":37240.995021},{"valueType":"DOUBLE","timestamp":"1696627042","value":37239.817429},{"valueType":"DOUBLE","timestamp":"1696626982","value":37238.338875},{"valueType":"DOUBLE","timestamp":"1696626922","value":37237.11855},{"valueType":"DOUBLE","timestamp":"1696626862","value":37235.776924},{"valueType":"DOUBLE","timestamp":"1696626802","value":37234.512807},{"valueType":"DOUBLE","timestamp":"1696626742","value":37233.06845},{"valueType":"DOUBLE","timestamp":"1696626682","value":37231.952449},{"valueType":"DOUBLE","timestamp":"1696626622","value":37230.799166},{"valueType":"DOUBLE","timestamp":"1696626562","value":37229.402297},{"valueType":"DOUBLE","timestamp":"1696626502","value":37228.386115},{"valueType":"DOUBLE","timestamp":"1696626442","value":37227.111628},{"valueType":"DOUBLE","timestamp":"1696626382","value":37225.739032},{"valueType":"DOUBLE","timestamp":"1696626322","value":37224.235519},{"valueType":"DOUBLE","timestamp":"1696626262","value":37223.133267},{"valueType":"DOUBLE","timestamp":"1696626202","value":37222.009074},{"valueType":"DOUBLE","timestamp":"1696626142","value":37220.82135},{"valueType":"DOUBLE","timestamp":"1696626082","value":37219.285142},{"valueType":"DOUBLE","timestamp":"1696626022","value":37217.675219},{"valueType":"DOUBLE","timestamp":"1696625962","value":37216.512474},{"valueType":"DOUBLE","timestamp":"1696625902","value":37215.333377},{"valueType":"DOUBLE","timestamp":"1696625842","value":37214.10646},{"valueType":"DOUBLE","timestamp":"1696625782","value":37212.941249},{"valueType":"DOUBLE","timestamp":"1696625722","value":37211.643476},{"valueType":"DOUBLE","timestamp":"1696625662","value":37210.290487},{"valueType":"DOUBLE","timestamp":"1696625602","value":37209.105033},{"valueType":"DOUBLE","timestamp":"1696625542","value":37207.678828},{"valueType":"DOUBLE","timestamp":"1696625482","value":37206.484752},{"valueType":"DOUBLE","timestamp":"1696625422","value":37205.184063},{"valueType":"DOUBLE","timestamp":"1696625362","value":37203.843323},{"valueType":"DOUBLE","timestamp":"1696625302","value":37202.180381},{"valueType":"DOUBLE","timestamp":"1696625242","value":37200.787068},{"valueType":"DOUBLE","timestamp":"1696625182","value":37199.739824},{"valueType":"DOUBLE","timestamp":"1696625122","value":37198.348768},{"valueType":"DOUBLE","timestamp":"1696625062","value":37197.081436},{"valueType":"DOUBLE","timestamp":"1696625002","value":37195.908758},{"valueType":"DOUBLE","timestamp":"1696624942","value":37194.678733},{"valueType":"DOUBLE","timestamp":"1696624882","value":37193.137046},{"valueType":"DOUBLE","timestamp":"1696624822","value":37191.770391},{"valueType":"DOUBLE","timestamp":"1696624762","value":37190.906821},{"valueType":"DOUBLE","timestamp":"1696624702","value":37189.344173},{"valueType":"DOUBLE","timestamp":"1696624642","value":37188.41339},{"valueType":"DOUBLE","timestamp":"1696624582","value":37186.968642},{"valueType":"DOUBLE","timestamp":"1696624522","value":37185.742638},{"valueType":"DOUBLE","timestamp":"1696624462","value":37184.34127},{"valueType":"DOUBLE","timestamp":"1696624402","value":37183.199845},{"valueType":"DOUBLE","timestamp":"1696624342","value":37181.669273},{"valueType":"DOUBLE","timestamp":"1696624282","value":37180.545849},{"valueType":"DOUBLE","timestamp":"1696624222","value":37179.391601},{"valueType":"DOUBLE","timestamp":"1696624162","value":37178.022327},{"valueType":"DOUBLE","timestamp":"1696624102","value":37176.747337},{"valueType":"DOUBLE","timestamp":"1696624042","value":37175.498892},{"valueType":"DOUBLE","timestamp":"1696623982","value":37174.137841},{"valueType":"DOUBLE","timestamp":"1696623922","value":37173.17675},{"valueType":"DOUBLE","timestamp":"1696623862","value":37171.973465},{"valueType":"DOUBLE","timestamp":"1696623802","value":37170.828773},{"valueType":"DOUBLE","timestamp":"1696623742","value":37169.316061},{"valueType":"DOUBLE","timestamp":"1696623682","value":37168.214407},{"valueType":"DOUBLE","timestamp":"1696623622","value":37166.548436},{"valueType":"DOUBLE","timestamp":"1696623562","value":37165.350042},{"valueType":"DOUBLE","timestamp":"1696623502","value":37163.813027},{"valueType":"DOUBLE","timestamp":"1696623442","value":37162.780777},{"valueType":"DOUBLE","timestamp":"1696623382","value":37161.23106},{"valueType":"DOUBLE","timestamp":"1696623322","value":37160.064258},{"valueType":"DOUBLE","timestamp":"1696623262","value":37158.723285},{"valueType":"DOUBLE","timestamp":"1696623202","value":37157.342157},{"valueType":"DOUBLE","timestamp":"1696623142","value":37156.091309},{"valueType":"DOUBLE","timestamp":"1696623082","value":37154.742987},{"valueType":"DOUBLE","timestamp":"1696623022","value":37153.445919},{"valueType":"DOUBLE","timestamp":"1696622962","value":37152.098628},{"valueType":"DOUBLE","timestamp":"1696622902","value":37150.676705},{"valueType":"DOUBLE","timestamp":"1696622842","value":37149.171236},{"valueType":"DOUBLE","timestamp":"1696622782","value":37147.918537},{"valueType":"DOUBLE","timestamp":"1696622722","value":37146.931764},{"valueType":"DOUBLE","timestamp":"1696622662","value":37145.385309},{"valueType":"DOUBLE","timestamp":"1696622602","value":37143.967343},{"valueType":"DOUBLE","timestamp":"1696622542","value":37142.500305},{"valueType":"DOUBLE","timestamp":"1696622482","value":37141.644012},{"valueType":"DOUBLE","timestamp":"1696622422","value":37140.18127},{"valueType":"DOUBLE","timestamp":"1696622362","value":37138.873756},{"valueType":"DOUBLE","timestamp":"1696622302","value":37137.702808},{"valueType":"DOUBLE","timestamp":"1696622242","value":37136.84925},{"valueType":"DOUBLE","timestamp":"1696622182","value":37135.380831},{"valueType":"DOUBLE","timestamp":"1696622122","value":37133.919533},{"valueType":"DOUBLE","timestamp":"1696622062","value":37132.639217},{"valueType":"DOUBLE","timestamp":"1696622002","value":37131.25212},{"valueType":"DOUBLE","timestamp":"1696621942","value":37130.135366},{"valueType":"DOUBLE","timestamp":"1696621882","value":37128.928197},{"valueType":"DOUBLE","timestamp":"1696621822","value":37127.29106},{"valueType":"DOUBLE","timestamp":"1696621762","value":37125.93367},{"valueType":"DOUBLE","timestamp":"1696621702","value":37124.492543},{"valueType":"DOUBLE","timestamp":"1696621642","value":37123.206238},{"valueType":"DOUBLE","timestamp":"1696621582","value":37121.927127},{"valueType":"DOUBLE","timestamp":"1696621522","value":37120.369122},{"valueType":"DOUBLE","timestamp":"1696621462","value":37118.732024},{"valueType":"DOUBLE","timestamp":"1696621402","value":37117.653846},{"valueType":"DOUBLE","timestamp":"1696621342","value":37115.840865},{"valueType":"DOUBLE","timestamp":"1696621282","value":37115.022335},{"valueType":"DOUBLE","timestamp":"1696621222","value":37113.601158},{"valueType":"DOUBLE","timestamp":"1696621162","value":37112.615863},{"valueType":"DOUBLE","timestamp":"1696621102","value":37110.938489},{"valueType":"DOUBLE","timestamp":"1696621042","value":37109.880356},{"valueType":"DOUBLE","timestamp":"1696620982","value":37108.831011},{"valueType":"DOUBLE","timestamp":"1696620922","value":37107.903526},{"valueType":"DOUBLE","timestamp":"1696620862","value":37106.372859},{"valueType":"DOUBLE","timestamp":"1696620802","value":37105.313413},{"valueType":"DOUBLE","timestamp":"1696620742","value":37104.176581},{"valueType":"DOUBLE","timestamp":"1696620682","value":37102.993528},{"valueType":"DOUBLE","timestamp":"1696620622","value":37101.377322},{"valueType":"DOUBLE","timestamp":"1696620562","value":37099.89212},{"valueType":"DOUBLE","timestamp":"1696620502","value":37098.421279},{"valueType":"DOUBLE","timestamp":"1696620442","value":37096.869611},{"valueType":"DOUBLE","timestamp":"1696620382","value":37095.333204},{"valueType":"DOUBLE","timestamp":"1696620322","value":37094.188263},{"valueType":"DOUBLE","timestamp":"1696620262","value":37092.927532},{"valueType":"DOUBLE","timestamp":"1696620202","value":37091.76509},{"valueType":"DOUBLE","timestamp":"1696620142","value":37090.624475},{"valueType":"DOUBLE","timestamp":"1696620082","value":37089.595744},{"valueType":"DOUBLE","timestamp":"1696620022","value":37088.496096},{"valueType":"DOUBLE","timestamp":"1696619962","value":37087.347591},{"valueType":"DOUBLE","timestamp":"1696619902","value":37086.076525},{"valueType":"DOUBLE","timestamp":"1696619842","value":37085.021262},{"valueType":"DOUBLE","timestamp":"1696619782","value":37083.883566},{"valueType":"DOUBLE","timestamp":"1696619722","value":37082.947116},{"valueType":"DOUBLE","timestamp":"1696619662","value":37081.799657},{"valueType":"DOUBLE","timestamp":"1696619602","value":37080.515243},{"valueType":"DOUBLE","timestamp":"1696619542","value":37079.659479},{"valueType":"DOUBLE","timestamp":"1696619482","value":37078.597834},{"valueType":"DOUBLE","timestamp":"1696619422","value":37077.272141},{"valueType":"DOUBLE","timestamp":"1696619362","value":37076.392869},{"valueType":"DOUBLE","timestamp":"1696619302","value":37075.020175},{"valueType":"DOUBLE","timestamp":"1696619242","value":37073.533324},{"valueType":"DOUBLE","timestamp":"1696619182","value":37072.130152},{"valueType":"DOUBLE","timestamp":"1696619122","value":37071.030834},{"valueType":"DOUBLE","timestamp":"1696619062","value":37069.583851},{"valueType":"DOUBLE","timestamp":"1696619002","value":37068.232066},{"valueType":"DOUBLE","timestamp":"1696618942","value":37067.02014},{"valueType":"DOUBLE","timestamp":"1696618882","value":37065.707395},{"valueType":"DOUBLE","timestamp":"1696618822","value":37064.168604},{"valueType":"DOUBLE","timestamp":"1696618762","value":37062.910457},{"valueType":"DOUBLE","timestamp":"1696618702","value":37061.568392},{"valueType":"DOUBLE","timestamp":"1696618642","value":37060.05084},{"valueType":"DOUBLE","timestamp":"1696618582","value":37058.60522},{"valueType":"DOUBLE","timestamp":"1696618522","value":37057.390599},{"valueType":"DOUBLE","timestamp":"1696618462","value":37056.16817},{"valueType":"DOUBLE","timestamp":"1696618402","value":37054.817546},{"valueType":"DOUBLE","timestamp":"1696618342","value":37053.531904},{"valueType":"DOUBLE","timestamp":"1696618282","value":37052.225387},{"valueType":"DOUBLE","timestamp":"1696618222","value":37051.036388},{"valueType":"DOUBLE","timestamp":"1696618162","value":37050.224539},{"valueType":"DOUBLE","timestamp":"1696618102","value":37049.10368},{"valueType":"DOUBLE","timestamp":"1696618042","value":37047.952638},{"valueType":"DOUBLE","timestamp":"1696617982","value":37046.525371},{"valueType":"DOUBLE","timestamp":"1696617922","value":37045.460034},{"valueType":"DOUBLE","timestamp":"1696617862","value":37044.192598},{"valueType":"DOUBLE","timestamp":"1696617802","value":37043.229428},{"valueType":"DOUBLE","timestamp":"1696617742","value":37042.257228},{"valueType":"DOUBLE","timestamp":"1696617682","value":37040.665839},{"valueType":"DOUBLE","timestamp":"1696617622","value":37039.619442},{"valueType":"DOUBLE","timestamp":"1696617562","value":37038.383243},{"valueType":"DOUBLE","timestamp":"1696617502","value":37037.514788},{"valueType":"DOUBLE","timestamp":"1696617442","value":37036.368304},{"valueType":"DOUBLE","timestamp":"1696617382","value":37034.976503},{"valueType":"DOUBLE","timestamp":"1696617322","value":37033.945213},{"valueType":"DOUBLE","timestamp":"1696617262","value":37032.609981},{"valueType":"DOUBLE","timestamp":"1696617202","value":37031.406669},{"valueType":"DOUBLE","timestamp":"1696617142","value":37029.881807},{"valueType":"DOUBLE","timestamp":"1696617082","value":37028.490587},{"valueType":"DOUBLE","timestamp":"1696617022","value":37026.930959},{"valueType":"DOUBLE","timestamp":"1696616962","value":37025.513053},{"valueType":"DOUBLE","timestamp":"1696616902","value":37023.960897},{"valueType":"DOUBLE","timestamp":"1696616842","value":37022.304481},{"valueType":"DOUBLE","timestamp":"1696616782","value":37021.243412},{"valueType":"DOUBLE","timestamp":"1696616722","value":37019.621827},{"valueType":"DOUBLE","timestamp":"1696616662","value":37018.505163},{"valueType":"DOUBLE","timestamp":"1696616602","value":37017.346052},{"valueType":"DOUBLE","timestamp":"1696616542","value":37016.102273},{"valueType":"DOUBLE","timestamp":"1696616482","value":37015.059238},{"valueType":"DOUBLE","timestamp":"1696616422","value":37013.677815},{"valueType":"DOUBLE","timestamp":"1696616362","value":37012.289056},{"valueType":"DOUBLE","timestamp":"1696616302","value":37010.87022},{"valueType":"DOUBLE","timestamp":"1696616242","value":37009.823258},{"valueType":"DOUBLE","timestamp":"1696616182","value":37008.350278},{"valueType":"DOUBLE","timestamp":"1696616122","value":37007.397299},{"valueType":"DOUBLE","timestamp":"1696616062","value":37005.928281},{"valueType":"DOUBLE","timestamp":"1696616002","value":37004.606514},{"valueType":"DOUBLE","timestamp":"1696615942","value":37003.101187},{"valueType":"DOUBLE","timestamp":"1696615882","value":37001.934804},{"valueType":"DOUBLE","timestamp":"1696615822","value":37000.565177},{"valueType":"DOUBLE","timestamp":"1696615762","value":36999.091929},{"valueType":"DOUBLE","timestamp":"1696615702","value":36997.700997},{"valueType":"DOUBLE","timestamp":"1696615642","value":36996.179607},{"valueType":"DOUBLE","timestamp":"1696615582","value":36994.743082},{"valueType":"DOUBLE","timestamp":"1696615522","value":36993.698504}]}