{"podName":"contacts-7ddc76d94-bqmht","containerName":"contacts","nodeName":null,"metricType":"kubernetes.io/container/restart_count","metrics":[{"valueType":"INT64","timestamp":"1696701857","value":"0"},{"valueType":"INT64","timestamp":"1696701797","value":"0"},{"valueType":"INT64","timestamp":"1696701737","value":"0"},{"valueType":"INT64","timestamp":"1696701677","value":"0"},{"valueType":"INT64","timestamp":"1696701617","value":"0"},{"valueType":"INT64","timestamp":"1696701557","value":"0"},{"valueType":"INT64","timestamp":"1696701497","value":"0"},{"valueType":"INT64","timestamp":"1696701437","value":"0"},{"valueType":"INT64","timestamp":"1696701377","value":"0"},{"valueType":"INT64","timestamp":"1696701317","value":"0"},{"valueType":"INT64","timestamp":"1696701257","value":"0"},{"valueType":"INT64","timestamp":"1696701197","value":"0"},{"valueType":"INT64","timestamp":"1696701137","value":"0"},{"valueType":"INT64","timestamp":"1696701077","value":"0"},{"valueType":"INT64","timestamp":"1696701017","value":"0"},{"valueType":"INT64","timestamp":"1696700957","value":"0"},{"valueType":"INT64","timestamp":"1696700897","value":"0"},{"valueType":"INT64","timestamp":"1696700837","value":"0"},{"valueType":"INT64","timestamp":"1696700777","value":"0"},{"valueType":"INT64","timestamp":"1696700717","value":"0"},{"valueType":"INT64","timestamp":"1696700657","value":"0"},{"valueType":"INT64","timestamp":"1696700597","value":"0"},{"valueType":"INT64","timestamp":"1696700537","value":"0"},{"valueType":"INT64","timestamp":"1696700477","value":"0"},{"valueType":"INT64","timestamp":"1696700417","value":"0"},{"valueType":"INT64","timestamp":"1696700357","value":"0"},{"valueType":"INT64","timestamp":"1696700297","value":"0"},{"valueType":"INT64","timestamp":"1696700237","value":"0"},{"valueType":"INT64","timestamp":"1696700177","value":"0"},{"valueType":"INT64","timestamp":"1696700117","value":"0"},{"valueType":"INT64","timestamp":"1696700057","value":"0"},{"valueType":"INT64","timestamp":"1696699997","value":"0"},{"valueType":"INT64","timestamp":"1696699937","value":"0"},{"valueType":"INT64","timestamp":"1696699877","value":"0"},{"valueType":"INT64","timestamp":"1696699817","value":"0"},{"valueType":"INT64","timestamp":"1696699757","value":"0"},{"valueType":"INT64","timestamp":"1696699697","value":"0"},{"valueType":"INT64","timestamp":"1696699637","value":"0"},{"valueType":"INT64","timestamp":"1696699577","value":"0"},{"valueType":"INT64","timestamp":"1696699517","value":"0"},{"valueType":"INT64","timestamp":"1696699457","value":"0"},{"valueType":"INT64","timestamp":"1696699397","value":"0"},{"valueType":"INT64","timestamp":"1696699337","value":"0"},{"valueType":"INT64","timestamp":"1696699277","value":"0"},{"valueType":"INT64","timestamp":"1696699217","value":"0"},{"valueType":"INT64","timestamp":"1696699157","value":"0"},{"valueType":"INT64","timestamp":"1696699097","value":"0"},{"valueType":"INT64","timestamp":"1696699037","value":"0"},{"valueType":"INT64","timestamp":"1696698977","value":"0"},{"valueType":"INT64","timestamp":"1696698917","value":"0"},{"valueType":"INT64","timestamp":"1696698857","value":"0"},{"valueType":"INT64","timestamp":"1696698797","value":"0"},{"valueType":"INT64","timestamp":"1696698737","value":"0"},{"valueType":"INT64","timestamp":"1696698677","value":"0"},{"valueType":"INT64","timestamp":"1696698617","value":"0"},{"valueType":"INT64","timestamp":"1696698557","value":"0"},{"valueType":"INT64","timestamp":"1696698497","value":"0"},{"valueType":"INT64","timestamp":"1696698437","value":"0"},{"valueType":"INT64","timestamp":"1696698377","value":"0"},{"valueType":"INT64","timestamp":"1696698317","value":"0"},{"valueType":"INT64","timestamp":"1696698257","value":"0"},{"valueType":"INT64","timestamp":"1696698197","value":"0"},{"valueType":"INT64","timestamp":"1696698137","value":"0"},{"valueType":"INT64","timestamp":"1696698077","value":"0"},{"valueType":"INT64","timestamp":"1696698017","value":"0"},{"valueType":"INT64","timestamp":"1696697957","value":"0"},{"valueType":"INT64","timestamp":"1696697897","value":"0"},{"valueType":"INT64","timestamp":"1696697837","value":"0"},{"valueType":"INT64","timestamp":"1696697777","value":"0"},{"valueType":"INT64","timestamp":"1696697717","value":"0"},{"valueType":"INT64","timestamp":"1696697657","value":"0"},{"valueType":"INT64","timestamp":"1696697597","value":"0"},{"valueType":"INT64","timestamp":"1696697537","value":"0"},{"valueType":"INT64","timestamp":"1696697477","value":"0"},{"valueType":"INT64","timestamp":"1696697417","value":"0"},{"valueType":"INT64","timestamp":"1696697357","value":"0"},{"valueType":"INT64","timestamp":"1696697297","value":"0"},{"valueType":"INT64","timestamp":"1696697237","value":"0"},{"valueType":"INT64","timestamp":"1696697177","value":"0"},{"valueType":"INT64","timestamp":"1696697117","value":"0"},{"valueType":"INT64","timestamp":"1696697057","value":"0"},{"valueType":"INT64","timestamp":"1696696997","value":"0"},{"valueType":"INT64","timestamp":"1696696937","value":"0"},{"valueType":"INT64","timestamp":"1696696877","value":"0"},{"valueType":"INT64","timestamp":"1696696817","value":"0"},{"valueType":"INT64","timestamp":"1696696757","value":"0"},{"valueType":"INT64","timestamp":"1696696697","value":"0"},{"valueType":"INT64","timestamp":"1696696637","value":"0"},{"valueType":"INT64","timestamp":"1696696577","value":"0"},{"valueType":"INT64","timestamp":"1696696517","value":"0"},{"valueType":"INT64","timestamp":"1696696457","value":"0"},{"valueType":"INT64","timestamp":"1696696397","value":"0"},{"valueType":"INT64","timestamp":"1696696337","value":"0"},{"valueType":"INT64","timestamp":"1696696277","value":"0"},{"valueType":"INT64","timestamp":"1696696217","value":"0"},{"valueType":"INT64","timestamp":"1696696157","value":"0"},{"valueType":"INT64","timestamp":"1696696097","value":"0"},{"valueType":"INT64","timestamp":"1696696037","value":"0"},{"valueType":"INT64","timestamp":"1696695977","value":"0"},{"valueType":"INT64","timestamp":"1696695917","value":"0"},{"valueType":"INT64","timestamp":"1696695857","value":"0"},{"valueType":"INT64","timestamp":"1696695797","value":"0"},{"valueType":"INT64","timestamp":"1696695737","value":"0"},{"valueType":"INT64","timestamp":"1696695677","value":"0"},{"valueType":"INT64","timestamp":"1696695617","value":"0"},{"valueType":"INT64","timestamp":"1696695557","value":"0"},{"valueType":"INT64","timestamp":"1696695497","value":"0"},{"valueType":"INT64","timestamp":"1696695437","value":"0"},{"valueType":"INT64","timestamp":"1696695377","value":"0"},{"valueType":"INT64","timestamp":"1696695317","value":"0"},{"valueType":"INT64","timestamp":"1696695257","value":"0"},{"valueType":"INT64","timestamp":"1696695197","value":"0"},{"valueType":"INT64","timestamp":"1696695137","value":"0"},{"valueType":"INT64","timestamp":"1696695077","value":"0"},{"valueType":"INT64","timestamp":"1696695017","value":"0"},{"valueType":"INT64","timestamp":"1696694957","value":"0"},{"valueType":"INT64","timestamp":"1696694897","value":"0"},{"valueType":"INT64","timestamp":"1696694837","value":"0"},{"valueType":"INT64","timestamp":"1696694777","value":"0"},{"valueType":"INT64","timestamp":"1696694717","value":"0"},{"valueType":"INT64","timestamp":"1696694657","value":"0"},{"valueType":"INT64","timestamp":"1696694597","value":"0"},{"valueType":"INT64","timestamp":"1696694537","value":"0"},{"valueType":"INT64","timestamp":"1696694477","value":"0"},{"valueType":"INT64","timestamp":"1696694417","value":"0"},{"valueType":"INT64","timestamp":"1696694357","value":"0"},{"valueType":"INT64","timestamp":"1696694297","value":"0"},{"valueType":"INT64","timestamp":"1696694237","value":"0"},{"valueType":"INT64","timestamp":"1696694177","value":"0"},{"valueType":"INT64","timestamp":"1696694117","value":"0"},{"valueType":"INT64","timestamp":"1696694057","value":"0"},{"valueType":"INT64","timestamp":"1696693997","value":"0"},{"valueType":"INT64","timestamp":"1696693937","value":"0"},{"valueType":"INT64","timestamp":"1696693877","value":"0"},{"valueType":"INT64","timestamp":"1696693817","value":"0"},{"valueType":"INT64","timestamp":"1696693757","value":"0"},{"valueType":"INT64","timestamp":"1696693697","value":"0"},{"valueType":"INT64","timestamp":"1696693637","value":"0"},{"valueType":"INT64","timestamp":"1696693577","value":"0"},{"valueType":"INT64","timestamp":"1696693517","value":"0"},{"valueType":"INT64","timestamp":"1696693457","value":"0"},{"valueType":"INT64","timestamp":"1696693397","value":"0"},{"valueType":"INT64","timestamp":"1696693337","value":"0"},{"valueType":"INT64","timestamp":"1696693277","value":"0"},{"valueType":"INT64","timestamp":"1696693217","value":"0"},{"valueType":"INT64","timestamp":"1696693157","value":"0"},{"valueType":"INT64","timestamp":"1696693097","value":"0"},{"valueType":"INT64","timestamp":"1696693037","value":"0"},{"valueType":"INT64","timestamp":"1696692977","value":"0"},{"valueType":"INT64","timestamp":"1696692917","value":"0"},{"valueType":"INT64","timestamp":"1696692857","value":"0"},{"valueType":"INT64","timestamp":"1696692797","value":"0"},{"valueType":"INT64","timestamp":"1696692737","value":"0"},{"valueType":"INT64","timestamp":"1696692677","value":"0"},{"valueType":"INT64","timestamp":"1696692617","value":"0"},{"valueType":"INT64","timestamp":"1696692557","value":"0"},{"valueType":"INT64","timestamp":"1696692497","value":"0"},{"valueType":"INT64","timestamp":"1696692437","value":"0"},{"valueType":"INT64","timestamp":"1696692377","value":"0"},{"valueType":"INT64","timestamp":"1696692317","value":"0"},{"valueType":"INT64","timestamp":"1696692257","value":"0"},{"valueType":"INT64","timestamp":"1696692197","value":"0"},{"valueType":"INT64","timestamp":"1696692137","value":"0"},{"valueType":"INT64","timestamp":"1696692077","value":"0"},{"valueType":"INT64","timestamp":"1696692017","value":"0"},{"valueType":"INT64","timestamp":"1696691957","value":"0"},{"valueType":"INT64","timestamp":"1696691897","value":"0"},{"valueType":"INT64","timestamp":"1696691837","value":"0"},{"valueType":"INT64","timestamp":"1696691777","value":"0"},{"valueType":"INT64","timestamp":"1696691717","value":"0"},{"valueType":"INT64","timestamp":"1696691657","value":"0"},{"valueType":"INT64","timestamp":"1696691597","value":"0"},{"valueType":"INT64","timestamp":"1696691537","value":"0"},{"valueType":"INT64","timestamp":"1696691477","value":"0"},{"valueType":"INT64","timestamp":"1696691417","value":"0"},{"valueType":"INT64","timestamp":"1696691357","value":"0"},{"valueType":"INT64","timestamp":"1696691297","value":"0"},{"valueType":"INT64","timestamp":"1696691237","value":"0"},{"valueType":"INT64","timestamp":"1696691177","value":"0"},{"valueType":"INT64","timestamp":"1696691117","value":"0"},{"valueType":"INT64","timestamp":"1696691057","value":"0"},{"valueType":"INT64","timestamp":"1696690997","value":"0"},{"valueType":"INT64","timestamp":"1696690937","value":"0"},{"valueType":"INT64","timestamp":"1696690877","value":"0"},{"valueType":"INT64","timestamp":"1696690817","value":"0"},{"valueType":"INT64","timestamp":"1696690757","value":"0"},{"valueType":"INT64","timestamp":"1696690697","value":"0"},{"valueType":"INT64","timestamp":"1696690637","value":"0"},{"valueType":"INT64","timestamp":"1696690577","value":"0"},{"valueType":"INT64","timestamp":"1696690517","value":"0"},{"valueType":"INT64","timestamp":"1696690457","value":"0"},{"valueType":"INT64","timestamp":"1696690397","value":"0"},{"valueType":"INT64","timestamp":"1696690337","value":"0"},{"valueType":"INT64","timestamp":"1696690277","value":"0"},{"valueType":"INT64","timestamp":"1696690217","value":"0"},{"valueType":"INT64","timestamp":"1696690157","value":"0"},{"valueType":"INT64","timestamp":"1696690097","value":"0"},{"valueType":"INT64","timestamp":"1696690037","value":"0"},{"valueType":"INT64","timestamp":"1696689977","value":"0"},{"valueType":"INT64","timestamp":"1696689917","value":"0"},{"valueType":"INT64","timestamp":"1696689857","value":"0"},{"valueType":"INT64","timestamp":"1696689797","value":"0"},{"valueType":"INT64","timestamp":"1696689737","value":"0"},{"valueType":"INT64","timestamp":"1696689677","value":"0"},{"valueType":"INT64","timestamp":"1696689617","value":"0"},{"valueType":"INT64","timestamp":"1696689557","value":"0"},{"valueType":"INT64","timestamp":"1696689497","value":"0"},{"valueType":"INT64","timestamp":"1696689437","value":"0"},{"valueType":"INT64","timestamp":"1696689377","value":"0"},{"valueType":"INT64","timestamp":"1696689317","value":"0"},{"valueType":"INT64","timestamp":"1696689257","value":"0"},{"valueType":"INT64","timestamp":"1696689197","value":"0"},{"valueType":"INT64","timestamp":"1696689137","value":"0"},{"valueType":"INT64","timestamp":"1696689077","value":"0"},{"valueType":"INT64","timestamp":"1696689017","value":"0"},{"valueType":"INT64","timestamp":"1696688957","value":"0"},{"valueType":"INT64","timestamp":"1696688897","value":"0"},{"valueType":"INT64","timestamp":"1696688837","value":"0"},{"valueType":"INT64","timestamp":"1696688777","value":"0"},{"valueType":"INT64","timestamp":"1696688717","value":"0"},{"valueType":"INT64","timestamp":"1696688657","value":"0"},{"valueType":"INT64","timestamp":"1696688597","value":"0"},{"valueType":"INT64","timestamp":"1696688537","value":"0"},{"valueType":"INT64","timestamp":"1696688477","value":"0"},{"valueType":"INT64","timestamp":"1696688417","value":"0"},{"valueType":"INT64","timestamp":"1696688357","value":"0"},{"valueType":"INT64","timestamp":"1696688297","value":"0"},{"valueType":"INT64","timestamp":"1696688237","value":"0"},{"valueType":"INT64","timestamp":"1696688177","value":"0"},{"valueType":"INT64","timestamp":"1696688117","value":"0"},{"valueType":"INT64","timestamp":"1696688057","value":"0"},{"valueType":"INT64","timestamp":"1696687997","value":"0"},{"valueType":"INT64","timestamp":"1696687937","value":"0"},{"valueType":"INT64","timestamp":"1696687877","value":"0"},{"valueType":"INT64","timestamp":"1696687817","value":"0"},{"valueType":"INT64","timestamp":"1696687757","value":"0"},{"valueType":"INT64","timestamp":"1696687697","value":"0"},{"valueType":"INT64","timestamp":"1696687637","value":"0"},{"valueType":"INT64","timestamp":"1696687577","value":"0"},{"valueType":"INT64","timestamp":"1696687517","value":"0"},{"valueType":"INT64","timestamp":"1696687457","value":"0"},{"valueType":"INT64","timestamp":"1696687397","value":"0"},{"valueType":"INT64","timestamp":"1696687337","value":"0"},{"valueType":"INT64","timestamp":"1696687277","value":"0"},{"valueType":"INT64","timestamp":"1696687217","value":"0"},{"valueType":"INT64","timestamp":"1696687157","value":"0"},{"valueType":"INT64","timestamp":"1696687097","value":"0"},{"valueType":"INT64","timestamp":"1696687037","value":"0"},{"valueType":"INT64","timestamp":"1696686977","value":"0"},{"valueType":"INT64","timestamp":"1696686917","value":"0"},{"valueType":"INT64","timestamp":"1696686857","value":"0"},{"valueType":"INT64","timestamp":"1696686797","value":"0"},{"valueType":"INT64","timestamp":"1696686737","value":"0"},{"valueType":"INT64","timestamp":"1696686677","value":"0"},{"valueType":"INT64","timestamp":"1696686617","value":"0"},{"valueType":"INT64","timestamp":"1696686557","value":"0"},{"valueType":"INT64","timestamp":"1696686497","value":"0"},{"valueType":"INT64","timestamp":"1696686437","value":"0"},{"valueType":"INT64","timestamp":"1696686377","value":"0"},{"valueType":"INT64","timestamp":"1696686317","value":"0"},{"valueType":"INT64","timestamp":"1696686257","value":"0"},{"valueType":"INT64","timestamp":"1696686197","value":"0"},{"valueType":"INT64","timestamp":"1696686137","value":"0"},{"valueType":"INT64","timestamp":"1696686077","value":"0"},{"valueType":"INT64","timestamp":"1696686017","value":"0"},{"valueType":"INT64","timestamp":"1696685957","value":"0"},{"valueType":"INT64","timestamp":"1696685897","value":"0"},{"valueType":"INT64","timestamp":"1696685837","value":"0"},{"valueType":"INT64","timestamp":"1696685777","value":"0"},{"valueType":"INT64","timestamp":"1696685717","value":"0"},{"valueType":"INT64","timestamp":"1696685657","value":"0"},{"valueType":"INT64","timestamp":"1696685597","value":"0"},{"valueType":"INT64","timestamp":"1696685537","value":"0"},{"valueType":"INT64","timestamp":"1696685477","value":"0"},{"valueType":"INT64","timestamp":"1696685417","value":"0"},{"valueType":"INT64","timestamp":"1696685357","value":"0"},{"valueType":"INT64","timestamp":"1696685297","value":"0"},{"valueType":"INT64","timestamp":"1696685237","value":"0"},{"valueType":"INT64","timestamp":"1696685177","value":"0"},{"valueType":"INT64","timestamp":"1696685117","value":"0"},{"valueType":"INT64","timestamp":"1696685057","value":"0"},{"valueType":"INT64","timestamp":"1696684997","value":"0"},{"valueType":"INT64","timestamp":"1696684937","value":"0"},{"valueType":"INT64","timestamp":"1696684877","value":"0"},{"valueType":"INT64","timestamp":"1696684817","value":"0"},{"valueType":"INT64","timestamp":"1696684757","value":"0"},{"valueType":"INT64","timestamp":"1696684697","value":"0"},{"valueType":"INT64","timestamp":"1696684637","value":"0"},{"valueType":"INT64","timestamp":"1696684577","value":"0"},{"valueType":"INT64","timestamp":"1696684517","value":"0"},{"valueType":"INT64","timestamp":"1696684457","value":"0"},{"valueType":"INT64","timestamp":"1696684397","value":"0"},{"valueType":"INT64","timestamp":"1696684337","value":"0"},{"valueType":"INT64","timestamp":"1696684277","value":"0"},{"valueType":"INT64","timestamp":"1696684217","value":"0"},{"valueType":"INT64","timestamp":"1696684157","value":"0"},{"valueType":"INT64","timestamp":"1696684097","value":"0"},{"valueType":"INT64","timestamp":"1696684037","value":"0"},{"valueType":"INT64","timestamp":"1696683977","value":"0"},{"valueType":"INT64","timestamp":"1696683917","value":"0"},{"valueType":"INT64","timestamp":"1696683857","value":"0"},{"valueType":"INT64","timestamp":"1696683797","value":"0"},{"valueType":"INT64","timestamp":"1696683737","value":"0"},{"valueType":"INT64","timestamp":"1696683677","value":"0"},{"valueType":"INT64","timestamp":"1696683617","value":"0"},{"valueType":"INT64","timestamp":"1696683557","value":"0"},{"valueType":"INT64","timestamp":"1696683497","value":"0"},{"valueType":"INT64","timestamp":"1696683437","value":"0"},{"valueType":"INT64","timestamp":"1696683377","value":"0"},{"valueType":"INT64","timestamp":"1696683317","value":"0"},{"valueType":"INT64","timestamp":"1696683257","value":"0"},{"valueType":"INT64","timestamp":"1696683197","value":"0"},{"valueType":"INT64","timestamp":"1696683137","value":"0"},{"valueType":"INT64","timestamp":"1696683077","value":"0"},{"valueType":"INT64","timestamp":"1696683017","value":"0"},{"valueType":"INT64","timestamp":"1696682957","value":"0"},{"valueType":"INT64","timestamp":"1696682897","value":"0"},{"valueType":"INT64","timestamp":"1696682837","value":"0"},{"valueType":"INT64","timestamp":"1696682777","value":"0"},{"valueType":"INT64","timestamp":"1696682717","value":"0"},{"valueType":"INT64","timestamp":"1696682657","value":"0"},{"valueType":"INT64","timestamp":"1696682597","value":"0"},{"valueType":"INT64","timestamp":"1696682537","value":"0"},{"valueType":"INT64","timestamp":"1696682477","value":"0"},{"valueType":"INT64","timestamp":"1696682417","value":"0"},{"valueType":"INT64","timestamp":"1696682357","value":"0"},{"valueType":"INT64","timestamp":"1696682297","value":"0"},{"valueType":"INT64","timestamp":"1696682237","value":"0"},{"valueType":"INT64","timestamp":"1696682177","value":"0"},{"valueType":"INT64","timestamp":"1696682117","value":"0"},{"valueType":"INT64","timestamp":"1696682057","value":"0"},{"valueType":"INT64","timestamp":"1696681997","value":"0"},{"valueType":"INT64","timestamp":"1696681937","value":"0"},{"valueType":"INT64","timestamp":"1696681877","value":"0"},{"valueType":"INT64","timestamp":"1696681817","value":"0"},{"valueType":"INT64","timestamp":"1696681757","value":"0"},{"valueType":"INT64","timestamp":"1696681697","value":"0"},{"valueType":"INT64","timestamp":"1696681637","value":"0"},{"valueType":"INT64","timestamp":"1696681577","value":"0"},{"valueType":"INT64","timestamp":"1696681517","value":"0"},{"valueType":"INT64","timestamp":"1696681457","value":"0"},{"valueType":"INT64","timestamp":"1696681397","value":"0"},{"valueType":"INT64","timestamp":"1696681337","value":"0"},{"valueType":"INT64","timestamp":"1696681277","value":"0"},{"valueType":"INT64","timestamp":"1696681217","value":"0"},{"valueType":"INT64","timestamp":"1696681157","value":"0"},{"valueType":"INT64","timestamp":"1696681097","value":"0"},{"valueType":"INT64","timestamp":"1696681037","value":"0"},{"valueType":"INT64","timestamp":"1696680977","value":"0"},{"valueType":"INT64","timestamp":"1696680917","value":"0"},{"valueType":"INT64","timestamp":"1696680857","value":"0"},{"valueType":"INT64","timestamp":"1696680797","value":"0"},{"valueType":"INT64","timestamp":"1696680737","value":"0"},{"valueType":"INT64","timestamp":"1696680677","value":"0"},{"valueType":"INT64","timestamp":"1696680617","value":"0"},{"valueType":"INT64","timestamp":"1696680557","value":"0"},{"valueType":"INT64","timestamp":"1696680497","value":"0"},{"valueType":"INT64","timestamp":"1696680437","value":"0"},{"valueType":"INT64","timestamp":"1696680377","value":"0"},{"valueType":"INT64","timestamp":"1696680317","value":"0"},{"valueType":"INT64","timestamp":"1696680257","value":"0"},{"valueType":"INT64","timestamp":"1696680197","value":"0"},{"valueType":"INT64","timestamp":"1696680137","value":"0"},{"valueType":"INT64","timestamp":"1696680077","value":"0"},{"valueType":"INT64","timestamp":"1696680017","value":"0"},{"valueType":"INT64","timestamp":"1696679957","value":"0"},{"valueType":"INT64","timestamp":"1696679897","value":"0"},{"valueType":"INT64","timestamp":"1696679837","value":"0"},{"valueType":"INT64","timestamp":"1696679777","value":"0"},{"valueType":"INT64","timestamp":"1696679717","value":"0"},{"valueType":"INT64","timestamp":"1696679657","value":"0"},{"valueType":"INT64","timestamp":"1696679597","value":"0"},{"valueType":"INT64","timestamp":"1696679537","value":"0"},{"valueType":"INT64","timestamp":"1696679477","value":"0"},{"valueType":"INT64","timestamp":"1696679417","value":"0"},{"valueType":"INT64","timestamp":"1696679357","value":"0"},{"valueType":"INT64","timestamp":"1696679297","value":"0"},{"valueType":"INT64","timestamp":"1696679237","value":"0"},{"valueType":"INT64","timestamp":"1696679177","value":"0"},{"valueType":"INT64","timestamp":"1696679117","value":"0"},{"valueType":"INT64","timestamp":"1696679057","value":"0"},{"valueType":"INT64","timestamp":"1696678997","value":"0"},{"valueType":"INT64","timestamp":"1696678937","value":"0"},{"valueType":"INT64","timestamp":"1696678877","value":"0"},{"valueType":"INT64","timestamp":"1696678817","value":"0"},{"valueType":"INT64","timestamp":"1696678757","value":"0"},{"valueType":"INT64","timestamp":"1696678697","value":"0"},{"valueType":"INT64","timestamp":"1696678637","value":"0"},{"valueType":"INT64","timestamp":"1696678577","value":"0"},{"valueType":"INT64","timestamp":"1696678517","value":"0"},{"valueType":"INT64","timestamp":"1696678457","value":"0"},{"valueType":"INT64","timestamp":"1696678397","value":"0"},{"valueType":"INT64","timestamp":"1696678337","value":"0"},{"valueType":"INT64","timestamp":"1696678277","value":"0"},{"valueType":"INT64","timestamp":"1696678217","value":"0"},{"valueType":"INT64","timestamp":"1696678157","value":"0"},{"valueType":"INT64","timestamp":"1696678097","value":"0"},{"valueType":"INT64","timestamp":"1696678037","value":"0"},{"valueType":"INT64","timestamp":"1696677977","value":"0"},{"valueType":"INT64","timestamp":"1696677917","value":"0"},{"valueType":"INT64","timestamp":"1696677857","value":"0"},{"valueType":"INT64","timestamp":"1696677797","value":"0"},{"valueType":"INT64","timestamp":"1696677737","value":"0"},{"valueType":"INT64","timestamp":"1696677677","value":"0"},{"valueType":"INT64","timestamp":"1696677617","value":"0"},{"valueType":"INT64","timestamp":"1696677557","value":"0"},{"valueType":"INT64","timestamp":"1696677497","value":"0"},{"valueType":"INT64","timestamp":"1696677437","value":"0"},{"valueType":"INT64","timestamp":"1696677377","value":"0"},{"valueType":"INT64","timestamp":"1696677317","value":"0"},{"valueType":"INT64","timestamp":"1696677257","value":"0"},{"valueType":"INT64","timestamp":"1696677197","value":"0"},{"valueType":"INT64","timestamp":"1696677137","value":"0"},{"valueType":"INT64","timestamp":"1696677077","value":"0"},{"valueType":"INT64","timestamp":"1696677017","value":"0"},{"valueType":"INT64","timestamp":"1696676957","value":"0"},{"valueType":"INT64","timestamp":"1696676897","value":"0"},{"valueType":"INT64","timestamp":"1696676837","value":"0"},{"valueType":"INT64","timestamp":"1696676777","value":"0"},{"valueType":"INT64","timestamp":"1696676717","value":"0"},{"valueType":"INT64","timestamp":"1696676657","value":"0"},{"valueType":"INT64","timestamp":"1696676597","value":"0"},{"valueType":"INT64","timestamp":"1696676537","value":"0"},{"valueType":"INT64","timestamp":"1696676477","value":"0"},{"valueType":"INT64","timestamp":"1696676417","value":"0"},{"valueType":"INT64","timestamp":"1696676357","value":"0"},{"valueType":"INT64","timestamp":"1696676297","value":"0"},{"valueType":"INT64","timestamp":"1696676237","value":"0"},{"valueType":"INT64","timestamp":"1696676177","value":"0"},{"valueType":"INT64","timestamp":"1696676117","value":"0"},{"valueType":"INT64","timestamp":"1696676057","value":"0"},{"valueType":"INT64","timestamp":"1696675997","value":"0"},{"valueType":"INT64","timestamp":"1696675937","value":"0"},{"valueType":"INT64","timestamp":"1696675877","value":"0"},{"valueType":"INT64","timestamp":"1696675817","value":"0"},{"valueType":"INT64","timestamp":"1696675757","value":"0"},{"valueType":"INT64","timestamp":"1696675697","value":"0"},{"valueType":"INT64","timestamp":"1696675637","value":"0"},{"valueType":"INT64","timestamp":"1696675577","value":"0"},{"valueType":"INT64","timestamp":"1696675517","value":"0"},{"valueType":"INT64","timestamp":"1696675457","value":"0"},{"valueType":"INT64","timestamp":"1696675397","value":"0"},{"valueType":"INT64","timestamp":"1696675337","value":"0"},{"valueType":"INT64","timestamp":"1696675277","value":"0"},{"valueType":"INT64","timestamp":"1696675217","value":"0"},{"valueType":"INT64","timestamp":"1696675157","value":"0"},{"valueType":"INT64","timestamp":"1696675097","value":"0"},{"valueType":"INT64","timestamp":"1696675037","value":"0"},{"valueType":"INT64","timestamp":"1696674977","value":"0"},{"valueType":"INT64","timestamp":"1696674917","value":"0"},{"valueType":"INT64","timestamp":"1696674857","value":"0"},{"valueType":"INT64","timestamp":"1696674797","value":"0"},{"valueType":"INT64","timestamp":"1696674737","value":"0"},{"valueType":"INT64","timestamp":"1696674677","value":"0"},{"valueType":"INT64","timestamp":"1696674617","value":"0"},{"valueType":"INT64","timestamp":"1696674557","value":"0"},{"valueType":"INT64","timestamp":"1696674497","value":"0"},{"valueType":"INT64","timestamp":"1696674437","value":"0"},{"valueType":"INT64","timestamp":"1696674377","value":"0"},{"valueType":"INT64","timestamp":"1696674317","value":"0"},{"valueType":"INT64","timestamp":"1696674257","value":"0"},{"valueType":"INT64","timestamp":"1696674197","value":"0"},{"valueType":"INT64","timestamp":"1696674137","value":"0"},{"valueType":"INT64","timestamp":"1696674077","value":"0"},{"valueType":"INT64","timestamp":"1696674017","value":"0"},{"valueType":"INT64","timestamp":"1696673957","value":"0"},{"valueType":"INT64","timestamp":"1696673897","value":"0"},{"valueType":"INT64","timestamp":"1696673837","value":"0"},{"valueType":"INT64","timestamp":"1696673777","value":"0"},{"valueType":"INT64","timestamp":"1696673717","value":"0"},{"valueType":"INT64","timestamp":"1696673657","value":"0"},{"valueType":"INT64","timestamp":"1696673597","value":"0"},{"valueType":"INT64","timestamp":"1696673537","value":"0"},{"valueType":"INT64","timestamp":"1696673477","value":"0"},{"valueType":"INT64","timestamp":"1696673417","value":"0"},{"valueType":"INT64","timestamp":"1696673357","value":"0"},{"valueType":"INT64","timestamp":"1696673297","value":"0"},{"valueType":"INT64","timestamp":"1696673237","value":"0"},{"valueType":"INT64","timestamp":"1696673177","value":"0"},{"valueType":"INT64","timestamp":"1696673117","value":"0"},{"valueType":"INT64","timestamp":"1696673057","value":"0"},{"valueType":"INT64","timestamp":"1696672997","value":"0"},{"valueType":"INT64","timestamp":"1696672937","value":"0"},{"valueType":"INT64","timestamp":"1696672877","value":"0"},{"valueType":"INT64","timestamp":"1696672817","value":"0"},{"valueType":"INT64","timestamp":"1696672757","value":"0"},{"valueType":"INT64","timestamp":"1696672697","value":"0"},{"valueType":"INT64","timestamp":"1696672637","value":"0"},{"valueType":"INT64","timestamp":"1696672577","value":"0"},{"valueType":"INT64","timestamp":"1696672517","value":"0"},{"valueType":"INT64","timestamp":"1696672457","value":"0"},{"valueType":"INT64","timestamp":"1696672397","value":"0"},{"valueType":"INT64","timestamp":"1696672337","value":"0"},{"valueType":"INT64","timestamp":"1696672277","value":"0"},{"valueType":"INT64","timestamp":"1696672217","value":"0"},{"valueType":"INT64","timestamp":"1696672157","value":"0"},{"valueType":"INT64","timestamp":"1696672097","value":"0"},{"valueType":"INT64","timestamp":"1696672037","value":"0"},{"valueType":"INT64","timestamp":"1696671977","value":"0"},{"valueType":"INT64","timestamp":"1696671917","value":"0"},{"valueType":"INT64","timestamp":"1696671857","value":"0"},{"valueType":"INT64","timestamp":"1696671797","value":"0"},{"valueType":"INT64","timestamp":"1696671737","value":"0"},{"valueType":"INT64","timestamp":"1696671677","value":"0"},{"valueType":"INT64","timestamp":"1696671617","value":"0"},{"valueType":"INT64","timestamp":"1696671557","value":"0"},{"valueType":"INT64","timestamp":"1696671497","value":"0"},{"valueType":"INT64","timestamp":"1696671437","value":"0"},{"valueType":"INT64","timestamp":"1696671377","value":"0"},{"valueType":"INT64","timestamp":"1696671317","value":"0"},{"valueType":"INT64","timestamp":"1696671257","value":"0"},{"valueType":"INT64","timestamp":"1696671197","value":"0"},{"valueType":"INT64","timestamp":"1696671137","value":"0"},{"valueType":"INT64","timestamp":"1696671077","value":"0"},{"valueType":"INT64","timestamp":"1696671017","value":"0"},{"valueType":"INT64","timestamp":"1696670957","value":"0"},{"valueType":"INT64","timestamp":"1696670897","value":"0"},{"valueType":"INT64","timestamp":"1696670837","value":"0"},{"valueType":"INT64","timestamp":"1696670777","value":"0"},{"valueType":"INT64","timestamp":"1696670717","value":"0"},{"valueType":"INT64","timestamp":"1696670657","value":"0"},{"valueType":"INT64","timestamp":"1696670597","value":"0"},{"valueType":"INT64","timestamp":"1696670537","value":"0"},{"valueType":"INT64","timestamp":"1696670477","value":"0"},{"valueType":"INT64","timestamp":"1696670417","value":"0"},{"valueType":"INT64","timestamp":"1696670357","value":"0"},{"valueType":"INT64","timestamp":"1696670297","value":"0"},{"valueType":"INT64","timestamp":"1696670237","value":"0"},{"valueType":"INT64","timestamp":"1696670177","value":"0"},{"valueType":"INT64","timestamp":"1696670117","value":"0"},{"valueType":"INT64","timestamp":"1696670057","value":"0"},{"valueType":"INT64","timestamp":"1696669997","value":"0"},{"valueType":"INT64","timestamp":"1696669937","value":"0"},{"valueType":"INT64","timestamp":"1696669877","value":"0"},{"valueType":"INT64","timestamp":"1696669817","value":"0"},{"valueType":"INT64","timestamp":"1696669757","value":"0"},{"valueType":"INT64","timestamp":"1696669697","value":"0"},{"valueType":"INT64","timestamp":"1696669637","value":"0"},{"valueType":"INT64","timestamp":"1696669577","value":"0"},{"valueType":"INT64","timestamp":"1696669517","value":"0"},{"valueType":"INT64","timestamp":"1696669457","value":"0"},{"valueType":"INT64","timestamp":"1696669397","value":"0"},{"valueType":"INT64","timestamp":"1696669337","value":"0"},{"valueType":"INT64","timestamp":"1696669277","value":"0"},{"valueType":"INT64","timestamp":"1696669217","value":"0"},{"valueType":"INT64","timestamp":"1696669157","value":"0"},{"valueType":"INT64","timestamp":"1696669097","value":"0"},{"valueType":"INT64","timestamp":"1696669037","value":"0"},{"valueType":"INT64","timestamp":"1696668977","value":"0"},{"valueType":"INT64","timestamp":"1696668917","value":"0"},{"valueType":"INT64","timestamp":"1696668857","value":"0"},{"valueType":"INT64","timestamp":"1696668797","value":"0"},{"valueType":"INT64","timestamp":"1696668737","value":"0"},{"valueType":"INT64","timestamp":"1696668677","value":"0"},{"valueType":"INT64","timestamp":"1696668617","value":"0"},{"valueType":"INT64","timestamp":"1696668557","value":"0"},{"valueType":"INT64","timestamp":"1696668497","value":"0"},{"valueType":"INT64","timestamp":"1696668437","value":"0"},{"valueType":"INT64","timestamp":"1696668377","value":"0"},{"valueType":"INT64","timestamp":"1696668317","value":"0"},{"valueType":"INT64","timestamp":"1696668257","value":"0"},{"valueType":"INT64","timestamp":"1696668197","value":"0"},{"valueType":"INT64","timestamp":"1696668137","value":"0"},{"valueType":"INT64","timestamp":"1696668077","value":"0"},{"valueType":"INT64","timestamp":"1696668017","value":"0"},{"valueType":"INT64","timestamp":"1696667957","value":"0"},{"valueType":"INT64","timestamp":"1696667897","value":"0"},{"valueType":"INT64","timestamp":"1696667837","value":"0"},{"valueType":"INT64","timestamp":"1696667777","value":"0"},{"valueType":"INT64","timestamp":"1696667717","value":"0"},{"valueType":"INT64","timestamp":"1696667657","value":"0"},{"valueType":"INT64","timestamp":"1696667597","value":"0"},{"valueType":"INT64","timestamp":"1696667537","value":"0"},{"valueType":"INT64","timestamp":"1696667477","value":"0"},{"valueType":"INT64","timestamp":"1696667417","value":"0"},{"valueType":"INT64","timestamp":"1696667357","value":"0"},{"valueType":"INT64","timestamp":"1696667297","value":"0"},{"valueType":"INT64","timestamp":"1696667237","value":"0"},{"valueType":"INT64","timestamp":"1696667177","value":"0"},{"valueType":"INT64","timestamp":"1696667117","value":"0"},{"valueType":"INT64","timestamp":"1696667057","value":"0"},{"valueType":"INT64","timestamp":"1696666997","value":"0"},{"valueType":"INT64","timestamp":"1696666937","value":"0"},{"valueType":"INT64","timestamp":"1696666877","value":"0"},{"valueType":"INT64","timestamp":"1696666817","value":"0"},{"valueType":"INT64","timestamp":"1696666757","value":"0"},{"valueType":"INT64","timestamp":"1696666697","value":"0"},{"valueType":"INT64","timestamp":"1696666637","value":"0"},{"valueType":"INT64","timestamp":"1696666577","value":"0"},{"valueType":"INT64","timestamp":"1696666517","value":"0"},{"valueType":"INT64","timestamp":"1696666457","value":"0"},{"valueType":"INT64","timestamp":"1696666397","value":"0"},{"valueType":"INT64","timestamp":"1696666337","value":"0"},{"valueType":"INT64","timestamp":"1696666277","value":"0"},{"valueType":"INT64","timestamp":"1696666217","value":"0"},{"valueType":"INT64","timestamp":"1696666157","value":"0"},{"valueType":"INT64","timestamp":"1696666097","value":"0"},{"valueType":"INT64","timestamp":"1696666037","value":"0"},{"valueType":"INT64","timestamp":"1696665977","value":"0"},{"valueType":"INT64","timestamp":"1696665917","value":"0"},{"valueType":"INT64","timestamp":"1696665857","value":"0"},{"valueType":"INT64","timestamp":"1696665797","value":"0"},{"valueType":"INT64","timestamp":"1696665737","value":"0"},{"valueType":"INT64","timestamp":"1696665677","value":"0"},{"valueType":"INT64","timestamp":"1696665617","value":"0"},{"valueType":"INT64","timestamp":"1696665557","value":"0"},{"valueType":"INT64","timestamp":"1696665497","value":"0"},{"valueType":"INT64","timestamp":"1696665437","value":"0"},{"valueType":"INT64","timestamp":"1696665377","value":"0"},{"valueType":"INT64","timestamp":"1696665317","value":"0"},{"valueType":"INT64","timestamp":"1696665257","value":"0"},{"valueType":"INT64","timestamp":"1696665197","value":"0"},{"valueType":"INT64","timestamp":"1696665137","value":"0"},{"valueType":"INT64","timestamp":"1696665077","value":"0"},{"valueType":"INT64","timestamp":"1696665017","value":"0"},{"valueType":"INT64","timestamp":"1696664957","value":"0"},{"valueType":"INT64","timestamp":"1696664897","value":"0"},{"valueType":"INT64","timestamp":"1696664837","value":"0"},{"valueType":"INT64","timestamp":"1696664777","value":"0"},{"valueType":"INT64","timestamp":"1696664717","value":"0"},{"valueType":"INT64","timestamp":"1696664657","value":"0"},{"valueType":"INT64","timestamp":"1696664597","value":"0"},{"valueType":"INT64","timestamp":"1696664537","value":"0"},{"valueType":"INT64","timestamp":"1696664477","value":"0"},{"valueType":"INT64","timestamp":"1696664417","value":"0"},{"valueType":"INT64","timestamp":"1696664357","value":"0"},{"valueType":"INT64","timestamp":"1696664297","value":"0"},{"valueType":"INT64","timestamp":"1696664237","value":"0"},{"valueType":"INT64","timestamp":"1696664177","value":"0"},{"valueType":"INT64","timestamp":"1696664117","value":"0"},{"valueType":"INT64","timestamp":"1696664057","value":"0"},{"valueType":"INT64","timestamp":"1696663997","value":"0"},{"valueType":"INT64","timestamp":"1696663937","value":"0"},{"valueType":"INT64","timestamp":"1696663877","value":"0"},{"valueType":"INT64","timestamp":"1696663817","value":"0"},{"valueType":"INT64","timestamp":"1696663757","value":"0"},{"valueType":"INT64","timestamp":"1696663697","value":"0"},{"valueType":"INT64","timestamp":"1696663637","value":"0"},{"valueType":"INT64","timestamp":"1696663577","value":"0"},{"valueType":"INT64","timestamp":"1696663517","value":"0"},{"valueType":"INT64","timestamp":"1696663457","value":"0"},{"valueType":"INT64","timestamp":"1696663397","value":"0"},{"valueType":"INT64","timestamp":"1696663337","value":"0"},{"valueType":"INT64","timestamp":"1696663277","value":"0"},{"valueType":"INT64","timestamp":"1696663217","value":"0"},{"valueType":"INT64","timestamp":"1696663157","value":"0"},{"valueType":"INT64","timestamp":"1696663097","value":"0"},{"valueType":"INT64","timestamp":"1696663037","value":"0"},{"valueType":"INT64","timestamp":"1696662977","value":"0"},{"valueType":"INT64","timestamp":"1696662917","value":"0"},{"valueType":"INT64","timestamp":"1696662857","value":"0"},{"valueType":"INT64","timestamp":"1696662797","value":"0"},{"valueType":"INT64","timestamp":"1696662737","value":"0"},{"valueType":"INT64","timestamp":"1696662677","value":"0"},{"valueType":"INT64","timestamp":"1696662617","value":"0"},{"valueType":"INT64","timestamp":"1696662557","value":"0"},{"valueType":"INT64","timestamp":"1696662497","value":"0"},{"valueType":"INT64","timestamp":"1696662437","value":"0"},{"valueType":"INT64","timestamp":"1696662377","value":"0"},{"valueType":"INT64","timestamp":"1696662317","value":"0"},{"valueType":"INT64","timestamp":"1696662257","value":"0"},{"valueType":"INT64","timestamp":"1696662197","value":"0"},{"valueType":"INT64","timestamp":"1696662137","value":"0"},{"valueType":"INT64","timestamp":"1696662077","value":"0"},{"valueType":"INT64","timestamp":"1696662017","value":"0"},{"valueType":"INT64","timestamp":"1696661957","value":"0"},{"valueType":"INT64","timestamp":"1696661897","value":"0"},{"valueType":"INT64","timestamp":"1696661837","value":"0"},{"valueType":"INT64","timestamp":"1696661777","value":"0"},{"valueType":"INT64","timestamp":"1696661717","value":"0"},{"valueType":"INT64","timestamp":"1696661657","value":"0"},{"valueType":"INT64","timestamp":"1696661597","value":"0"},{"valueType":"INT64","timestamp":"1696661537","value":"0"},{"valueType":"INT64","timestamp":"1696661477","value":"0"},{"valueType":"INT64","timestamp":"1696661417","value":"0"},{"valueType":"INT64","timestamp":"1696661357","value":"0"},{"valueType":"INT64","timestamp":"1696661297","value":"0"},{"valueType":"INT64","timestamp":"1696661237","value":"0"},{"valueType":"INT64","timestamp":"1696661177","value":"0"},{"valueType":"INT64","timestamp":"1696661117","value":"0"},{"valueType":"INT64","timestamp":"1696661057","value":"0"},{"valueType":"INT64","timestamp":"1696660997","value":"0"},{"valueType":"INT64","timestamp":"1696660937","value":"0"},{"valueType":"INT64","timestamp":"1696660877","value":"0"},{"valueType":"INT64","timestamp":"1696660817","value":"0"},{"valueType":"INT64","timestamp":"1696660757","value":"0"},{"valueType":"INT64","timestamp":"1696660697","value":"0"},{"valueType":"INT64","timestamp":"1696660637","value":"0"},{"valueType":"INT64","timestamp":"1696660577","value":"0"},{"valueType":"INT64","timestamp":"1696660517","value":"0"},{"valueType":"INT64","timestamp":"1696660457","value":"0"},{"valueType":"INT64","timestamp":"1696660397","value":"0"},{"valueType":"INT64","timestamp":"1696660337","value":"0"},{"valueType":"INT64","timestamp":"1696660277","value":"0"},{"valueType":"INT64","timestamp":"1696660217","value":"0"},{"valueType":"INT64","timestamp":"1696660157","value":"0"},{"valueType":"INT64","timestamp":"1696660097","value":"0"},{"valueType":"INT64","timestamp":"1696660037","value":"0"},{"valueType":"INT64","timestamp":"1696659977","value":"0"},{"valueType":"INT64","timestamp":"1696659917","value":"0"},{"valueType":"INT64","timestamp":"1696659857","value":"0"},{"valueType":"INT64","timestamp":"1696659797","value":"0"},{"valueType":"INT64","timestamp":"1696659737","value":"0"},{"valueType":"INT64","timestamp":"1696659677","value":"0"},{"valueType":"INT64","timestamp":"1696659617","value":"0"},{"valueType":"INT64","timestamp":"1696659557","value":"0"},{"valueType":"INT64","timestamp":"1696659497","value":"0"},{"valueType":"INT64","timestamp":"1696659437","value":"0"},{"valueType":"INT64","timestamp":"1696659377","value":"0"},{"valueType":"INT64","timestamp":"1696659317","value":"0"},{"valueType":"INT64","timestamp":"1696659257","value":"0"},{"valueType":"INT64","timestamp":"1696659197","value":"0"},{"valueType":"INT64","timestamp":"1696659137","value":"0"},{"valueType":"INT64","timestamp":"1696659077","value":"0"},{"valueType":"INT64","timestamp":"1696659017","value":"0"},{"valueType":"INT64","timestamp":"1696658957","value":"0"},{"valueType":"INT64","timestamp":"1696658897","value":"0"},{"valueType":"INT64","timestamp":"1696658837","value":"0"},{"valueType":"INT64","timestamp":"1696658777","value":"0"},{"valueType":"INT64","timestamp":"1696658717","value":"0"},{"valueType":"INT64","timestamp":"1696658657","value":"0"},{"valueType":"INT64","timestamp":"1696658597","value":"0"},{"valueType":"INT64","timestamp":"1696658537","value":"0"},{"valueType":"INT64","timestamp":"1696658477","value":"0"},{"valueType":"INT64","timestamp":"1696658417","value":"0"},{"valueType":"INT64","timestamp":"1696658357","value":"0"},{"valueType":"INT64","timestamp":"1696658297","value":"0"},{"valueType":"INT64","timestamp":"1696658237","value":"0"},{"valueType":"INT64","timestamp":"1696658177","value":"0"},{"valueType":"INT64","timestamp":"1696658117","value":"0"},{"valueType":"INT64","timestamp":"1696658057","value":"0"},{"valueType":"INT64","timestamp":"1696657997","value":"0"},{"valueType":"INT64","timestamp":"1696657937","value":"0"},{"valueType":"INT64","timestamp":"1696657877","value":"0"},{"valueType":"INT64","timestamp":"1696657817","value":"0"},{"valueType":"INT64","timestamp":"1696657757","value":"0"},{"valueType":"INT64","timestamp":"1696657697","value":"0"},{"valueType":"INT64","timestamp":"1696657637","value":"0"},{"valueType":"INT64","timestamp":"1696657577","value":"0"},{"valueType":"INT64","timestamp":"1696657517","value":"0"},{"valueType":"INT64","timestamp":"1696657457","value":"0"},{"valueType":"INT64","timestamp":"1696657397","value":"0"},{"valueType":"INT64","timestamp":"1696657337","value":"0"},{"valueType":"INT64","timestamp":"1696657277","value":"0"},{"valueType":"INT64","timestamp":"1696657217","value":"0"},{"valueType":"INT64","timestamp":"1696657157","value":"0"},{"valueType":"INT64","timestamp":"1696657097","value":"0"},{"valueType":"INT64","timestamp":"1696657037","value":"0"},{"valueType":"INT64","timestamp":"1696656977","value":"0"},{"valueType":"INT64","timestamp":"1696656917","value":"0"},{"valueType":"INT64","timestamp":"1696656857","value":"0"},{"valueType":"INT64","timestamp":"1696656797","value":"0"},{"valueType":"INT64","timestamp":"1696656737","value":"0"},{"valueType":"INT64","timestamp":"1696656677","value":"0"},{"valueType":"INT64","timestamp":"1696656617","value":"0"},{"valueType":"INT64","timestamp":"1696656557","value":"0"},{"valueType":"INT64","timestamp":"1696656497","value":"0"},{"valueType":"INT64","timestamp":"1696656437","value":"0"},{"valueType":"INT64","timestamp":"1696656377","value":"0"},{"valueType":"INT64","timestamp":"1696656317","value":"0"},{"valueType":"INT64","timestamp":"1696656257","value":"0"},{"valueType":"INT64","timestamp":"1696656197","value":"0"},{"valueType":"INT64","timestamp":"1696656137","value":"0"},{"valueType":"INT64","timestamp":"1696656077","value":"0"},{"valueType":"INT64","timestamp":"1696656017","value":"0"},{"valueType":"INT64","timestamp":"1696655957","value":"0"},{"valueType":"INT64","timestamp":"1696655897","value":"0"},{"valueType":"INT64","timestamp":"1696655837","value":"0"},{"valueType":"INT64","timestamp":"1696655777","value":"0"},{"valueType":"INT64","timestamp":"1696655717","value":"0"},{"valueType":"INT64","timestamp":"1696655657","value":"0"},{"valueType":"INT64","timestamp":"1696655597","value":"0"},{"valueType":"INT64","timestamp":"1696655537","value":"0"},{"valueType":"INT64","timestamp":"1696655477","value":"0"},{"valueType":"INT64","timestamp":"1696655417","value":"0"},{"valueType":"INT64","timestamp":"1696655357","value":"0"},{"valueType":"INT64","timestamp":"1696655297","value":"0"},{"valueType":"INT64","timestamp":"1696655237","value":"0"},{"valueType":"INT64","timestamp":"1696655177","value":"0"},{"valueType":"INT64","timestamp":"1696655117","value":"0"},{"valueType":"INT64","timestamp":"1696655057","value":"0"},{"valueType":"INT64","timestamp":"1696654997","value":"0"},{"valueType":"INT64","timestamp":"1696654937","value":"0"},{"valueType":"INT64","timestamp":"1696654877","value":"0"},{"valueType":"INT64","timestamp":"1696654817","value":"0"},{"valueType":"INT64","timestamp":"1696654757","value":"0"},{"valueType":"INT64","timestamp":"1696654697","value":"0"},{"valueType":"INT64","timestamp":"1696654637","value":"0"},{"valueType":"INT64","timestamp":"1696654577","value":"0"},{"valueType":"INT64","timestamp":"1696654517","value":"0"},{"valueType":"INT64","timestamp":"1696654457","value":"0"},{"valueType":"INT64","timestamp":"1696654397","value":"0"},{"valueType":"INT64","timestamp":"1696654337","value":"0"},{"valueType":"INT64","timestamp":"1696654277","value":"0"},{"valueType":"INT64","timestamp":"1696654217","value":"0"},{"valueType":"INT64","timestamp":"1696654157","value":"0"},{"valueType":"INT64","timestamp":"1696654097","value":"0"},{"valueType":"INT64","timestamp":"1696654037","value":"0"},{"valueType":"INT64","timestamp":"1696653977","value":"0"},{"valueType":"INT64","timestamp":"1696653917","value":"0"},{"valueType":"INT64","timestamp":"1696653857","value":"0"},{"valueType":"INT64","timestamp":"1696653797","value":"0"},{"valueType":"INT64","timestamp":"1696653737","value":"0"},{"valueType":"INT64","timestamp":"1696653677","value":"0"},{"valueType":"INT64","timestamp":"1696653617","value":"0"},{"valueType":"INT64","timestamp":"1696653557","value":"0"},{"valueType":"INT64","timestamp":"1696653497","value":"0"},{"valueType":"INT64","timestamp":"1696653437","value":"0"},{"valueType":"INT64","timestamp":"1696653377","value":"0"},{"valueType":"INT64","timestamp":"1696653317","value":"0"},{"valueType":"INT64","timestamp":"1696653257","value":"0"},{"valueType":"INT64","timestamp":"1696653197","value":"0"},{"valueType":"INT64","timestamp":"1696653137","value":"0"},{"valueType":"INT64","timestamp":"1696653077","value":"0"},{"valueType":"INT64","timestamp":"1696653017","value":"0"},{"valueType":"INT64","timestamp":"1696652957","value":"0"},{"valueType":"INT64","timestamp":"1696652897","value":"0"},{"valueType":"INT64","timestamp":"1696652837","value":"0"},{"valueType":"INT64","timestamp":"1696652777","value":"0"},{"valueType":"INT64","timestamp":"1696652717","value":"0"},{"valueType":"INT64","timestamp":"1696652657","value":"0"},{"valueType":"INT64","timestamp":"1696652597","value":"0"},{"valueType":"INT64","timestamp":"1696652537","value":"0"},{"valueType":"INT64","timestamp":"1696652477","value":"0"},{"valueType":"INT64","timestamp":"1696652417","value":"0"},{"valueType":"INT64","timestamp":"1696652357","value":"0"},{"valueType":"INT64","timestamp":"1696652297","value":"0"},{"valueType":"INT64","timestamp":"1696652237","value":"0"},{"valueType":"INT64","timestamp":"1696652177","value":"0"},{"valueType":"INT64","timestamp":"1696652117","value":"0"},{"valueType":"INT64","timestamp":"1696652057","value":"0"},{"valueType":"INT64","timestamp":"1696651997","value":"0"},{"valueType":"INT64","timestamp":"1696651937","value":"0"},{"valueType":"INT64","timestamp":"1696651877","value":"0"},{"valueType":"INT64","timestamp":"1696651817","value":"0"},{"valueType":"INT64","timestamp":"1696651757","value":"0"},{"valueType":"INT64","timestamp":"1696651697","value":"0"},{"valueType":"INT64","timestamp":"1696651637","value":"0"},{"valueType":"INT64","timestamp":"1696651577","value":"0"},{"valueType":"INT64","timestamp":"1696651517","value":"0"},{"valueType":"INT64","timestamp":"1696651457","value":"0"},{"valueType":"INT64","timestamp":"1696651397","value":"0"},{"valueType":"INT64","timestamp":"1696651337","value":"0"},{"valueType":"INT64","timestamp":"1696651277","value":"0"},{"valueType":"INT64","timestamp":"1696651217","value":"0"},{"valueType":"INT64","timestamp":"1696651157","value":"0"},{"valueType":"INT64","timestamp":"1696651097","value":"0"},{"valueType":"INT64","timestamp":"1696651037","value":"0"},{"valueType":"INT64","timestamp":"1696650977","value":"0"},{"valueType":"INT64","timestamp":"1696650917","value":"0"},{"valueType":"INT64","timestamp":"1696650857","value":"0"},{"valueType":"INT64","timestamp":"1696650797","value":"0"},{"valueType":"INT64","timestamp":"1696650737","value":"0"},{"valueType":"INT64","timestamp":"1696650677","value":"0"},{"valueType":"INT64","timestamp":"1696650617","value":"0"},{"valueType":"INT64","timestamp":"1696650557","value":"0"},{"valueType":"INT64","timestamp":"1696650497","value":"0"},{"valueType":"INT64","timestamp":"1696650437","value":"0"},{"valueType":"INT64","timestamp":"1696650377","value":"0"},{"valueType":"INT64","timestamp":"1696650317","value":"0"},{"valueType":"INT64","timestamp":"1696650257","value":"0"},{"valueType":"INT64","timestamp":"1696650197","value":"0"},{"valueType":"INT64","timestamp":"1696650137","value":"0"},{"valueType":"INT64","timestamp":"1696650077","value":"0"},{"valueType":"INT64","timestamp":"1696650017","value":"0"},{"valueType":"INT64","timestamp":"1696649957","value":"0"},{"valueType":"INT64","timestamp":"1696649897","value":"0"},{"valueType":"INT64","timestamp":"1696649837","value":"0"},{"valueType":"INT64","timestamp":"1696649777","value":"0"},{"valueType":"INT64","timestamp":"1696649717","value":"0"},{"valueType":"INT64","timestamp":"1696649657","value":"0"},{"valueType":"INT64","timestamp":"1696649597","value":"0"},{"valueType":"INT64","timestamp":"1696649537","value":"0"},{"valueType":"INT64","timestamp":"1696649477","value":"0"},{"valueType":"INT64","timestamp":"1696649417","value":"0"},{"valueType":"INT64","timestamp":"1696649357","value":"0"},{"valueType":"INT64","timestamp":"1696649297","value":"0"},{"valueType":"INT64","timestamp":"1696649237","value":"0"},{"valueType":"INT64","timestamp":"1696649177","value":"0"},{"valueType":"INT64","timestamp":"1696649117","value":"0"},{"valueType":"INT64","timestamp":"1696649057","value":"0"},{"valueType":"INT64","timestamp":"1696648997","value":"0"},{"valueType":"INT64","timestamp":"1696648937","value":"0"},{"valueType":"INT64","timestamp":"1696648877","value":"0"},{"valueType":"INT64","timestamp":"1696648817","value":"0"},{"valueType":"INT64","timestamp":"1696648757","value":"0"},{"valueType":"INT64","timestamp":"1696648697","value":"0"},{"valueType":"INT64","timestamp":"1696648637","value":"0"},{"valueType":"INT64","timestamp":"1696648577","value":"0"},{"valueType":"INT64","timestamp":"1696648517","value":"0"},{"valueType":"INT64","timestamp":"1696648457","value":"0"},{"valueType":"INT64","timestamp":"1696648397","value":"0"},{"valueType":"INT64","timestamp":"1696648337","value":"0"},{"valueType":"INT64","timestamp":"1696648277","value":"0"},{"valueType":"INT64","timestamp":"1696648217","value":"0"},{"valueType":"INT64","timestamp":"1696648157","value":"0"},{"valueType":"INT64","timestamp":"1696648097","value":"0"},{"valueType":"INT64","timestamp":"1696648037","value":"0"},{"valueType":"INT64","timestamp":"1696647977","value":"0"},{"valueType":"INT64","timestamp":"1696647917","value":"0"},{"valueType":"INT64","timestamp":"1696647857","value":"0"},{"valueType":"INT64","timestamp":"1696647797","value":"0"},{"valueType":"INT64","timestamp":"1696647737","value":"0"},{"valueType":"INT64","timestamp":"1696647677","value":"0"},{"valueType":"INT64","timestamp":"1696647617","value":"0"},{"valueType":"INT64","timestamp":"1696647557","value":"0"},{"valueType":"INT64","timestamp":"1696647497","value":"0"},{"valueType":"INT64","timestamp":"1696647437","value":"0"},{"valueType":"INT64","timestamp":"1696647377","value":"0"},{"valueType":"INT64","timestamp":"1696647317","value":"0"},{"valueType":"INT64","timestamp":"1696647257","value":"0"},{"valueType":"INT64","timestamp":"1696647197","value":"0"},{"valueType":"INT64","timestamp":"1696647137","value":"0"},{"valueType":"INT64","timestamp":"1696647077","value":"0"},{"valueType":"INT64","timestamp":"1696647017","value":"0"},{"valueType":"INT64","timestamp":"1696646957","value":"0"},{"valueType":"INT64","timestamp":"1696646897","value":"0"},{"valueType":"INT64","timestamp":"1696646837","value":"0"},{"valueType":"INT64","timestamp":"1696646777","value":"0"},{"valueType":"INT64","timestamp":"1696646717","value":"0"},{"valueType":"INT64","timestamp":"1696646657","value":"0"},{"valueType":"INT64","timestamp":"1696646597","value":"0"},{"valueType":"INT64","timestamp":"1696646537","value":"0"},{"valueType":"INT64","timestamp":"1696646477","value":"0"},{"valueType":"INT64","timestamp":"1696646417","value":"0"},{"valueType":"INT64","timestamp":"1696646357","value":"0"},{"valueType":"INT64","timestamp":"1696646297","value":"0"},{"valueType":"INT64","timestamp":"1696646237","value":"0"},{"valueType":"INT64","timestamp":"1696646177","value":"0"},{"valueType":"INT64","timestamp":"1696646117","value":"0"},{"valueType":"INT64","timestamp":"1696646057","value":"0"},{"valueType":"INT64","timestamp":"1696645997","value":"0"},{"valueType":"INT64","timestamp":"1696645937","value":"0"},{"valueType":"INT64","timestamp":"1696645877","value":"0"},{"valueType":"INT64","timestamp":"1696645817","value":"0"},{"valueType":"INT64","timestamp":"1696645757","value":"0"},{"valueType":"INT64","timestamp":"1696645697","value":"0"},{"valueType":"INT64","timestamp":"1696645637","value":"0"},{"valueType":"INT64","timestamp":"1696645577","value":"0"},{"valueType":"INT64","timestamp":"1696645517","value":"0"},{"valueType":"INT64","timestamp":"1696645457","value":"0"},{"valueType":"INT64","timestamp":"1696645397","value":"0"},{"valueType":"INT64","timestamp":"1696645337","value":"0"},{"valueType":"INT64","timestamp":"1696645277","value":"0"},{"valueType":"INT64","timestamp":"1696645217","value":"0"},{"valueType":"INT64","timestamp":"1696645157","value":"0"},{"valueType":"INT64","timestamp":"1696645097","value":"0"},{"valueType":"INT64","timestamp":"1696645037","value":"0"},{"valueType":"INT64","timestamp":"1696644977","value":"0"},{"valueType":"INT64","timestamp":"1696644917","value":"0"},{"valueType":"INT64","timestamp":"1696644857","value":"0"},{"valueType":"INT64","timestamp":"1696644797","value":"0"},{"valueType":"INT64","timestamp":"1696644737","value":"0"},{"valueType":"INT64","timestamp":"1696644677","value":"0"},{"valueType":"INT64","timestamp":"1696644617","value":"0"},{"valueType":"INT64","timestamp":"1696644557","value":"0"},{"valueType":"INT64","timestamp":"1696644497","value":"0"},{"valueType":"INT64","timestamp":"1696644437","value":"0"},{"valueType":"INT64","timestamp":"1696644377","value":"0"},{"valueType":"INT64","timestamp":"1696644317","value":"0"},{"valueType":"INT64","timestamp":"1696644257","value":"0"},{"valueType":"INT64","timestamp":"1696644197","value":"0"},{"valueType":"INT64","timestamp":"1696644137","value":"0"},{"valueType":"INT64","timestamp":"1696644077","value":"0"},{"valueType":"INT64","timestamp":"1696644017","value":"0"},{"valueType":"INT64","timestamp":"1696643957","value":"0"},{"valueType":"INT64","timestamp":"1696643897","value":"0"},{"valueType":"INT64","timestamp":"1696643837","value":"0"},{"valueType":"INT64","timestamp":"1696643777","value":"0"},{"valueType":"INT64","timestamp":"1696643717","value":"0"},{"valueType":"INT64","timestamp":"1696643657","value":"0"},{"valueType":"INT64","timestamp":"1696643597","value":"0"},{"valueType":"INT64","timestamp":"1696643537","value":"0"},{"valueType":"INT64","timestamp":"1696643477","value":"0"},{"valueType":"INT64","timestamp":"1696643417","value":"0"},{"valueType":"INT64","timestamp":"1696643357","value":"0"},{"valueType":"INT64","timestamp":"1696643297","value":"0"},{"valueType":"INT64","timestamp":"1696643237","value":"0"},{"valueType":"INT64","timestamp":"1696643177","value":"0"},{"valueType":"INT64","timestamp":"1696643117","value":"0"},{"valueType":"INT64","timestamp":"1696643057","value":"0"},{"valueType":"INT64","timestamp":"1696642997","value":"0"},{"valueType":"INT64","timestamp":"1696642937","value":"0"},{"valueType":"INT64","timestamp":"1696642877","value":"0"},{"valueType":"INT64","timestamp":"1696642817","value":"0"},{"valueType":"INT64","timestamp":"1696642757","value":"0"},{"valueType":"INT64","timestamp":"1696642697","value":"0"},{"valueType":"INT64","timestamp":"1696642637","value":"0"},{"valueType":"INT64","timestamp":"1696642577","value":"0"},{"valueType":"INT64","timestamp":"1696642517","value":"0"},{"valueType":"INT64","timestamp":"1696642457","value":"0"},{"valueType":"INT64","timestamp":"1696642397","value":"0"},{"valueType":"INT64","timestamp":"1696642337","value":"0"},{"valueType":"INT64","timestamp":"1696642277","value":"0"},{"valueType":"INT64","timestamp":"1696642217","value":"0"},{"valueType":"INT64","timestamp":"1696642157","value":"0"},{"valueType":"INT64","timestamp":"1696642097","value":"0"},{"valueType":"INT64","timestamp":"1696642037","value":"0"},{"valueType":"INT64","timestamp":"1696641977","value":"0"},{"valueType":"INT64","timestamp":"1696641917","value":"0"},{"valueType":"INT64","timestamp":"1696641857","value":"0"},{"valueType":"INT64","timestamp":"1696641797","value":"0"},{"valueType":"INT64","timestamp":"1696641737","value":"0"},{"valueType":"INT64","timestamp":"1696641677","value":"0"},{"valueType":"INT64","timestamp":"1696641617","value":"0"},{"valueType":"INT64","timestamp":"1696641557","value":"0"},{"valueType":"INT64","timestamp":"1696641497","value":"0"},{"valueType":"INT64","timestamp":"1696641437","value":"0"},{"valueType":"INT64","timestamp":"1696641377","value":"0"},{"valueType":"INT64","timestamp":"1696641317","value":"0"},{"valueType":"INT64","timestamp":"1696641257","value":"0"},{"valueType":"INT64","timestamp":"1696641197","value":"0"},{"valueType":"INT64","timestamp":"1696641137","value":"0"},{"valueType":"INT64","timestamp":"1696641077","value":"0"},{"valueType":"INT64","timestamp":"1696641017","value":"0"},{"valueType":"INT64","timestamp":"1696640957","value":"0"},{"valueType":"INT64","timestamp":"1696640897","value":"0"},{"valueType":"INT64","timestamp":"1696640837","value":"0"},{"valueType":"INT64","timestamp":"1696640777","value":"0"},{"valueType":"INT64","timestamp":"1696640717","value":"0"},{"valueType":"INT64","timestamp":"1696640657","value":"0"},{"valueType":"INT64","timestamp":"1696640597","value":"0"},{"valueType":"INT64","timestamp":"1696640537","value":"0"},{"valueType":"INT64","timestamp":"1696640477","value":"0"},{"valueType":"INT64","timestamp":"1696640417","value":"0"},{"valueType":"INT64","timestamp":"1696640357","value":"0"},{"valueType":"INT64","timestamp":"1696640297","value":"0"},{"valueType":"INT64","timestamp":"1696640237","value":"0"},{"valueType":"INT64","timestamp":"1696640177","value":"0"},{"valueType":"INT64","timestamp":"1696640117","value":"0"},{"valueType":"INT64","timestamp":"1696640057","value":"0"},{"valueType":"INT64","timestamp":"1696639997","value":"0"},{"valueType":"INT64","timestamp":"1696639937","value":"0"},{"valueType":"INT64","timestamp":"1696639877","value":"0"},{"valueType":"INT64","timestamp":"1696639817","value":"0"},{"valueType":"INT64","timestamp":"1696639757","value":"0"},{"valueType":"INT64","timestamp":"1696639697","value":"0"},{"valueType":"INT64","timestamp":"1696639637","value":"0"},{"valueType":"INT64","timestamp":"1696639577","value":"0"},{"valueType":"INT64","timestamp":"1696639517","value":"0"},{"valueType":"INT64","timestamp":"1696639457","value":"0"},{"valueType":"INT64","timestamp":"1696639397","value":"0"},{"valueType":"INT64","timestamp":"1696639337","value":"0"},{"valueType":"INT64","timestamp":"1696639277","value":"0"},{"valueType":"INT64","timestamp":"1696639217","value":"0"},{"valueType":"INT64","timestamp":"1696639157","value":"0"},{"valueType":"INT64","timestamp":"1696639097","value":"0"},{"valueType":"INT64","timestamp":"1696639037","value":"0"},{"valueType":"INT64","timestamp":"1696638977","value":"0"},{"valueType":"INT64","timestamp":"1696638917","value":"0"},{"valueType":"INT64","timestamp":"1696638857","value":"0"},{"valueType":"INT64","timestamp":"1696638797","value":"0"},{"valueType":"INT64","timestamp":"1696638737","value":"0"},{"valueType":"INT64","timestamp":"1696638677","value":"0"},{"valueType":"INT64","timestamp":"1696638617","value":"0"},{"valueType":"INT64","timestamp":"1696638557","value":"0"},{"valueType":"INT64","timestamp":"1696638497","value":"0"},{"valueType":"INT64","timestamp":"1696638437","value":"0"},{"valueType":"INT64","timestamp":"1696638377","value":"0"},{"valueType":"INT64","timestamp":"1696638317","value":"0"},{"valueType":"INT64","timestamp":"1696638257","value":"0"},{"valueType":"INT64","timestamp":"1696638197","value":"0"},{"valueType":"INT64","timestamp":"1696638137","value":"0"},{"valueType":"INT64","timestamp":"1696638077","value":"0"},{"valueType":"INT64","timestamp":"1696638017","value":"0"},{"valueType":"INT64","timestamp":"1696637957","value":"0"},{"valueType":"INT64","timestamp":"1696637897","value":"0"},{"valueType":"INT64","timestamp":"1696637837","value":"0"},{"valueType":"INT64","timestamp":"1696637777","value":"0"},{"valueType":"INT64","timestamp":"1696637717","value":"0"},{"valueType":"INT64","timestamp":"1696637657","value":"0"},{"valueType":"INT64","timestamp":"1696637597","value":"0"},{"valueType":"INT64","timestamp":"1696637537","value":"0"},{"valueType":"INT64","timestamp":"1696637477","value":"0"},{"valueType":"INT64","timestamp":"1696637417","value":"0"},{"valueType":"INT64","timestamp":"1696637357","value":"0"},{"valueType":"INT64","timestamp":"1696637297","value":"0"},{"valueType":"INT64","timestamp":"1696637237","value":"0"},{"valueType":"INT64","timestamp":"1696637177","value":"0"},{"valueType":"INT64","timestamp":"1696637117","value":"0"},{"valueType":"INT64","timestamp":"1696637057","value":"0"},{"valueType":"INT64","timestamp":"1696636997","value":"0"},{"valueType":"INT64","timestamp":"1696636937","value":"0"},{"valueType":"INT64","timestamp":"1696636877","value":"0"},{"valueType":"INT64","timestamp":"1696636817","value":"0"},{"valueType":"INT64","timestamp":"1696636757","value":"0"},{"valueType":"INT64","timestamp":"1696636697","value":"0"},{"valueType":"INT64","timestamp":"1696636637","value":"0"},{"valueType":"INT64","timestamp":"1696636577","value":"0"},{"valueType":"INT64","timestamp":"1696636517","value":"0"},{"valueType":"INT64","timestamp":"1696636457","value":"0"},{"valueType":"INT64","timestamp":"1696636397","value":"0"},{"valueType":"INT64","timestamp":"1696636337","value":"0"},{"valueType":"INT64","timestamp":"1696636277","value":"0"},{"valueType":"INT64","timestamp":"1696636217","value":"0"},{"valueType":"INT64","timestamp":"1696636157","value":"0"},{"valueType":"INT64","timestamp":"1696636097","value":"0"},{"valueType":"INT64","timestamp":"1696636037","value":"0"},{"valueType":"INT64","timestamp":"1696635977","value":"0"},{"valueType":"INT64","timestamp":"1696635917","value":"0"},{"valueType":"INT64","timestamp":"1696635857","value":"0"},{"valueType":"INT64","timestamp":"1696635797","value":"0"},{"valueType":"INT64","timestamp":"1696635737","value":"0"},{"valueType":"INT64","timestamp":"1696635677","value":"0"},{"valueType":"INT64","timestamp":"1696635617","value":"0"},{"valueType":"INT64","timestamp":"1696635557","value":"0"},{"valueType":"INT64","timestamp":"1696635497","value":"0"},{"valueType":"INT64","timestamp":"1696635437","value":"0"},{"valueType":"INT64","timestamp":"1696635377","value":"0"},{"valueType":"INT64","timestamp":"1696635317","value":"0"},{"valueType":"INT64","timestamp":"1696635257","value":"0"},{"valueType":"INT64","timestamp":"1696635197","value":"0"},{"valueType":"INT64","timestamp":"1696635137","value":"0"},{"valueType":"INT64","timestamp":"1696635077","value":"0"},{"valueType":"INT64","timestamp":"1696635017","value":"0"},{"valueType":"INT64","timestamp":"1696634957","value":"0"},{"valueType":"INT64","timestamp":"1696634897","value":"0"},{"valueType":"INT64","timestamp":"1696634837","value":"0"},{"valueType":"INT64","timestamp":"1696634777","value":"0"},{"valueType":"INT64","timestamp":"1696634717","value":"0"},{"valueType":"INT64","timestamp":"1696634657","value":"0"},{"valueType":"INT64","timestamp":"1696634597","value":"0"},{"valueType":"INT64","timestamp":"1696634537","value":"0"},{"valueType":"INT64","timestamp":"1696634477","value":"0"},{"valueType":"INT64","timestamp":"1696634417","value":"0"},{"valueType":"INT64","timestamp":"1696634357","value":"0"},{"valueType":"INT64","timestamp":"1696634297","value":"0"},{"valueType":"INT64","timestamp":"1696634237","value":"0"},{"valueType":"INT64","timestamp":"1696634177","value":"0"},{"valueType":"INT64","timestamp":"1696634117","value":"0"},{"valueType":"INT64","timestamp":"1696634057","value":"0"},{"valueType":"INT64","timestamp":"1696633997","value":"0"},{"valueType":"INT64","timestamp":"1696633937","value":"0"},{"valueType":"INT64","timestamp":"1696633877","value":"0"},{"valueType":"INT64","timestamp":"1696633817","value":"0"},{"valueType":"INT64","timestamp":"1696633757","value":"0"},{"valueType":"INT64","timestamp":"1696633697","value":"0"},{"valueType":"INT64","timestamp":"1696633637","value":"0"},{"valueType":"INT64","timestamp":"1696633577","value":"0"},{"valueType":"INT64","timestamp":"1696633517","value":"0"},{"valueType":"INT64","timestamp":"1696633457","value":"0"},{"valueType":"INT64","timestamp":"1696633397","value":"0"},{"valueType":"INT64","timestamp":"1696633337","value":"0"},{"valueType":"INT64","timestamp":"1696633277","value":"0"},{"valueType":"INT64","timestamp":"1696633217","value":"0"},{"valueType":"INT64","timestamp":"1696633157","value":"0"},{"valueType":"INT64","timestamp":"1696633097","value":"0"},{"valueType":"INT64","timestamp":"1696633037","value":"0"},{"valueType":"INT64","timestamp":"1696632977","value":"0"},{"valueType":"INT64","timestamp":"1696632917","value":"0"},{"valueType":"INT64","timestamp":"1696632857","value":"0"},{"valueType":"INT64","timestamp":"1696632797","value":"0"},{"valueType":"INT64","timestamp":"1696632737","value":"0"},{"valueType":"INT64","timestamp":"1696632677","value":"0"},{"valueType":"INT64","timestamp":"1696632617","value":"0"},{"valueType":"INT64","timestamp":"1696632557","value":"0"},{"valueType":"INT64","timestamp":"1696632497","value":"0"},{"valueType":"INT64","timestamp":"1696632437","value":"0"},{"valueType":"INT64","timestamp":"1696632377","value":"0"},{"valueType":"INT64","timestamp":"1696632317","value":"0"},{"valueType":"INT64","timestamp":"1696632257","value":"0"},{"valueType":"INT64","timestamp":"1696632197","value":"0"},{"valueType":"INT64","timestamp":"1696632137","value":"0"},{"valueType":"INT64","timestamp":"1696632077","value":"0"},{"valueType":"INT64","timestamp":"1696632017","value":"0"},{"valueType":"INT64","timestamp":"1696631957","value":"0"},{"valueType":"INT64","timestamp":"1696631897","value":"0"},{"valueType":"INT64","timestamp":"1696631837","value":"0"},{"valueType":"INT64","timestamp":"1696631777","value":"0"},{"valueType":"INT64","timestamp":"1696631717","value":"0"},{"valueType":"INT64","timestamp":"1696631657","value":"0"},{"valueType":"INT64","timestamp":"1696631597","value":"0"},{"valueType":"INT64","timestamp":"1696631537","value":"0"},{"valueType":"INT64","timestamp":"1696631477","value":"0"},{"valueType":"INT64","timestamp":"1696631417","value":"0"},{"valueType":"INT64","timestamp":"1696631357","value":"0"},{"valueType":"INT64","timestamp":"1696631297","value":"0"},{"valueType":"INT64","timestamp":"1696631237","value":"0"},{"valueType":"INT64","timestamp":"1696631177","value":"0"},{"valueType":"INT64","timestamp":"1696631117","value":"0"},{"valueType":"INT64","timestamp":"1696631057","value":"0"},{"valueType":"INT64","timestamp":"1696630997","value":"0"},{"valueType":"INT64","timestamp":"1696630937","value":"0"},{"valueType":"INT64","timestamp":"1696630877","value":"0"},{"valueType":"INT64","timestamp":"1696630817","value":"0"},{"valueType":"INT64","timestamp":"1696630757","value":"0"},{"valueType":"INT64","timestamp":"1696630697","value":"0"},{"valueType":"INT64","timestamp":"1696630637","value":"0"},{"valueType":"INT64","timestamp":"1696630577","value":"0"},{"valueType":"INT64","timestamp":"1696630517","value":"0"},{"valueType":"INT64","timestamp":"1696630457","value":"0"},{"valueType":"INT64","timestamp":"1696630397","value":"0"},{"valueType":"INT64","timestamp":"1696630337","value":"0"},{"valueType":"INT64","timestamp":"1696630277","value":"0"},{"valueType":"INT64","timestamp":"1696630217","value":"0"},{"valueType":"INT64","timestamp":"1696630157","value":"0"},{"valueType":"INT64","timestamp":"1696630097","value":"0"},{"valueType":"INT64","timestamp":"1696630037","value":"0"},{"valueType":"INT64","timestamp":"1696629977","value":"0"},{"valueType":"INT64","timestamp":"1696629917","value":"0"},{"valueType":"INT64","timestamp":"1696629857","value":"0"},{"valueType":"INT64","timestamp":"1696629797","value":"0"},{"valueType":"INT64","timestamp":"1696629737","value":"0"},{"valueType":"INT64","timestamp":"1696629677","value":"0"},{"valueType":"INT64","timestamp":"1696629617","value":"0"},{"valueType":"INT64","timestamp":"1696629557","value":"0"},{"valueType":"INT64","timestamp":"1696629497","value":"0"},{"valueType":"INT64","timestamp":"1696629437","value":"0"},{"valueType":"INT64","timestamp":"1696629377","value":"0"},{"valueType":"INT64","timestamp":"1696629317","value":"0"},{"valueType":"INT64","timestamp":"1696629257","value":"0"},{"valueType":"INT64","timestamp":"1696629197","value":"0"},{"valueType":"INT64","timestamp":"1696629137","value":"0"},{"valueType":"INT64","timestamp":"1696629077","value":"0"},{"valueType":"INT64","timestamp":"1696629017","value":"0"},{"valueType":"INT64","timestamp":"1696628957","value":"0"},{"valueType":"INT64","timestamp":"1696628897","value":"0"},{"valueType":"INT64","timestamp":"1696628837","value":"0"},{"valueType":"INT64","timestamp":"1696628777","value":"0"},{"valueType":"INT64","timestamp":"1696628717","value":"0"},{"valueType":"INT64","timestamp":"1696628657","value":"0"},{"valueType":"INT64","timestamp":"1696628597","value":"0"},{"valueType":"INT64","timestamp":"1696628537","value":"0"},{"valueType":"INT64","timestamp":"1696628477","value":"0"},{"valueType":"INT64","timestamp":"1696628417","value":"0"},{"valueType":"INT64","timestamp":"1696628357","value":"0"},{"valueType":"INT64","timestamp":"1696628297","value":"0"},{"valueType":"INT64","timestamp":"1696628237","value":"0"},{"valueType":"INT64","timestamp":"1696628177","value":"0"},{"valueType":"INT64","timestamp":"1696628117","value":"0"},{"valueType":"INT64","timestamp":"1696628057","value":"0"},{"valueType":"INT64","timestamp":"1696627997","value":"0"},{"valueType":"INT64","timestamp":"1696627937","value":"0"},{"valueType":"INT64","timestamp":"1696627877","value":"0"},{"valueType":"INT64","timestamp":"1696627817","value":"0"},{"valueType":"INT64","timestamp":"1696627757","value":"0"},{"valueType":"INT64","timestamp":"1696627697","value":"0"},{"valueType":"INT64","timestamp":"1696627637","value":"0"},{"valueType":"INT64","timestamp":"1696627577","value":"0"},{"valueType":"INT64","timestamp":"1696627517","value":"0"},{"valueType":"INT64","timestamp":"1696627457","value":"0"},{"valueType":"INT64","timestamp":"1696627397","value":"0"},{"valueType":"INT64","timestamp":"1696627337","value":"0"},{"valueType":"INT64","timestamp":"1696627277","value":"0"},{"valueType":"INT64","timestamp":"1696627217","value":"0"},{"valueType":"INT64","timestamp":"1696627157","value":"0"},{"valueType":"INT64","timestamp":"1696627097","value":"0"},{"valueType":"INT64","timestamp":"1696627037","value":"0"},{"valueType":"INT64","timestamp":"1696626977","value":"0"},{"valueType":"INT64","timestamp":"1696626917","value":"0"},{"valueType":"INT64","timestamp":"1696626857","value":"0"},{"valueType":"INT64","timestamp":"1696626797","value":"0"},{"valueType":"INT64","timestamp":"1696626737","value":"0"},{"valueType":"INT64","timestamp":"1696626677","value":"0"},{"valueType":"INT64","timestamp":"1696626617","value":"0"},{"valueType":"INT64","timestamp":"1696626557","value":"0"},{"valueType":"INT64","timestamp":"1696626497","value":"0"},{"valueType":"INT64","timestamp":"1696626437","value":"0"},{"valueType":"INT64","timestamp":"1696626377","value":"0"},{"valueType":"INT64","timestamp":"1696626317","value":"0"},{"valueType":"INT64","timestamp":"1696626257","value":"0"},{"valueType":"INT64","timestamp":"1696626197","value":"0"},{"valueType":"INT64","timestamp":"1696626137","value":"0"},{"valueType":"INT64","timestamp":"1696626077","value":"0"},{"valueType":"INT64","timestamp":"1696626017","value":"0"},{"valueType":"INT64","timestamp":"1696625957","value":"0"},{"valueType":"INT64","timestamp":"1696625897","value":"0"},{"valueType":"INT64","timestamp":"1696625837","value":"0"},{"valueType":"INT64","timestamp":"1696625777","value":"0"},{"valueType":"INT64","timestamp":"1696625717","value":"0"},{"valueType":"INT64","timestamp":"1696625657","value":"0"},{"valueType":"INT64","timestamp":"1696625597","value":"0"},{"valueType":"INT64","timestamp":"1696625537","value":"0"},{"valueType":"INT64","timestamp":"1696625477","value":"0"},{"valueType":"INT64","timestamp":"1696625417","value":"0"},{"valueType":"INT64","timestamp":"1696625357","value":"0"},{"valueType":"INT64","timestamp":"1696625297","value":"0"},{"valueType":"INT64","timestamp":"1696625237","value":"0"},{"valueType":"INT64","timestamp":"1696625177","value":"0"},{"valueType":"INT64","timestamp":"1696625117","value":"0"},{"valueType":"INT64","timestamp":"1696625057","value":"0"},{"valueType":"INT64","timestamp":"1696624997","value":"0"},{"valueType":"INT64","timestamp":"1696624937","value":"0"},{"valueType":"INT64","timestamp":"1696624877","value":"0"},{"valueType":"INT64","timestamp":"1696624817","value":"0"},{"valueType":"INT64","timestamp":"1696624757","value":"0"},{"valueType":"INT64","timestamp":"1696624697","value":"0"},{"valueType":"INT64","timestamp":"1696624637","value":"0"},{"valueType":"INT64","timestamp":"1696624577","value":"0"},{"valueType":"INT64","timestamp":"1696624517","value":"0"},{"valueType":"INT64","timestamp":"1696624457","value":"0"},{"valueType":"INT64","timestamp":"1696624397","value":"0"},{"valueType":"INT64","timestamp":"1696624337","value":"0"},{"valueType":"INT64","timestamp":"1696624277","value":"0"},{"valueType":"INT64","timestamp":"1696624217","value":"0"},{"valueType":"INT64","timestamp":"1696624157","value":"0"},{"valueType":"INT64","timestamp":"1696624097","value":"0"},{"valueType":"INT64","timestamp":"1696624037","value":"0"},{"valueType":"INT64","timestamp":"1696623977","value":"0"},{"valueType":"INT64","timestamp":"1696623917","value":"0"},{"valueType":"INT64","timestamp":"1696623857","value":"0"},{"valueType":"INT64","timestamp":"1696623797","value":"0"},{"valueType":"INT64","timestamp":"1696623737","value":"0"},{"valueType":"INT64","timestamp":"1696623677","value":"0"},{"valueType":"INT64","timestamp":"1696623617","value":"0"},{"valueType":"INT64","timestamp":"1696623557","value":"0"},{"valueType":"INT64","timestamp":"1696623497","value":"0"},{"valueType":"INT64","timestamp":"1696623437","value":"0"},{"valueType":"INT64","timestamp":"1696623377","value":"0"},{"valueType":"INT64","timestamp":"1696623317","value":"0"},{"valueType":"INT64","timestamp":"1696623257","value":"0"},{"valueType":"INT64","timestamp":"1696623197","value":"0"},{"valueType":"INT64","timestamp":"1696623137","value":"0"},{"valueType":"INT64","timestamp":"1696623077","value":"0"},{"valueType":"INT64","timestamp":"1696623017","value":"0"},{"valueType":"INT64","timestamp":"1696622957","value":"0"},{"valueType":"INT64","timestamp":"1696622897","value":"0"},{"valueType":"INT64","timestamp":"1696622837","value":"0"},{"valueType":"INT64","timestamp":"1696622777","value":"0"},{"valueType":"INT64","timestamp":"1696622717","value":"0"},{"valueType":"INT64","timestamp":"1696622657","value":"0"},{"valueType":"INT64","timestamp":"1696622597","value":"0"},{"valueType":"INT64","timestamp":"1696622537","value":"0"},{"valueType":"INT64","timestamp":"1696622477","value":"0"},{"valueType":"INT64","timestamp":"1696622417","value":"0"},{"valueType":"INT64","timestamp":"1696622357","value":"0"},{"valueType":"INT64","timestamp":"1696622297","value":"0"},{"valueType":"INT64","timestamp":"1696622237","value":"0"},{"valueType":"INT64","timestamp":"1696622177","value":"0"},{"valueType":"INT64","timestamp":"1696622117","value":"0"},{"valueType":"INT64","timestamp":"1696622057","value":"0"},{"valueType":"INT64","timestamp":"1696621997","value":"0"},{"valueType":"INT64","timestamp":"1696621937","value":"0"},{"valueType":"INT64","timestamp":"1696621877","value":"0"},{"valueType":"INT64","timestamp":"1696621817","value":"0"},{"valueType":"INT64","timestamp":"1696621757","value":"0"},{"valueType":"INT64","timestamp":"1696621697","value":"0"},{"valueType":"INT64","timestamp":"1696621637","value":"0"},{"valueType":"INT64","timestamp":"1696621577","value":"0"},{"valueType":"INT64","timestamp":"1696621517","value":"0"},{"valueType":"INT64","timestamp":"1696621457","value":"0"},{"valueType":"INT64","timestamp":"1696621397","value":"0"},{"valueType":"INT64","timestamp":"1696621337","value":"0"},{"valueType":"INT64","timestamp":"1696621277","value":"0"},{"valueType":"INT64","timestamp":"1696621217","value":"0"},{"valueType":"INT64","timestamp":"1696621157","value":"0"},{"valueType":"INT64","timestamp":"1696621097","value":"0"},{"valueType":"INT64","timestamp":"1696621037","value":"0"},{"valueType":"INT64","timestamp":"1696620977","value":"0"},{"valueType":"INT64","timestamp":"1696620917","value":"0"},{"valueType":"INT64","timestamp":"1696620857","value":"0"},{"valueType":"INT64","timestamp":"1696620797","value":"0"},{"valueType":"INT64","timestamp":"1696620737","value":"0"},{"valueType":"INT64","timestamp":"1696620677","value":"0"},{"valueType":"INT64","timestamp":"1696620617","value":"0"},{"valueType":"INT64","timestamp":"1696620557","value":"0"},{"valueType":"INT64","timestamp":"1696620497","value":"0"},{"valueType":"INT64","timestamp":"1696620437","value":"0"},{"valueType":"INT64","timestamp":"1696620377","value":"0"},{"valueType":"INT64","timestamp":"1696620317","value":"0"},{"valueType":"INT64","timestamp":"1696620257","value":"0"},{"valueType":"INT64","timestamp":"1696620197","value":"0"},{"valueType":"INT64","timestamp":"1696620137","value":"0"},{"valueType":"INT64","timestamp":"1696620077","value":"0"},{"valueType":"INT64","timestamp":"1696620017","value":"0"},{"valueType":"INT64","timestamp":"1696619957","value":"0"},{"valueType":"INT64","timestamp":"1696619897","value":"0"},{"valueType":"INT64","timestamp":"1696619837","value":"0"},{"valueType":"INT64","timestamp":"1696619777","value":"0"},{"valueType":"INT64","timestamp":"1696619717","value":"0"},{"valueType":"INT64","timestamp":"1696619657","value":"0"},{"valueType":"INT64","timestamp":"1696619597","value":"0"},{"valueType":"INT64","timestamp":"1696619537","value":"0"},{"valueType":"INT64","timestamp":"1696619477","value":"0"},{"valueType":"INT64","timestamp":"1696619417","value":"0"},{"valueType":"INT64","timestamp":"1696619357","value":"0"},{"valueType":"INT64","timestamp":"1696619297","value":"0"},{"valueType":"INT64","timestamp":"1696619237","value":"0"},{"valueType":"INT64","timestamp":"1696619177","value":"0"},{"valueType":"INT64","timestamp":"1696619117","value":"0"},{"valueType":"INT64","timestamp":"1696619057","value":"0"},{"valueType":"INT64","timestamp":"1696618997","value":"0"},{"valueType":"INT64","timestamp":"1696618937","value":"0"},{"valueType":"INT64","timestamp":"1696618877","value":"0"},{"valueType":"INT64","timestamp":"1696618817","value":"0"},{"valueType":"INT64","timestamp":"1696618757","value":"0"},{"valueType":"INT64","timestamp":"1696618697","value":"0"},{"valueType":"INT64","timestamp":"1696618637","value":"0"},{"valueType":"INT64","timestamp":"1696618577","value":"0"},{"valueType":"INT64","timestamp":"1696618517","value":"0"},{"valueType":"INT64","timestamp":"1696618457","value":"0"},{"valueType":"INT64","timestamp":"1696618397","value":"0"},{"valueType":"INT64","timestamp":"1696618337","value":"0"},{"valueType":"INT64","timestamp":"1696618277","value":"0"},{"valueType":"INT64","timestamp":"1696618217","value":"0"},{"valueType":"INT64","timestamp":"1696618157","value":"0"},{"valueType":"INT64","timestamp":"1696618097","value":"0"},{"valueType":"INT64","timestamp":"1696618037","value":"0"},{"valueType":"INT64","timestamp":"1696617977","value":"0"},{"valueType":"INT64","timestamp":"1696617917","value":"0"},{"valueType":"INT64","timestamp":"1696617857","value":"0"},{"valueType":"INT64","timestamp":"1696617797","value":"0"},{"valueType":"INT64","timestamp":"1696617737","value":"0"},{"valueType":"INT64","timestamp":"1696617677","value":"0"},{"valueType":"INT64","timestamp":"1696617617","value":"0"},{"valueType":"INT64","timestamp":"1696617557","value":"0"},{"valueType":"INT64","timestamp":"1696617497","value":"0"},{"valueType":"INT64","timestamp":"1696617437","value":"0"},{"valueType":"INT64","timestamp":"1696617377","value":"0"},{"valueType":"INT64","timestamp":"1696617317","value":"0"},{"valueType":"INT64","timestamp":"1696617257","value":"0"},{"valueType":"INT64","timestamp":"1696617197","value":"0"},{"valueType":"INT64","timestamp":"1696617137","value":"0"},{"valueType":"INT64","timestamp":"1696617077","value":"0"},{"valueType":"INT64","timestamp":"1696617017","value":"0"},{"valueType":"INT64","timestamp":"1696616957","value":"0"},{"valueType":"INT64","timestamp":"1696616897","value":"0"},{"valueType":"INT64","timestamp":"1696616837","value":"0"},{"valueType":"INT64","timestamp":"1696616777","value":"0"},{"valueType":"INT64","timestamp":"1696616717","value":"0"},{"valueType":"INT64","timestamp":"1696616657","value":"0"},{"valueType":"INT64","timestamp":"1696616597","value":"0"},{"valueType":"INT64","timestamp":"1696616537","value":"0"},{"valueType":"INT64","timestamp":"1696616477","value":"0"},{"valueType":"INT64","timestamp":"1696616417","value":"0"},{"valueType":"INT64","timestamp":"1696616357","value":"0"},{"valueType":"INT64","timestamp":"1696616297","value":"0"},{"valueType":"INT64","timestamp":"1696616237","value":"0"},{"valueType":"INT64","timestamp":"1696616177","value":"0"},{"valueType":"INT64","timestamp":"1696616117","value":"0"},{"valueType":"INT64","timestamp":"1696616057","value":"0"},{"valueType":"INT64","timestamp":"1696615997","value":"0"},{"valueType":"INT64","timestamp":"1696615937","value":"0"},{"valueType":"INT64","timestamp":"1696615877","value":"0"},{"valueType":"INT64","timestamp":"1696615817","value":"0"},{"valueType":"INT64","timestamp":"1696615757","value":"0"},{"valueType":"INT64","timestamp":"1696615697","value":"0"},{"valueType":"INT64","timestamp":"1696615637","value":"0"},{"valueType":"INT64","timestamp":"1696615577","value":"0"},{"valueType":"INT64","timestamp":"1696615517","value":"0"}]}