{"podName":"frontend-747b84bff4-zgslm","containerName":"front","nodeName":null,"metricType":"kubernetes.io/container/cpu/core_usage_time","metrics":[{"valueType":"DOUBLE","timestamp":"1696785202","value":6667.364397},{"valueType":"DOUBLE","timestamp":"1696785142","value":6667.224382},{"valueType":"DOUBLE","timestamp":"1696785082","value":6667.112042},{"valueType":"DOUBLE","timestamp":"1696785022","value":6666.981929},{"valueType":"DOUBLE","timestamp":"1696784962","value":6666.852758},{"valueType":"DOUBLE","timestamp":"1696784902","value":6666.756238},{"valueType":"DOUBLE","timestamp":"1696784842","value":6666.638418},{"valueType":"DOUBLE","timestamp":"1696784782","value":6666.498414},{"valueType":"DOUBLE","timestamp":"1696784722","value":6666.409074},{"valueType":"DOUBLE","timestamp":"1696784662","value":6666.285345},{"valueType":"DOUBLE","timestamp":"1696784602","value":6666.164671},{"valueType":"DOUBLE","timestamp":"1696784542","value":6666.056128},{"valueType":"DOUBLE","timestamp":"1696784482","value":6665.939191},{"valueType":"DOUBLE","timestamp":"1696784422","value":6665.820642},{"valueType":"DOUBLE","timestamp":"1696784362","value":6665.679777},{"valueType":"DOUBLE","timestamp":"1696784302","value":6665.54835},{"valueType":"DOUBLE","timestamp":"1696784242","value":6665.447336},{"valueType":"DOUBLE","timestamp":"1696784182","value":6665.325468},{"valueType":"DOUBLE","timestamp":"1696784122","value":6665.201041},{"valueType":"DOUBLE","timestamp":"1696784062","value":6665.089112},{"valueType":"DOUBLE","timestamp":"1696784002","value":6664.9503},{"valueType":"DOUBLE","timestamp":"1696783942","value":6664.83548},{"valueType":"DOUBLE","timestamp":"1696783882","value":6664.732841},{"valueType":"DOUBLE","timestamp":"1696783822","value":6664.615898},{"valueType":"DOUBLE","timestamp":"1696783762","value":6664.493739},{"valueType":"DOUBLE","timestamp":"1696783702","value":6664.397109},{"valueType":"DOUBLE","timestamp":"1696783642","value":6664.26178},{"valueType":"DOUBLE","timestamp":"1696783582","value":6664.148307},{"valueType":"DOUBLE","timestamp":"1696783522","value":6664.028489},{"valueType":"DOUBLE","timestamp":"1696783462","value":6663.937438},{"valueType":"DOUBLE","timestamp":"1696783402","value":6663.820836},{"valueType":"DOUBLE","timestamp":"1696783342","value":6663.697732},{"valueType":"DOUBLE","timestamp":"1696783282","value":6663.563174},{"valueType":"DOUBLE","timestamp":"1696783222","value":6663.437268},{"valueType":"DOUBLE","timestamp":"1696783162","value":6663.353134},{"valueType":"DOUBLE","timestamp":"1696783102","value":6663.215946},{"valueType":"DOUBLE","timestamp":"1696783042","value":6663.09207},{"valueType":"DOUBLE","timestamp":"1696782982","value":6663.000104},{"valueType":"DOUBLE","timestamp":"1696782922","value":6662.878008},{"valueType":"DOUBLE","timestamp":"1696782862","value":6662.760271},{"valueType":"DOUBLE","timestamp":"1696782802","value":6662.652759},{"valueType":"DOUBLE","timestamp":"1696782742","value":6662.535987},{"valueType":"DOUBLE","timestamp":"1696782682","value":6662.412476},{"valueType":"DOUBLE","timestamp":"1696782622","value":6662.297758},{"valueType":"DOUBLE","timestamp":"1696782562","value":6662.182297},{"valueType":"DOUBLE","timestamp":"1696782502","value":6662.06773},{"valueType":"DOUBLE","timestamp":"1696782442","value":6661.961419},{"valueType":"DOUBLE","timestamp":"1696782382","value":6661.836161},{"valueType":"DOUBLE","timestamp":"1696782322","value":6661.728721},{"valueType":"DOUBLE","timestamp":"1696782262","value":6661.618991},{"valueType":"DOUBLE","timestamp":"1696782202","value":6661.503482},{"valueType":"DOUBLE","timestamp":"1696782142","value":6661.374773},{"valueType":"DOUBLE","timestamp":"1696782082","value":6661.270343},{"valueType":"DOUBLE","timestamp":"1696782022","value":6661.14109},{"valueType":"DOUBLE","timestamp":"1696781962","value":6661.037617},{"valueType":"DOUBLE","timestamp":"1696781902","value":6660.92253},{"valueType":"DOUBLE","timestamp":"1696781842","value":6660.787989},{"valueType":"DOUBLE","timestamp":"1696781782","value":6660.692098},{"valueType":"DOUBLE","timestamp":"1696781722","value":6660.572836},{"valueType":"DOUBLE","timestamp":"1696781662","value":6660.451702},{"valueType":"DOUBLE","timestamp":"1696781602","value":6660.332926},{"valueType":"DOUBLE","timestamp":"1696781542","value":6660.213416},{"valueType":"DOUBLE","timestamp":"1696781482","value":6660.119504},{"valueType":"DOUBLE","timestamp":"1696781422","value":6659.987974},{"valueType":"DOUBLE","timestamp":"1696781362","value":6659.889763},{"valueType":"DOUBLE","timestamp":"1696781302","value":6659.775737},{"valueType":"DOUBLE","timestamp":"1696781242","value":6659.661699},{"valueType":"DOUBLE","timestamp":"1696781182","value":6659.5284},{"valueType":"DOUBLE","timestamp":"1696781122","value":6659.425634},{"valueType":"DOUBLE","timestamp":"1696781062","value":6659.299749},{"valueType":"DOUBLE","timestamp":"1696781002","value":6659.183642},{"valueType":"DOUBLE","timestamp":"1696780942","value":6659.064648},{"valueType":"DOUBLE","timestamp":"1696780882","value":6658.970244},{"valueType":"DOUBLE","timestamp":"1696780822","value":6658.848772},{"valueType":"DOUBLE","timestamp":"1696780762","value":6658.720798},{"valueType":"DOUBLE","timestamp":"1696780702","value":6658.614592},{"valueType":"DOUBLE","timestamp":"1696780642","value":6658.488208},{"valueType":"DOUBLE","timestamp":"1696780582","value":6658.356091},{"valueType":"DOUBLE","timestamp":"1696780522","value":6658.233893},{"valueType":"DOUBLE","timestamp":"1696780462","value":6658.131838},{"valueType":"DOUBLE","timestamp":"1696780402","value":6658.012522},{"valueType":"DOUBLE","timestamp":"1696780342","value":6657.913958},{"valueType":"DOUBLE","timestamp":"1696780282","value":6657.790163},{"valueType":"DOUBLE","timestamp":"1696780222","value":6657.700265},{"valueType":"DOUBLE","timestamp":"1696780162","value":6657.572495},{"valueType":"DOUBLE","timestamp":"1696780102","value":6657.481921},{"valueType":"DOUBLE","timestamp":"1696780042","value":6657.357352},{"valueType":"DOUBLE","timestamp":"1696779982","value":6657.250556},{"valueType":"DOUBLE","timestamp":"1696779922","value":6657.127932},{"valueType":"DOUBLE","timestamp":"1696779862","value":6652.480981},{"valueType":"DOUBLE","timestamp":"1696779802","value":6649.251202},{"valueType":"DOUBLE","timestamp":"1696779742","value":6645.038231},{"valueType":"DOUBLE","timestamp":"1696779682","value":6640.903854},{"valueType":"DOUBLE","timestamp":"1696779622","value":6637.100798},{"valueType":"DOUBLE","timestamp":"1696779562","value":6631.870156},{"valueType":"DOUBLE","timestamp":"1696779502","value":6627.682735},{"valueType":"DOUBLE","timestamp":"1696779442","value":6624.952335},{"valueType":"DOUBLE","timestamp":"1696779382","value":6620.823366},{"valueType":"DOUBLE","timestamp":"1696779322","value":6616.77052},{"valueType":"DOUBLE","timestamp":"1696779262","value":6612.24335},{"valueType":"DOUBLE","timestamp":"1696779202","value":6608.201104},{"valueType":"DOUBLE","timestamp":"1696779142","value":6603.133605},{"valueType":"DOUBLE","timestamp":"1696779082","value":6599.281939},{"valueType":"DOUBLE","timestamp":"1696779022","value":6593.908831},{"valueType":"DOUBLE","timestamp":"1696778962","value":6590.441128},{"valueType":"DOUBLE","timestamp":"1696778902","value":6585.226941},{"valueType":"DOUBLE","timestamp":"1696778842","value":6581.476512},{"valueType":"DOUBLE","timestamp":"1696778782","value":6577.654076},{"valueType":"DOUBLE","timestamp":"1696778722","value":6573.521883},{"valueType":"DOUBLE","timestamp":"1696778662","value":6570.515769},{"valueType":"DOUBLE","timestamp":"1696778602","value":6566.880636},{"valueType":"DOUBLE","timestamp":"1696778542","value":6562.568985},{"valueType":"DOUBLE","timestamp":"1696778482","value":6558.780026},{"valueType":"DOUBLE","timestamp":"1696778422","value":6554.043923},{"valueType":"DOUBLE","timestamp":"1696778362","value":6550.3761},{"valueType":"DOUBLE","timestamp":"1696778302","value":6545.830622},{"valueType":"DOUBLE","timestamp":"1696778242","value":6540.762564},{"valueType":"DOUBLE","timestamp":"1696778182","value":6537.918513},{"valueType":"DOUBLE","timestamp":"1696778122","value":6533.843913},{"valueType":"DOUBLE","timestamp":"1696778062","value":6529.633167},{"valueType":"DOUBLE","timestamp":"1696778002","value":6525.571674},{"valueType":"DOUBLE","timestamp":"1696777942","value":6522.779057},{"valueType":"DOUBLE","timestamp":"1696777882","value":6518.5689},{"valueType":"DOUBLE","timestamp":"1696777822","value":6515.3742},{"valueType":"DOUBLE","timestamp":"1696777762","value":6511.418868},{"valueType":"DOUBLE","timestamp":"1696777702","value":6507.891411},{"valueType":"DOUBLE","timestamp":"1696777642","value":6503.805156},{"valueType":"DOUBLE","timestamp":"1696777582","value":6500.568681},{"valueType":"DOUBLE","timestamp":"1696777522","value":6496.789316},{"valueType":"DOUBLE","timestamp":"1696777462","value":6492.306903},{"valueType":"DOUBLE","timestamp":"1696777402","value":6489.048439},{"valueType":"DOUBLE","timestamp":"1696777342","value":6484.473843},{"valueType":"DOUBLE","timestamp":"1696777282","value":6480.717843},{"valueType":"DOUBLE","timestamp":"1696777222","value":6478.029081},{"valueType":"DOUBLE","timestamp":"1696777162","value":6472.810348},{"valueType":"DOUBLE","timestamp":"1696777102","value":6468.777732},{"valueType":"DOUBLE","timestamp":"1696777042","value":6464.715293},{"valueType":"DOUBLE","timestamp":"1696776982","value":6460.610969},{"valueType":"DOUBLE","timestamp":"1696776922","value":6457.775658},{"valueType":"DOUBLE","timestamp":"1696776862","value":6452.5914},{"valueType":"DOUBLE","timestamp":"1696776802","value":6449.411085},{"valueType":"DOUBLE","timestamp":"1696776742","value":6445.300475},{"valueType":"DOUBLE","timestamp":"1696776682","value":6441.002382},{"valueType":"DOUBLE","timestamp":"1696776622","value":6437.326876},{"valueType":"DOUBLE","timestamp":"1696776562","value":6433.376891},{"valueType":"DOUBLE","timestamp":"1696776502","value":6429.673644},{"valueType":"DOUBLE","timestamp":"1696776442","value":6425.20047},{"valueType":"DOUBLE","timestamp":"1696776382","value":6422.129328},{"valueType":"DOUBLE","timestamp":"1696776322","value":6418.259804},{"valueType":"DOUBLE","timestamp":"1696776262","value":6414.054105},{"valueType":"DOUBLE","timestamp":"1696776202","value":6410.421982},{"valueType":"DOUBLE","timestamp":"1696776142","value":6406.3789},{"valueType":"DOUBLE","timestamp":"1696776082","value":6401.372358},{"valueType":"DOUBLE","timestamp":"1696776022","value":6397.212492},{"valueType":"DOUBLE","timestamp":"1696775962","value":6393.034546},{"valueType":"DOUBLE","timestamp":"1696775902","value":6388.751328},{"valueType":"DOUBLE","timestamp":"1696775842","value":6384.290029},{"valueType":"DOUBLE","timestamp":"1696775782","value":6380.625547},{"valueType":"DOUBLE","timestamp":"1696775722","value":6376.320158},{"valueType":"DOUBLE","timestamp":"1696775662","value":6372.602025},{"valueType":"DOUBLE","timestamp":"1696775602","value":6367.99813},{"valueType":"DOUBLE","timestamp":"1696775542","value":6364.63775},{"valueType":"DOUBLE","timestamp":"1696775482","value":6360.323458},{"valueType":"DOUBLE","timestamp":"1696775422","value":6356.446865},{"valueType":"DOUBLE","timestamp":"1696775362","value":6352.455174},{"valueType":"DOUBLE","timestamp":"1696775302","value":6348.487186},{"valueType":"DOUBLE","timestamp":"1696775242","value":6344.278499},{"valueType":"DOUBLE","timestamp":"1696775182","value":6341.125612},{"valueType":"DOUBLE","timestamp":"1696775122","value":6335.387117},{"valueType":"DOUBLE","timestamp":"1696775062","value":6331.439908},{"valueType":"DOUBLE","timestamp":"1696775002","value":6328.165358},{"valueType":"DOUBLE","timestamp":"1696774942","value":6324.45874},{"valueType":"DOUBLE","timestamp":"1696774882","value":6319.728582},{"valueType":"DOUBLE","timestamp":"1696774822","value":6316.668098},{"valueType":"DOUBLE","timestamp":"1696774762","value":6313.059708},{"valueType":"DOUBLE","timestamp":"1696774702","value":6309.38305},{"valueType":"DOUBLE","timestamp":"1696774642","value":6305.256006},{"valueType":"DOUBLE","timestamp":"1696774582","value":6301.816462},{"valueType":"DOUBLE","timestamp":"1696774522","value":6296.972819},{"valueType":"DOUBLE","timestamp":"1696774462","value":6292.863545},{"valueType":"DOUBLE","timestamp":"1696774402","value":6289.186402},{"valueType":"DOUBLE","timestamp":"1696774342","value":6285.410272},{"valueType":"DOUBLE","timestamp":"1696774282","value":6280.874238},{"valueType":"DOUBLE","timestamp":"1696774222","value":6277.3949},{"valueType":"DOUBLE","timestamp":"1696774162","value":6273.635578},{"valueType":"DOUBLE","timestamp":"1696774102","value":6269.536218},{"valueType":"DOUBLE","timestamp":"1696774042","value":6265.241777},{"valueType":"DOUBLE","timestamp":"1696773982","value":6261.842105},{"valueType":"DOUBLE","timestamp":"1696773922","value":6257.782448},{"valueType":"DOUBLE","timestamp":"1696773862","value":6252.284764},{"valueType":"DOUBLE","timestamp":"1696773802","value":6248.552305},{"valueType":"DOUBLE","timestamp":"1696773742","value":6244.592136},{"valueType":"DOUBLE","timestamp":"1696773682","value":6240.876692},{"valueType":"DOUBLE","timestamp":"1696773622","value":6235.86004},{"valueType":"DOUBLE","timestamp":"1696773562","value":6232.491376},{"valueType":"DOUBLE","timestamp":"1696773502","value":6228.562397},{"valueType":"DOUBLE","timestamp":"1696773442","value":6225.317776},{"valueType":"DOUBLE","timestamp":"1696773382","value":6221.305282},{"valueType":"DOUBLE","timestamp":"1696773322","value":6216.474693},{"valueType":"DOUBLE","timestamp":"1696773262","value":6212.106584},{"valueType":"DOUBLE","timestamp":"1696773202","value":6208.684249},{"valueType":"DOUBLE","timestamp":"1696773142","value":6204.909259},{"valueType":"DOUBLE","timestamp":"1696773082","value":6199.985332},{"valueType":"DOUBLE","timestamp":"1696773022","value":6196.901187},{"valueType":"DOUBLE","timestamp":"1696772962","value":6193.630742},{"valueType":"DOUBLE","timestamp":"1696772902","value":6189.288171},{"valueType":"DOUBLE","timestamp":"1696772842","value":6185.568642},{"valueType":"DOUBLE","timestamp":"1696772782","value":6182.489681},{"valueType":"DOUBLE","timestamp":"1696772722","value":6177.868975},{"valueType":"DOUBLE","timestamp":"1696772662","value":6174.756141},{"valueType":"DOUBLE","timestamp":"1696772602","value":6170.905404},{"valueType":"DOUBLE","timestamp":"1696772542","value":6166.770252},{"valueType":"DOUBLE","timestamp":"1696772482","value":6162.423348},{"valueType":"DOUBLE","timestamp":"1696772422","value":6158.281052},{"valueType":"DOUBLE","timestamp":"1696772362","value":6154.956884},{"valueType":"DOUBLE","timestamp":"1696772302","value":6150.281471},{"valueType":"DOUBLE","timestamp":"1696772242","value":6146.261604},{"valueType":"DOUBLE","timestamp":"1696772182","value":6142.222094},{"valueType":"DOUBLE","timestamp":"1696772122","value":6138.747309},{"valueType":"DOUBLE","timestamp":"1696772062","value":6134.107711},{"valueType":"DOUBLE","timestamp":"1696772002","value":6130.436376},{"valueType":"DOUBLE","timestamp":"1696771942","value":6126.372424},{"valueType":"DOUBLE","timestamp":"1696771882","value":6122.244631},{"valueType":"DOUBLE","timestamp":"1696771822","value":6118.892383},{"valueType":"DOUBLE","timestamp":"1696771762","value":6114.396189},{"valueType":"DOUBLE","timestamp":"1696771702","value":6110.433079},{"valueType":"DOUBLE","timestamp":"1696771642","value":6106.343898},{"valueType":"DOUBLE","timestamp":"1696771582","value":6101.735518},{"valueType":"DOUBLE","timestamp":"1696771522","value":6099.050645},{"valueType":"DOUBLE","timestamp":"1696771462","value":6094.484303},{"valueType":"DOUBLE","timestamp":"1696771402","value":6089.669516},{"valueType":"DOUBLE","timestamp":"1696771342","value":6086.29623},{"valueType":"DOUBLE","timestamp":"1696771282","value":6081.352106},{"valueType":"DOUBLE","timestamp":"1696771222","value":6077.306367},{"valueType":"DOUBLE","timestamp":"1696771162","value":6073.230818},{"valueType":"DOUBLE","timestamp":"1696771102","value":6068.166565},{"valueType":"DOUBLE","timestamp":"1696771042","value":6064.299623},{"valueType":"DOUBLE","timestamp":"1696770982","value":6059.725344},{"valueType":"DOUBLE","timestamp":"1696770922","value":6056.521251},{"valueType":"DOUBLE","timestamp":"1696770862","value":6051.855174},{"valueType":"DOUBLE","timestamp":"1696770802","value":6046.793218},{"valueType":"DOUBLE","timestamp":"1696770742","value":6042.808959},{"valueType":"DOUBLE","timestamp":"1696770682","value":6038.659938},{"valueType":"DOUBLE","timestamp":"1696770622","value":6035.184395},{"valueType":"DOUBLE","timestamp":"1696770562","value":6029.764687},{"valueType":"DOUBLE","timestamp":"1696770502","value":6026.243397},{"valueType":"DOUBLE","timestamp":"1696770442","value":6021.89691},{"valueType":"DOUBLE","timestamp":"1696770382","value":6017.940042},{"valueType":"DOUBLE","timestamp":"1696770322","value":6014.350144},{"valueType":"DOUBLE","timestamp":"1696770262","value":6009.694544},{"valueType":"DOUBLE","timestamp":"1696770202","value":6005.35135},{"valueType":"DOUBLE","timestamp":"1696770142","value":6001.492804},{"valueType":"DOUBLE","timestamp":"1696770082","value":5997.404114},{"valueType":"DOUBLE","timestamp":"1696770022","value":5993.224874},{"valueType":"DOUBLE","timestamp":"1696769962","value":5988.992723},{"valueType":"DOUBLE","timestamp":"1696769902","value":5984.988407},{"valueType":"DOUBLE","timestamp":"1696769842","value":5980.636937},{"valueType":"DOUBLE","timestamp":"1696769782","value":5976.477357},{"valueType":"DOUBLE","timestamp":"1696769722","value":5971.70391},{"valueType":"DOUBLE","timestamp":"1696769662","value":5967.351015},{"valueType":"DOUBLE","timestamp":"1696769602","value":5962.812893},{"valueType":"DOUBLE","timestamp":"1696769542","value":5959.02385},{"valueType":"DOUBLE","timestamp":"1696769482","value":5954.592819},{"valueType":"DOUBLE","timestamp":"1696769422","value":5950.079476},{"valueType":"DOUBLE","timestamp":"1696769362","value":5946.017299},{"valueType":"DOUBLE","timestamp":"1696769302","value":5941.532713},{"valueType":"DOUBLE","timestamp":"1696769242","value":5936.860395},{"valueType":"DOUBLE","timestamp":"1696769182","value":5932.611643},{"valueType":"DOUBLE","timestamp":"1696769122","value":5929.051963},{"valueType":"DOUBLE","timestamp":"1696769062","value":5924.006564},{"valueType":"DOUBLE","timestamp":"1696769002","value":5919.550249},{"valueType":"DOUBLE","timestamp":"1696768942","value":5916.071885},{"valueType":"DOUBLE","timestamp":"1696768882","value":5911.850836},{"valueType":"DOUBLE","timestamp":"1696768822","value":5908.064065},{"valueType":"DOUBLE","timestamp":"1696768762","value":5902.955658},{"valueType":"DOUBLE","timestamp":"1696768702","value":5899.52089},{"valueType":"DOUBLE","timestamp":"1696768642","value":5895.740589},{"valueType":"DOUBLE","timestamp":"1696768582","value":5891.475122},{"valueType":"DOUBLE","timestamp":"1696768522","value":5887.179388}]}