{"podName":"frontend-747b84bff4-zgslm","containerName":"front","nodeName":null,"metricType":"kubernetes.io/container/memory/limit_utilization","metrics":[{"valueType":"DOUBLE","timestamp":"1696785180","value":0.08428955078125},{"valueType":"DOUBLE","timestamp":"1696785120","value":0.08428955078125},{"valueType":"DOUBLE","timestamp":"1696785060","value":0.08428955078125},{"valueType":"DOUBLE","timestamp":"1696785000","value":0.08428955078125},{"valueType":"DOUBLE","timestamp":"1696784940","value":0.08428955078125},{"valueType":"DOUBLE","timestamp":"1696784880","value":0.08428955078125},{"valueType":"DOUBLE","timestamp":"1696784820","value":0.08428955078125},{"valueType":"DOUBLE","timestamp":"1696784760","value":0.08428955078125},{"valueType":"DOUBLE","timestamp":"1696784700","value":0.08428955078125},{"valueType":"DOUBLE","timestamp":"1696784640","value":0.08428955078125},{"valueType":"DOUBLE","timestamp":"1696784580","value":0.08428955078125},{"valueType":"DOUBLE","timestamp":"1696784520","value":0.08428955078125},{"valueType":"DOUBLE","timestamp":"1696784460","value":0.08428955078125},{"valueType":"DOUBLE","timestamp":"1696784400","value":0.08428955078125},{"valueType":"DOUBLE","timestamp":"1696784340","value":0.08428955078125},{"valueType":"DOUBLE","timestamp":"1696784280","value":0.08428955078125},{"valueType":"DOUBLE","timestamp":"1696784220","value":0.08428955078125},{"valueType":"DOUBLE","timestamp":"1696784160","value":0.08428955078125},{"valueType":"DOUBLE","timestamp":"1696784100","value":0.08428955078125},{"valueType":"DOUBLE","timestamp":"1696784040","value":0.08428955078125},{"valueType":"DOUBLE","timestamp":"1696783980","value":0.08428955078125},{"valueType":"DOUBLE","timestamp":"1696783920","value":0.08428955078125},{"valueType":"DOUBLE","timestamp":"1696783860","value":0.08428955078125},{"valueType":"DOUBLE","timestamp":"1696783800","value":0.08428955078125},{"valueType":"DOUBLE","timestamp":"1696783740","value":0.08428955078125},{"valueType":"DOUBLE","timestamp":"1696783680","value":0.08428955078125},{"valueType":"DOUBLE","timestamp":"1696783620","value":0.08428955078125},{"valueType":"DOUBLE","timestamp":"1696783560","value":0.08428955078125},{"valueType":"DOUBLE","timestamp":"1696783500","value":0.08428955078125},{"valueType":"DOUBLE","timestamp":"1696783440","value":0.08428955078125},{"valueType":"DOUBLE","timestamp":"1696783380","value":0.08428955078125},{"valueType":"DOUBLE","timestamp":"1696783320","value":0.08428955078125},{"valueType":"DOUBLE","timestamp":"1696783260","value":0.08428955078125},{"valueType":"DOUBLE","timestamp":"1696783200","value":0.08428955078125},{"valueType":"DOUBLE","timestamp":"1696783140","value":0.08428955078125},{"valueType":"DOUBLE","timestamp":"1696783080","value":0.08428955078125},{"valueType":"DOUBLE","timestamp":"1696783020","value":0.08428955078125},{"valueType":"DOUBLE","timestamp":"1696782960","value":0.08428955078125},{"valueType":"DOUBLE","timestamp":"1696782900","value":0.08428955078125},{"valueType":"DOUBLE","timestamp":"1696782840","value":0.08428955078125},{"valueType":"DOUBLE","timestamp":"1696782780","value":0.08428955078125},{"valueType":"DOUBLE","timestamp":"1696782720","value":0.08428955078125},{"valueType":"DOUBLE","timestamp":"1696782660","value":0.08428955078125},{"valueType":"DOUBLE","timestamp":"1696782600","value":0.08428955078125},{"valueType":"DOUBLE","timestamp":"1696782540","value":0.08428955078125},{"valueType":"DOUBLE","timestamp":"1696782480","value":0.08428955078125},{"valueType":"DOUBLE","timestamp":"1696782420","value":0.08428955078125},{"valueType":"DOUBLE","timestamp":"1696782360","value":0.08428955078125},{"valueType":"DOUBLE","timestamp":"1696782300","value":0.08428955078125},{"valueType":"DOUBLE","timestamp":"1696782240","value":0.08428955078125},{"valueType":"DOUBLE","timestamp":"1696782180","value":0.08428955078125},{"valueType":"DOUBLE","timestamp":"1696782120","value":0.08428955078125},{"valueType":"DOUBLE","timestamp":"1696782060","value":0.08428955078125},{"valueType":"DOUBLE","timestamp":"1696782000","value":0.08428955078125},{"valueType":"DOUBLE","timestamp":"1696781940","value":0.08428955078125},{"valueType":"DOUBLE","timestamp":"1696781880","value":0.08428955078125},{"valueType":"DOUBLE","timestamp":"1696781820","value":0.08428955078125},{"valueType":"DOUBLE","timestamp":"1696781760","value":0.08428955078125},{"valueType":"DOUBLE","timestamp":"1696781700","value":0.08428955078125},{"valueType":"DOUBLE","timestamp":"1696781640","value":0.08428955078125},{"valueType":"DOUBLE","timestamp":"1696781580","value":0.08428955078125},{"valueType":"DOUBLE","timestamp":"1696781520","value":0.08428955078125},{"valueType":"DOUBLE","timestamp":"1696781460","value":0.08428955078125},{"valueType":"DOUBLE","timestamp":"1696781400","value":0.08428955078125},{"valueType":"DOUBLE","timestamp":"1696781340","value":0.08428955078125},{"valueType":"DOUBLE","timestamp":"1696781280","value":0.08428955078125},{"valueType":"DOUBLE","timestamp":"1696781220","value":0.08428955078125},{"valueType":"DOUBLE","timestamp":"1696781160","value":0.08428955078125},{"valueType":"DOUBLE","timestamp":"1696781100","value":0.08428955078125},{"valueType":"DOUBLE","timestamp":"1696781040","value":0.08428955078125},{"valueType":"DOUBLE","timestamp":"1696780980","value":0.08428955078125},{"valueType":"DOUBLE","timestamp":"1696780920","value":0.08428955078125},{"valueType":"DOUBLE","timestamp":"1696780860","value":0.08428955078125},{"valueType":"DOUBLE","timestamp":"1696780800","value":0.08428955078125},{"valueType":"DOUBLE","timestamp":"1696780740","value":0.08428955078125},{"valueType":"DOUBLE","timestamp":"1696780680","value":0.08428955078125},{"valueType":"DOUBLE","timestamp":"1696780620","value":0.08428955078125},{"valueType":"DOUBLE","timestamp":"1696780560","value":0.08428955078125},{"valueType":"DOUBLE","timestamp":"1696780500","value":0.08428955078125},{"valueType":"DOUBLE","timestamp":"1696780440","value":0.08428955078125},{"valueType":"DOUBLE","timestamp":"1696780380","value":0.08428955078125},{"valueType":"DOUBLE","timestamp":"1696780320","value":0.08428955078125},{"valueType":"DOUBLE","timestamp":"1696780260","value":0.08428955078125},{"valueType":"DOUBLE","timestamp":"1696780200","value":0.08428955078125},{"valueType":"DOUBLE","timestamp":"1696780140","value":0.08428955078125},{"valueType":"DOUBLE","timestamp":"1696780080","value":0.08428955078125},{"valueType":"DOUBLE","timestamp":"1696780020","value":0.08428955078125},{"valueType":"DOUBLE","timestamp":"1696779960","value":0.08428955078125},{"valueType":"DOUBLE","timestamp":"1696779900","value":0.08428955078125},{"valueType":"DOUBLE","timestamp":"1696779840","value":0.08428955078125},{"valueType":"DOUBLE","timestamp":"1696779780","value":0.08428955078125},{"valueType":"DOUBLE","timestamp":"1696779720","value":0.08428955078125},{"valueType":"DOUBLE","timestamp":"1696779660","value":0.08428955078125},{"valueType":"DOUBLE","timestamp":"1696779600","value":0.08428955078125},{"valueType":"DOUBLE","timestamp":"1696779540","value":0.08428955078125},{"valueType":"DOUBLE","timestamp":"1696779480","value":0.08428955078125},{"valueType":"DOUBLE","timestamp":"1696779420","value":0.08428955078125},{"valueType":"DOUBLE","timestamp":"1696779360","value":0.08428955078125},{"valueType":"DOUBLE","timestamp":"1696779300","value":0.08428955078125},{"valueType":"DOUBLE","timestamp":"1696779240","value":0.08428955078125},{"valueType":"DOUBLE","timestamp":"1696779180","value":0.08428955078125},{"valueType":"DOUBLE","timestamp":"1696779120","value":0.08428955078125},{"valueType":"DOUBLE","timestamp":"1696779060","value":0.08428955078125},{"valueType":"DOUBLE","timestamp":"1696779000","value":0.08428955078125},{"valueType":"DOUBLE","timestamp":"1696778940","value":0.08428955078125},{"valueType":"DOUBLE","timestamp":"1696778880","value":0.08428955078125},{"valueType":"DOUBLE","timestamp":"1696778820","value":0.08428955078125},{"valueType":"DOUBLE","timestamp":"1696778760","value":0.08428955078125},{"valueType":"DOUBLE","timestamp":"1696778700","value":0.08428955078125},{"valueType":"DOUBLE","timestamp":"1696778640","value":0.08428955078125},{"valueType":"DOUBLE","timestamp":"1696778580","value":0.08428955078125},{"valueType":"DOUBLE","timestamp":"1696778520","value":0.08428955078125},{"valueType":"DOUBLE","timestamp":"1696778460","value":0.08428955078125},{"valueType":"DOUBLE","timestamp":"1696778400","value":0.08428955078125},{"valueType":"DOUBLE","timestamp":"1696778340","value":0.08428955078125},{"valueType":"DOUBLE","timestamp":"1696778280","value":0.08428955078125},{"valueType":"DOUBLE","timestamp":"1696778220","value":0.08428955078125},{"valueType":"DOUBLE","timestamp":"1696778160","value":0.08428955078125},{"valueType":"DOUBLE","timestamp":"1696778100","value":0.08428955078125},{"valueType":"DOUBLE","timestamp":"1696778040","value":0.08428955078125},{"valueType":"DOUBLE","timestamp":"1696777980","value":0.08428955078125},{"valueType":"DOUBLE","timestamp":"1696777920","value":0.08428955078125},{"valueType":"DOUBLE","timestamp":"1696777860","value":0.08428955078125},{"valueType":"DOUBLE","timestamp":"1696777800","value":0.08428955078125},{"valueType":"DOUBLE","timestamp":"1696777740","value":0.08428955078125},{"valueType":"DOUBLE","timestamp":"1696777680","value":0.08428955078125},{"valueType":"DOUBLE","timestamp":"1696777620","value":0.08428955078125},{"valueType":"DOUBLE","timestamp":"1696777560","value":0.08428955078125},{"valueType":"DOUBLE","timestamp":"1696777500","value":0.08428955078125},{"valueType":"DOUBLE","timestamp":"1696777440","value":0.08428955078125},{"valueType":"DOUBLE","timestamp":"1696777380","value":0.08428955078125},{"valueType":"DOUBLE","timestamp":"1696777320","value":0.08428955078125},{"valueType":"DOUBLE","timestamp":"1696777260","value":0.08428955078125},{"valueType":"DOUBLE","timestamp":"1696777200","value":0.08428955078125},{"valueType":"DOUBLE","timestamp":"1696777140","value":0.08428955078125},{"valueType":"DOUBLE","timestamp":"1696777080","value":0.08428955078125},{"valueType":"DOUBLE","timestamp":"1696777020","value":0.08428955078125},{"valueType":"DOUBLE","timestamp":"1696776960","value":0.08428955078125},{"valueType":"DOUBLE","timestamp":"1696776900","value":0.08428955078125},{"valueType":"DOUBLE","timestamp":"1696776840","value":0.08428955078125},{"valueType":"DOUBLE","timestamp":"1696776780","value":0.08428955078125},{"valueType":"DOUBLE","timestamp":"1696776720","value":0.08428955078125},{"valueType":"DOUBLE","timestamp":"1696776660","value":0.08428955078125},{"valueType":"DOUBLE","timestamp":"1696776600","value":0.08428955078125},{"valueType":"DOUBLE","timestamp":"1696776540","value":0.08428955078125},{"valueType":"DOUBLE","timestamp":"1696776480","value":0.08428955078125},{"valueType":"DOUBLE","timestamp":"1696776420","value":0.08428955078125},{"valueType":"DOUBLE","timestamp":"1696776360","value":0.08428955078125},{"valueType":"DOUBLE","timestamp":"1696776300","value":0.08428955078125},{"valueType":"DOUBLE","timestamp":"1696776240","value":0.08428955078125},{"valueType":"DOUBLE","timestamp":"1696776180","value":0.08428955078125},{"valueType":"DOUBLE","timestamp":"1696776120","value":0.08428955078125},{"valueType":"DOUBLE","timestamp":"1696776060","value":0.08428955078125},{"valueType":"DOUBLE","timestamp":"1696776000","value":0.08428955078125},{"valueType":"DOUBLE","timestamp":"1696775940","value":0.08428955078125},{"valueType":"DOUBLE","timestamp":"1696775880","value":0.08428955078125},{"valueType":"DOUBLE","timestamp":"1696775820","value":0.08428955078125},{"valueType":"DOUBLE","timestamp":"1696775760","value":0.08428955078125},{"valueType":"DOUBLE","timestamp":"1696775700","value":0.08428955078125},{"valueType":"DOUBLE","timestamp":"1696775640","value":0.08428955078125},{"valueType":"DOUBLE","timestamp":"1696775580","value":0.08428955078125},{"valueType":"DOUBLE","timestamp":"1696775520","value":0.08428955078125},{"valueType":"DOUBLE","timestamp":"1696775460","value":0.08428955078125},{"valueType":"DOUBLE","timestamp":"1696775400","value":0.08428955078125},{"valueType":"DOUBLE","timestamp":"1696775340","value":0.08428955078125},{"valueType":"DOUBLE","timestamp":"1696775280","value":0.08428955078125},{"valueType":"DOUBLE","timestamp":"1696775220","value":0.08428955078125},{"valueType":"DOUBLE","timestamp":"1696775160","value":0.08428955078125},{"valueType":"DOUBLE","timestamp":"1696775100","value":0.08428955078125},{"valueType":"DOUBLE","timestamp":"1696775040","value":0.08428955078125},{"valueType":"DOUBLE","timestamp":"1696774980","value":0.08428955078125},{"valueType":"DOUBLE","timestamp":"1696774920","value":0.08428955078125},{"valueType":"DOUBLE","timestamp":"1696774860","value":0.08428955078125},{"valueType":"DOUBLE","timestamp":"1696774800","value":0.08428955078125},{"valueType":"DOUBLE","timestamp":"1696774740","value":0.08428955078125},{"valueType":"DOUBLE","timestamp":"1696774680","value":0.08428955078125},{"valueType":"DOUBLE","timestamp":"1696774620","value":0.08428955078125},{"valueType":"DOUBLE","timestamp":"1696774560","value":0.08428955078125},{"valueType":"DOUBLE","timestamp":"1696774500","value":0.08428955078125},{"valueType":"DOUBLE","timestamp":"1696774440","value":0.08428955078125},{"valueType":"DOUBLE","timestamp":"1696774380","value":0.08428955078125},{"valueType":"DOUBLE","timestamp":"1696774320","value":0.08428955078125},{"valueType":"DOUBLE","timestamp":"1696774260","value":0.08428955078125},{"valueType":"DOUBLE","timestamp":"1696774200","value":0.08428955078125},{"valueType":"DOUBLE","timestamp":"1696774140","value":0.08428955078125},{"valueType":"DOUBLE","timestamp":"1696774080","value":0.08428955078125},{"valueType":"DOUBLE","timestamp":"1696774020","value":0.08428955078125},{"valueType":"DOUBLE","timestamp":"1696773960","value":0.08428955078125},{"valueType":"DOUBLE","timestamp":"1696773900","value":0.08428955078125},{"valueType":"DOUBLE","timestamp":"1696773840","value":0.08428955078125},{"valueType":"DOUBLE","timestamp":"1696773780","value":0.08428955078125},{"valueType":"DOUBLE","timestamp":"1696773720","value":0.08428955078125},{"valueType":"DOUBLE","timestamp":"1696773660","value":0.08428955078125},{"valueType":"DOUBLE","timestamp":"1696773600","value":0.08428955078125},{"valueType":"DOUBLE","timestamp":"1696773540","value":0.08428955078125},{"valueType":"DOUBLE","timestamp":"1696773480","value":0.08428955078125},{"valueType":"DOUBLE","timestamp":"1696773420","value":0.08428955078125},{"valueType":"DOUBLE","timestamp":"1696773360","value":0.08428955078125},{"valueType":"DOUBLE","timestamp":"1696773300","value":0.08428955078125},{"valueType":"DOUBLE","timestamp":"1696773240","value":0.08428955078125},{"valueType":"DOUBLE","timestamp":"1696773180","value":0.08428955078125},{"valueType":"DOUBLE","timestamp":"1696773120","value":0.08428955078125},{"valueType":"DOUBLE","timestamp":"1696773060","value":0.08428955078125},{"valueType":"DOUBLE","timestamp":"1696773000","value":0.08428955078125},{"valueType":"DOUBLE","timestamp":"1696772940","value":0.08428955078125},{"valueType":"DOUBLE","timestamp":"1696772880","value":0.08428955078125},{"valueType":"DOUBLE","timestamp":"1696772820","value":0.08428955078125},{"valueType":"DOUBLE","timestamp":"1696772760","value":0.08428955078125},{"valueType":"DOUBLE","timestamp":"1696772700","value":0.08428955078125},{"valueType":"DOUBLE","timestamp":"1696772640","value":0.08428955078125},{"valueType":"DOUBLE","timestamp":"1696772580","value":0.08428955078125},{"valueType":"DOUBLE","timestamp":"1696772520","value":0.08428955078125},{"valueType":"DOUBLE","timestamp":"1696772460","value":0.08428955078125},{"valueType":"DOUBLE","timestamp":"1696772400","value":0.08428955078125},{"valueType":"DOUBLE","timestamp":"1696772340","value":0.08428955078125},{"valueType":"DOUBLE","timestamp":"1696772280","value":0.08428955078125},{"valueType":"DOUBLE","timestamp":"1696772220","value":0.08428955078125},{"valueType":"DOUBLE","timestamp":"1696772160","value":0.08428955078125},{"valueType":"DOUBLE","timestamp":"1696772100","value":0.08428955078125},{"valueType":"DOUBLE","timestamp":"1696772040","value":0.08428955078125},{"valueType":"DOUBLE","timestamp":"1696771980","value":0.08428955078125},{"valueType":"DOUBLE","timestamp":"1696771920","value":0.08428955078125},{"valueType":"DOUBLE","timestamp":"1696771860","value":0.08428955078125},{"valueType":"DOUBLE","timestamp":"1696771800","value":0.08428955078125},{"valueType":"DOUBLE","timestamp":"1696771740","value":0.08428955078125},{"valueType":"DOUBLE","timestamp":"1696771680","value":0.08428955078125},{"valueType":"DOUBLE","timestamp":"1696771620","value":0.08428955078125},{"valueType":"DOUBLE","timestamp":"1696771560","value":0.08428955078125},{"valueType":"DOUBLE","timestamp":"1696771500","value":0.08428955078125},{"valueType":"DOUBLE","timestamp":"1696771440","value":0.08428955078125},{"valueType":"DOUBLE","timestamp":"1696771380","value":0.08428955078125},{"valueType":"DOUBLE","timestamp":"1696771320","value":0.08428955078125},{"valueType":"DOUBLE","timestamp":"1696771260","value":0.08428955078125},{"valueType":"DOUBLE","timestamp":"1696771200","value":0.08428955078125},{"valueType":"DOUBLE","timestamp":"1696771140","value":0.08428955078125},{"valueType":"DOUBLE","timestamp":"1696771080","value":0.08428955078125},{"valueType":"DOUBLE","timestamp":"1696771020","value":0.08428955078125},{"valueType":"DOUBLE","timestamp":"1696770960","value":0.08428955078125},{"valueType":"DOUBLE","timestamp":"1696770900","value":0.08428955078125},{"valueType":"DOUBLE","timestamp":"1696770840","value":0.08428955078125},{"valueType":"DOUBLE","timestamp":"1696770780","value":0.08428955078125},{"valueType":"DOUBLE","timestamp":"1696770720","value":0.08428955078125},{"valueType":"DOUBLE","timestamp":"1696770660","value":0.08428955078125},{"valueType":"DOUBLE","timestamp":"1696770600","value":0.08428955078125},{"valueType":"DOUBLE","timestamp":"1696770540","value":0.08428955078125},{"valueType":"DOUBLE","timestamp":"1696770480","value":0.08428955078125},{"valueType":"DOUBLE","timestamp":"1696770420","value":0.08428955078125},{"valueType":"DOUBLE","timestamp":"1696770360","value":0.08428955078125},{"valueType":"DOUBLE","timestamp":"1696770300","value":0.08428955078125},{"valueType":"DOUBLE","timestamp":"1696770240","value":0.08428955078125},{"valueType":"DOUBLE","timestamp":"1696770180","value":0.08428955078125},{"valueType":"DOUBLE","timestamp":"1696770120","value":0.08428955078125},{"valueType":"DOUBLE","timestamp":"1696770060","value":0.08428955078125},{"valueType":"DOUBLE","timestamp":"1696770000","value":0.08428955078125},{"valueType":"DOUBLE","timestamp":"1696769940","value":0.08428955078125},{"valueType":"DOUBLE","timestamp":"1696769880","value":0.08428955078125},{"valueType":"DOUBLE","timestamp":"1696769820","value":0.08428955078125},{"valueType":"DOUBLE","timestamp":"1696769760","value":0.08428955078125},{"valueType":"DOUBLE","timestamp":"1696769700","value":0.08428955078125},{"valueType":"DOUBLE","timestamp":"1696769640","value":0.08428955078125},{"valueType":"DOUBLE","timestamp":"1696769580","value":0.08428955078125},{"valueType":"DOUBLE","timestamp":"1696769520","value":0.08428955078125},{"valueType":"DOUBLE","timestamp":"1696769460","value":0.08428955078125},{"valueType":"DOUBLE","timestamp":"1696769400","value":0.08428955078125},{"valueType":"DOUBLE","timestamp":"1696769340","value":0.08428955078125},{"valueType":"DOUBLE","timestamp":"1696769280","value":0.08428955078125},{"valueType":"DOUBLE","timestamp":"1696769220","value":0.08428955078125},{"valueType":"DOUBLE","timestamp":"1696769160","value":0.08428955078125},{"valueType":"DOUBLE","timestamp":"1696769100","value":0.08428955078125},{"valueType":"DOUBLE","timestamp":"1696769040","value":0.08428955078125},{"valueType":"DOUBLE","timestamp":"1696768980","value":0.08428955078125},{"valueType":"DOUBLE","timestamp":"1696768920","value":0.08428955078125},{"valueType":"DOUBLE","timestamp":"1696768860","value":0.08428955078125},{"valueType":"DOUBLE","timestamp":"1696768800","value":0.08428955078125},{"valueType":"DOUBLE","timestamp":"1696768740","value":0.08428955078125},{"valueType":"DOUBLE","timestamp":"1696768680","value":0.08428955078125},{"valueType":"DOUBLE","timestamp":"1696768620","value":0.08428955078125},{"valueType":"DOUBLE","timestamp":"1696768560","value":0.08428955078125},{"valueType":"DOUBLE","timestamp":"1696785180","value":0.67462158203125},{"valueType":"DOUBLE","timestamp":"1696785120","value":0.6746826171875},{"valueType":"DOUBLE","timestamp":"1696785060","value":0.67462158203125},{"valueType":"DOUBLE","timestamp":"1696785000","value":0.674652099609375},{"valueType":"DOUBLE","timestamp":"1696784940","value":0.674652099609375},{"valueType":"DOUBLE","timestamp":"1696784880","value":0.6746826171875},{"valueType":"DOUBLE","timestamp":"1696784820","value":0.674652099609375},{"valueType":"DOUBLE","timestamp":"1696784760","value":0.674652099609375},{"valueType":"DOUBLE","timestamp":"1696784700","value":0.6746826171875},{"valueType":"DOUBLE","timestamp":"1696784640","value":0.67462158203125},{"valueType":"DOUBLE","timestamp":"1696784580","value":0.674652099609375},{"valueType":"DOUBLE","timestamp":"1696784520","value":0.674652099609375},{"valueType":"DOUBLE","timestamp":"1696784460","value":0.674652099609375},{"valueType":"DOUBLE","timestamp":"1696784400","value":0.674652099609375},{"valueType":"DOUBLE","timestamp":"1696784340","value":0.6746826171875},{"valueType":"DOUBLE","timestamp":"1696784280","value":0.6746826171875},{"valueType":"DOUBLE","timestamp":"1696784220","value":0.674652099609375},{"valueType":"DOUBLE","timestamp":"1696784160","value":0.6746826171875},{"valueType":"DOUBLE","timestamp":"1696784100","value":0.6746826171875},{"valueType":"DOUBLE","timestamp":"1696784040","value":0.67462158203125},{"valueType":"DOUBLE","timestamp":"1696783980","value":0.67462158203125},{"valueType":"DOUBLE","timestamp":"1696783920","value":0.674652099609375},{"valueType":"DOUBLE","timestamp":"1696783860","value":0.67462158203125},{"valueType":"DOUBLE","timestamp":"1696783800","value":0.67462158203125},{"valueType":"DOUBLE","timestamp":"1696783740","value":0.674652099609375},{"valueType":"DOUBLE","timestamp":"1696783680","value":0.67462158203125},{"valueType":"DOUBLE","timestamp":"1696783620","value":0.67462158203125},{"valueType":"DOUBLE","timestamp":"1696783560","value":0.67462158203125},{"valueType":"DOUBLE","timestamp":"1696783500","value":0.67462158203125},{"valueType":"DOUBLE","timestamp":"1696783440","value":0.674652099609375},{"valueType":"DOUBLE","timestamp":"1696783380","value":0.674591064453125},{"valueType":"DOUBLE","timestamp":"1696783320","value":0.67462158203125},{"valueType":"DOUBLE","timestamp":"1696783260","value":0.674652099609375},{"valueType":"DOUBLE","timestamp":"1696783200","value":0.674652099609375},{"valueType":"DOUBLE","timestamp":"1696783140","value":0.6746826171875},{"valueType":"DOUBLE","timestamp":"1696783080","value":0.67462158203125},{"valueType":"DOUBLE","timestamp":"1696783020","value":0.674652099609375},{"valueType":"DOUBLE","timestamp":"1696782960","value":0.674652099609375},{"valueType":"DOUBLE","timestamp":"1696782900","value":0.67462158203125},{"valueType":"DOUBLE","timestamp":"1696782840","value":0.674652099609375},{"valueType":"DOUBLE","timestamp":"1696782780","value":0.67462158203125},{"valueType":"DOUBLE","timestamp":"1696782720","value":0.674652099609375},{"valueType":"DOUBLE","timestamp":"1696782660","value":0.6746826171875},{"valueType":"DOUBLE","timestamp":"1696782600","value":0.674652099609375},{"valueType":"DOUBLE","timestamp":"1696782540","value":0.674652099609375},{"valueType":"DOUBLE","timestamp":"1696782480","value":0.674652099609375},{"valueType":"DOUBLE","timestamp":"1696782420","value":0.674652099609375},{"valueType":"DOUBLE","timestamp":"1696782360","value":0.67462158203125},{"valueType":"DOUBLE","timestamp":"1696782300","value":0.67462158203125},{"valueType":"DOUBLE","timestamp":"1696782240","value":0.67462158203125},{"valueType":"DOUBLE","timestamp":"1696782180","value":0.674652099609375},{"valueType":"DOUBLE","timestamp":"1696782120","value":0.67462158203125},{"valueType":"DOUBLE","timestamp":"1696782060","value":0.67462158203125},{"valueType":"DOUBLE","timestamp":"1696782000","value":0.67462158203125},{"valueType":"DOUBLE","timestamp":"1696781940","value":0.67462158203125},{"valueType":"DOUBLE","timestamp":"1696781880","value":0.67462158203125},{"valueType":"DOUBLE","timestamp":"1696781820","value":0.67462158203125},{"valueType":"DOUBLE","timestamp":"1696781760","value":0.67462158203125},{"valueType":"DOUBLE","timestamp":"1696781700","value":0.674652099609375},{"valueType":"DOUBLE","timestamp":"1696781640","value":0.67462158203125},{"valueType":"DOUBLE","timestamp":"1696781580","value":0.67462158203125},{"valueType":"DOUBLE","timestamp":"1696781520","value":0.674652099609375},{"valueType":"DOUBLE","timestamp":"1696781460","value":0.67462158203125},{"valueType":"DOUBLE","timestamp":"1696781400","value":0.674652099609375},{"valueType":"DOUBLE","timestamp":"1696781340","value":0.674652099609375},{"valueType":"DOUBLE","timestamp":"1696781280","value":0.674652099609375},{"valueType":"DOUBLE","timestamp":"1696781220","value":0.674652099609375},{"valueType":"DOUBLE","timestamp":"1696781160","value":0.674652099609375},{"valueType":"DOUBLE","timestamp":"1696781100","value":0.674652099609375},{"valueType":"DOUBLE","timestamp":"1696781040","value":0.674652099609375},{"valueType":"DOUBLE","timestamp":"1696780980","value":0.674652099609375},{"valueType":"DOUBLE","timestamp":"1696780920","value":0.674652099609375},{"valueType":"DOUBLE","timestamp":"1696780860","value":0.67462158203125},{"valueType":"DOUBLE","timestamp":"1696780800","value":0.67462158203125},{"valueType":"DOUBLE","timestamp":"1696780740","value":0.67462158203125},{"valueType":"DOUBLE","timestamp":"1696780680","value":0.674652099609375},{"valueType":"DOUBLE","timestamp":"1696780620","value":0.674652099609375},{"valueType":"DOUBLE","timestamp":"1696780560","value":0.674652099609375},{"valueType":"DOUBLE","timestamp":"1696780500","value":0.6746826171875},{"valueType":"DOUBLE","timestamp":"1696780440","value":0.674652099609375},{"valueType":"DOUBLE","timestamp":"1696780380","value":0.67462158203125},{"valueType":"DOUBLE","timestamp":"1696780320","value":0.67462158203125},{"valueType":"DOUBLE","timestamp":"1696780260","value":0.67462158203125},{"valueType":"DOUBLE","timestamp":"1696780200","value":0.67462158203125},{"valueType":"DOUBLE","timestamp":"1696780140","value":0.674652099609375},{"valueType":"DOUBLE","timestamp":"1696780080","value":0.674652099609375},{"valueType":"DOUBLE","timestamp":"1696780020","value":0.6746826171875},{"valueType":"DOUBLE","timestamp":"1696779960","value":0.67510986328125},{"valueType":"DOUBLE","timestamp":"1696779900","value":0.67584228515625},{"valueType":"DOUBLE","timestamp":"1696779840","value":0.67596435546875},{"valueType":"DOUBLE","timestamp":"1696779780","value":0.675811767578125},{"valueType":"DOUBLE","timestamp":"1696779720","value":0.675811767578125},{"valueType":"DOUBLE","timestamp":"1696779660","value":0.675933837890625},{"valueType":"DOUBLE","timestamp":"1696779600","value":0.677734375},{"valueType":"DOUBLE","timestamp":"1696779540","value":0.67578125},{"valueType":"DOUBLE","timestamp":"1696779480","value":0.6759033203125},{"valueType":"DOUBLE","timestamp":"1696779420","value":0.67578125},{"valueType":"DOUBLE","timestamp":"1696779360","value":0.6761474609375},{"valueType":"DOUBLE","timestamp":"1696779300","value":0.675994873046875},{"valueType":"DOUBLE","timestamp":"1696779240","value":0.676025390625},{"valueType":"DOUBLE","timestamp":"1696779180","value":0.676116943359375},{"valueType":"DOUBLE","timestamp":"1696779120","value":0.67584228515625},{"valueType":"DOUBLE","timestamp":"1696779060","value":0.676788330078125},{"valueType":"DOUBLE","timestamp":"1696779000","value":0.6759033203125},{"valueType":"DOUBLE","timestamp":"1696778940","value":0.675994873046875},{"valueType":"DOUBLE","timestamp":"1696778880","value":0.6759033203125},{"valueType":"DOUBLE","timestamp":"1696778820","value":0.675933837890625},{"valueType":"DOUBLE","timestamp":"1696778760","value":0.67584228515625},{"valueType":"DOUBLE","timestamp":"1696778700","value":0.67578125},{"valueType":"DOUBLE","timestamp":"1696778640","value":0.675872802734375},{"valueType":"DOUBLE","timestamp":"1696778580","value":0.67584228515625},{"valueType":"DOUBLE","timestamp":"1696778520","value":0.675933837890625},{"valueType":"DOUBLE","timestamp":"1696778460","value":0.675750732421875},{"valueType":"DOUBLE","timestamp":"1696778400","value":0.675872802734375},{"valueType":"DOUBLE","timestamp":"1696778340","value":0.676025390625},{"valueType":"DOUBLE","timestamp":"1696778280","value":0.675872802734375},{"valueType":"DOUBLE","timestamp":"1696778220","value":0.675872802734375},{"valueType":"DOUBLE","timestamp":"1696778160","value":0.675872802734375},{"valueType":"DOUBLE","timestamp":"1696778100","value":0.67578125},{"valueType":"DOUBLE","timestamp":"1696778040","value":0.6759033203125},{"valueType":"DOUBLE","timestamp":"1696777980","value":0.675811767578125},{"valueType":"DOUBLE","timestamp":"1696777920","value":0.67572021484375},{"valueType":"DOUBLE","timestamp":"1696777860","value":0.6759033203125},{"valueType":"DOUBLE","timestamp":"1696777800","value":0.67584228515625},{"valueType":"DOUBLE","timestamp":"1696777740","value":0.67596435546875},{"valueType":"DOUBLE","timestamp":"1696777680","value":0.67578125},{"valueType":"DOUBLE","timestamp":"1696777620","value":0.6759033203125},{"valueType":"DOUBLE","timestamp":"1696777560","value":0.675811767578125},{"valueType":"DOUBLE","timestamp":"1696777500","value":0.6759033203125},{"valueType":"DOUBLE","timestamp":"1696777440","value":0.675872802734375},{"valueType":"DOUBLE","timestamp":"1696777380","value":0.675933837890625},{"valueType":"DOUBLE","timestamp":"1696777320","value":0.67578125},{"valueType":"DOUBLE","timestamp":"1696777260","value":0.675933837890625},{"valueType":"DOUBLE","timestamp":"1696777200","value":0.676849365234375},{"valueType":"DOUBLE","timestamp":"1696777140","value":0.6759033203125},{"valueType":"DOUBLE","timestamp":"1696777080","value":0.676025390625},{"valueType":"DOUBLE","timestamp":"1696777020","value":0.675872802734375},{"valueType":"DOUBLE","timestamp":"1696776960","value":0.67584228515625},{"valueType":"DOUBLE","timestamp":"1696776900","value":0.67578125},{"valueType":"DOUBLE","timestamp":"1696776840","value":0.67584228515625},{"valueType":"DOUBLE","timestamp":"1696776780","value":0.675750732421875},{"valueType":"DOUBLE","timestamp":"1696776720","value":0.675811767578125},{"valueType":"DOUBLE","timestamp":"1696776660","value":0.67578125},{"valueType":"DOUBLE","timestamp":"1696776600","value":0.67608642578125},{"valueType":"DOUBLE","timestamp":"1696776540","value":0.675811767578125},{"valueType":"DOUBLE","timestamp":"1696776480","value":0.675689697265625},{"valueType":"DOUBLE","timestamp":"1696776420","value":0.67578125},{"valueType":"DOUBLE","timestamp":"1696776360","value":0.6759033203125},{"valueType":"DOUBLE","timestamp":"1696776300","value":0.67584228515625},{"valueType":"DOUBLE","timestamp":"1696776240","value":0.675811767578125},{"valueType":"DOUBLE","timestamp":"1696776180","value":0.67596435546875},{"valueType":"DOUBLE","timestamp":"1696776120","value":0.676055908203125},{"valueType":"DOUBLE","timestamp":"1696776060","value":0.675872802734375},{"valueType":"DOUBLE","timestamp":"1696776000","value":0.67584228515625},{"valueType":"DOUBLE","timestamp":"1696775940","value":0.6759033203125},{"valueType":"DOUBLE","timestamp":"1696775880","value":0.67572021484375},{"valueType":"DOUBLE","timestamp":"1696775820","value":0.676483154296875},{"valueType":"DOUBLE","timestamp":"1696775760","value":0.675750732421875},{"valueType":"DOUBLE","timestamp":"1696775700","value":0.67578125},{"valueType":"DOUBLE","timestamp":"1696775640","value":0.675811767578125},{"valueType":"DOUBLE","timestamp":"1696775580","value":0.676513671875},{"valueType":"DOUBLE","timestamp":"1696775520","value":0.67572021484375},{"valueType":"DOUBLE","timestamp":"1696775460","value":0.675811767578125},{"valueType":"DOUBLE","timestamp":"1696775400","value":0.675750732421875},{"valueType":"DOUBLE","timestamp":"1696775340","value":0.67584228515625},{"valueType":"DOUBLE","timestamp":"1696775280","value":0.675750732421875},{"valueType":"DOUBLE","timestamp":"1696775220","value":0.67578125},{"valueType":"DOUBLE","timestamp":"1696775160","value":0.675445556640625},{"valueType":"DOUBLE","timestamp":"1696775100","value":0.675567626953125},{"valueType":"DOUBLE","timestamp":"1696775040","value":0.67474365234375},{"valueType":"DOUBLE","timestamp":"1696774980","value":0.675567626953125},{"valueType":"DOUBLE","timestamp":"1696774920","value":0.6754150390625},{"valueType":"DOUBLE","timestamp":"1696774860","value":0.675628662109375},{"valueType":"DOUBLE","timestamp":"1696774800","value":0.6766357421875},{"valueType":"DOUBLE","timestamp":"1696774740","value":0.675567626953125},{"valueType":"DOUBLE","timestamp":"1696774680","value":0.675537109375},{"valueType":"DOUBLE","timestamp":"1696774620","value":0.67578125},{"valueType":"DOUBLE","timestamp":"1696774560","value":0.675506591796875},{"valueType":"DOUBLE","timestamp":"1696774500","value":0.67437744140625},{"valueType":"DOUBLE","timestamp":"1696774440","value":0.6746826171875},{"valueType":"DOUBLE","timestamp":"1696774380","value":0.67474365234375},{"valueType":"DOUBLE","timestamp":"1696774320","value":0.674713134765625},{"valueType":"DOUBLE","timestamp":"1696774260","value":0.674530029296875},{"valueType":"DOUBLE","timestamp":"1696774200","value":0.674560546875},{"valueType":"DOUBLE","timestamp":"1696774140","value":0.674652099609375},{"valueType":"DOUBLE","timestamp":"1696774080","value":0.67449951171875},{"valueType":"DOUBLE","timestamp":"1696774020","value":0.675628662109375},{"valueType":"DOUBLE","timestamp":"1696773960","value":0.674713134765625},{"valueType":"DOUBLE","timestamp":"1696773900","value":0.675506591796875},{"valueType":"DOUBLE","timestamp":"1696773840","value":0.67462158203125},{"valueType":"DOUBLE","timestamp":"1696773780","value":0.67449951171875},{"valueType":"DOUBLE","timestamp":"1696773720","value":0.674713134765625},{"valueType":"DOUBLE","timestamp":"1696773660","value":0.672515869140625},{"valueType":"DOUBLE","timestamp":"1696773600","value":0.672698974609375},{"valueType":"DOUBLE","timestamp":"1696773540","value":0.67254638671875},{"valueType":"DOUBLE","timestamp":"1696773480","value":0.671875},{"valueType":"DOUBLE","timestamp":"1696773420","value":0.671417236328125},{"valueType":"DOUBLE","timestamp":"1696773360","value":0.677520751953125},{"valueType":"DOUBLE","timestamp":"1696773300","value":0.676666259765625},{"valueType":"DOUBLE","timestamp":"1696773240","value":0.674560546875},{"valueType":"DOUBLE","timestamp":"1696773180","value":0.671356201171875},{"valueType":"DOUBLE","timestamp":"1696773120","value":0.677154541015625},{"valueType":"DOUBLE","timestamp":"1696773060","value":0.67816162109375},{"valueType":"DOUBLE","timestamp":"1696773000","value":0.677459716796875},{"valueType":"DOUBLE","timestamp":"1696772940","value":0.67718505859375},{"valueType":"DOUBLE","timestamp":"1696772880","value":0.677276611328125},{"valueType":"DOUBLE","timestamp":"1696772820","value":0.677398681640625},{"valueType":"DOUBLE","timestamp":"1696772760","value":0.67718505859375},{"valueType":"DOUBLE","timestamp":"1696772700","value":0.67742919921875},{"valueType":"DOUBLE","timestamp":"1696772640","value":0.67724609375},{"valueType":"DOUBLE","timestamp":"1696772580","value":0.6773681640625},{"valueType":"DOUBLE","timestamp":"1696772520","value":0.674652099609375},{"valueType":"DOUBLE","timestamp":"1696772460","value":0.674591064453125},{"valueType":"DOUBLE","timestamp":"1696772400","value":0.674560546875},{"valueType":"DOUBLE","timestamp":"1696772340","value":0.67449951171875},{"valueType":"DOUBLE","timestamp":"1696772280","value":0.67462158203125},{"valueType":"DOUBLE","timestamp":"1696772220","value":0.6746826171875},{"valueType":"DOUBLE","timestamp":"1696772160","value":0.675140380859375},{"valueType":"DOUBLE","timestamp":"1696772100","value":0.67633056640625},{"valueType":"DOUBLE","timestamp":"1696772040","value":0.674652099609375},{"valueType":"DOUBLE","timestamp":"1696771980","value":0.67462158203125},{"valueType":"DOUBLE","timestamp":"1696771920","value":0.674285888671875},{"valueType":"DOUBLE","timestamp":"1696771860","value":0.674468994140625},{"valueType":"DOUBLE","timestamp":"1696771800","value":0.674530029296875},{"valueType":"DOUBLE","timestamp":"1696771740","value":0.674407958984375},{"valueType":"DOUBLE","timestamp":"1696771680","value":0.674407958984375},{"valueType":"DOUBLE","timestamp":"1696771620","value":0.674285888671875},{"valueType":"DOUBLE","timestamp":"1696771560","value":0.674346923828125},{"valueType":"DOUBLE","timestamp":"1696771500","value":0.672210693359375},{"valueType":"DOUBLE","timestamp":"1696771440","value":0.671875},{"valueType":"DOUBLE","timestamp":"1696771380","value":0.674835205078125},{"valueType":"DOUBLE","timestamp":"1696771320","value":0.674835205078125},{"valueType":"DOUBLE","timestamp":"1696771260","value":0.6749267578125},{"valueType":"DOUBLE","timestamp":"1696771200","value":0.67486572265625},{"valueType":"DOUBLE","timestamp":"1696771140","value":0.67578125},{"valueType":"DOUBLE","timestamp":"1696771080","value":0.67486572265625},{"valueType":"DOUBLE","timestamp":"1696771020","value":0.674835205078125},{"valueType":"DOUBLE","timestamp":"1696770960","value":0.675262451171875},{"valueType":"DOUBLE","timestamp":"1696770900","value":0.67474365234375},{"valueType":"DOUBLE","timestamp":"1696770840","value":0.6748046875},{"valueType":"DOUBLE","timestamp":"1696770780","value":0.674774169921875},{"valueType":"DOUBLE","timestamp":"1696770720","value":0.67486572265625},{"valueType":"DOUBLE","timestamp":"1696770660","value":0.6748046875},{"valueType":"DOUBLE","timestamp":"1696770600","value":0.67462158203125},{"valueType":"DOUBLE","timestamp":"1696770540","value":0.67486572265625},{"valueType":"DOUBLE","timestamp":"1696770480","value":0.6749267578125},{"valueType":"DOUBLE","timestamp":"1696770420","value":0.6746826171875},{"valueType":"DOUBLE","timestamp":"1696770360","value":0.67449951171875},{"valueType":"DOUBLE","timestamp":"1696770300","value":0.6739501953125},{"valueType":"DOUBLE","timestamp":"1696770240","value":0.6739501953125},{"valueType":"DOUBLE","timestamp":"1696770180","value":0.6749267578125},{"valueType":"DOUBLE","timestamp":"1696770120","value":0.673858642578125},{"valueType":"DOUBLE","timestamp":"1696770060","value":0.673919677734375},{"valueType":"DOUBLE","timestamp":"1696770000","value":0.67413330078125},{"valueType":"DOUBLE","timestamp":"1696769940","value":0.673980712890625},{"valueType":"DOUBLE","timestamp":"1696769880","value":0.67413330078125},{"valueType":"DOUBLE","timestamp":"1696769820","value":0.673553466796875},{"valueType":"DOUBLE","timestamp":"1696769760","value":0.673370361328125},{"valueType":"DOUBLE","timestamp":"1696769700","value":0.673370361328125},{"valueType":"DOUBLE","timestamp":"1696769640","value":0.67333984375},{"valueType":"DOUBLE","timestamp":"1696769580","value":0.67327880859375},{"valueType":"DOUBLE","timestamp":"1696769520","value":0.673248291015625},{"valueType":"DOUBLE","timestamp":"1696769460","value":0.673126220703125},{"valueType":"DOUBLE","timestamp":"1696769400","value":0.674163818359375},{"valueType":"DOUBLE","timestamp":"1696769340","value":0.67315673828125},{"valueType":"DOUBLE","timestamp":"1696769280","value":0.67132568359375},{"valueType":"DOUBLE","timestamp":"1696769220","value":0.671051025390625},{"valueType":"DOUBLE","timestamp":"1696769160","value":0.670989990234375},{"valueType":"DOUBLE","timestamp":"1696769100","value":0.6734619140625},{"valueType":"DOUBLE","timestamp":"1696769040","value":0.675048828125},{"valueType":"DOUBLE","timestamp":"1696768980","value":0.67352294921875},{"valueType":"DOUBLE","timestamp":"1696768920","value":0.67340087890625},{"valueType":"DOUBLE","timestamp":"1696768860","value":0.673553466796875},{"valueType":"DOUBLE","timestamp":"1696768800","value":0.67327880859375},{"valueType":"DOUBLE","timestamp":"1696768740","value":0.673431396484375},{"valueType":"DOUBLE","timestamp":"1696768680","value":0.673492431640625},{"valueType":"DOUBLE","timestamp":"1696768620","value":0.670928955078125},{"valueType":"DOUBLE","timestamp":"1696768560","value":0.6702880859375}]}