{"podName":"ledgerwriter-f6cc7889d-rczj4","containerName":"ledgerwriter","nodeName":null,"metricType":"kubernetes.io/container/memory/request_utilization","metrics":[{"valueType":"DOUBLE","timestamp":"1696785180","value":0.0680999755859375},{"valueType":"DOUBLE","timestamp":"1696785120","value":0.0680999755859375},{"valueType":"DOUBLE","timestamp":"1696785060","value":0.0680999755859375},{"valueType":"DOUBLE","timestamp":"1696785000","value":0.0680999755859375},{"valueType":"DOUBLE","timestamp":"1696784940","value":0.0680999755859375},{"valueType":"DOUBLE","timestamp":"1696784880","value":0.0680999755859375},{"valueType":"DOUBLE","timestamp":"1696784820","value":0.0680999755859375},{"valueType":"DOUBLE","timestamp":"1696784760","value":0.0680999755859375},{"valueType":"DOUBLE","timestamp":"1696784700","value":0.0680999755859375},{"valueType":"DOUBLE","timestamp":"1696784640","value":0.0680999755859375},{"valueType":"DOUBLE","timestamp":"1696784580","value":0.0680999755859375},{"valueType":"DOUBLE","timestamp":"1696784520","value":0.0680999755859375},{"valueType":"DOUBLE","timestamp":"1696784460","value":0.0680999755859375},{"valueType":"DOUBLE","timestamp":"1696784400","value":0.0680999755859375},{"valueType":"DOUBLE","timestamp":"1696784340","value":0.0680999755859375},{"valueType":"DOUBLE","timestamp":"1696784280","value":0.0680999755859375},{"valueType":"DOUBLE","timestamp":"1696784220","value":0.0680999755859375},{"valueType":"DOUBLE","timestamp":"1696784160","value":0.0680999755859375},{"valueType":"DOUBLE","timestamp":"1696784100","value":0.0680999755859375},{"valueType":"DOUBLE","timestamp":"1696784040","value":0.0680999755859375},{"valueType":"DOUBLE","timestamp":"1696783980","value":0.0680999755859375},{"valueType":"DOUBLE","timestamp":"1696783920","value":0.0680999755859375},{"valueType":"DOUBLE","timestamp":"1696783860","value":0.0680999755859375},{"valueType":"DOUBLE","timestamp":"1696783800","value":0.0680999755859375},{"valueType":"DOUBLE","timestamp":"1696783740","value":0.0680999755859375},{"valueType":"DOUBLE","timestamp":"1696783680","value":0.0680999755859375},{"valueType":"DOUBLE","timestamp":"1696783620","value":0.0680999755859375},{"valueType":"DOUBLE","timestamp":"1696783560","value":0.0680999755859375},{"valueType":"DOUBLE","timestamp":"1696783500","value":0.0680999755859375},{"valueType":"DOUBLE","timestamp":"1696783440","value":0.0680999755859375},{"valueType":"DOUBLE","timestamp":"1696783380","value":0.0680999755859375},{"valueType":"DOUBLE","timestamp":"1696783320","value":0.0680999755859375},{"valueType":"DOUBLE","timestamp":"1696783260","value":0.0680999755859375},{"valueType":"DOUBLE","timestamp":"1696783200","value":0.0680999755859375},{"valueType":"DOUBLE","timestamp":"1696783140","value":0.0680999755859375},{"valueType":"DOUBLE","timestamp":"1696783080","value":0.0680999755859375},{"valueType":"DOUBLE","timestamp":"1696783020","value":0.0680999755859375},{"valueType":"DOUBLE","timestamp":"1696782960","value":0.0680999755859375},{"valueType":"DOUBLE","timestamp":"1696782900","value":0.0680999755859375},{"valueType":"DOUBLE","timestamp":"1696782840","value":0.0680999755859375},{"valueType":"DOUBLE","timestamp":"1696782780","value":0.0680999755859375},{"valueType":"DOUBLE","timestamp":"1696782720","value":0.0680999755859375},{"valueType":"DOUBLE","timestamp":"1696782660","value":0.0680999755859375},{"valueType":"DOUBLE","timestamp":"1696782600","value":0.0680999755859375},{"valueType":"DOUBLE","timestamp":"1696782540","value":0.0680999755859375},{"valueType":"DOUBLE","timestamp":"1696782480","value":0.0680999755859375},{"valueType":"DOUBLE","timestamp":"1696782420","value":0.0680999755859375},{"valueType":"DOUBLE","timestamp":"1696782360","value":0.0680999755859375},{"valueType":"DOUBLE","timestamp":"1696782300","value":0.0680999755859375},{"valueType":"DOUBLE","timestamp":"1696782240","value":0.0680999755859375},{"valueType":"DOUBLE","timestamp":"1696782180","value":0.0680999755859375},{"valueType":"DOUBLE","timestamp":"1696782120","value":0.0680999755859375},{"valueType":"DOUBLE","timestamp":"1696782060","value":0.0680999755859375},{"valueType":"DOUBLE","timestamp":"1696782000","value":0.0680999755859375},{"valueType":"DOUBLE","timestamp":"1696781940","value":0.0680999755859375},{"valueType":"DOUBLE","timestamp":"1696781880","value":0.0680999755859375},{"valueType":"DOUBLE","timestamp":"1696781820","value":0.0680999755859375},{"valueType":"DOUBLE","timestamp":"1696781760","value":0.0680999755859375},{"valueType":"DOUBLE","timestamp":"1696781700","value":0.0680999755859375},{"valueType":"DOUBLE","timestamp":"1696781640","value":0.0680999755859375},{"valueType":"DOUBLE","timestamp":"1696781580","value":0.0680999755859375},{"valueType":"DOUBLE","timestamp":"1696781520","value":0.0680999755859375},{"valueType":"DOUBLE","timestamp":"1696781460","value":0.0680999755859375},{"valueType":"DOUBLE","timestamp":"1696781400","value":0.0680999755859375},{"valueType":"DOUBLE","timestamp":"1696781340","value":0.0680999755859375},{"valueType":"DOUBLE","timestamp":"1696781280","value":0.0680999755859375},{"valueType":"DOUBLE","timestamp":"1696781220","value":0.0680999755859375},{"valueType":"DOUBLE","timestamp":"1696781160","value":0.0680999755859375},{"valueType":"DOUBLE","timestamp":"1696781100","value":0.0680999755859375},{"valueType":"DOUBLE","timestamp":"1696781040","value":0.0680999755859375},{"valueType":"DOUBLE","timestamp":"1696780980","value":0.0680999755859375},{"valueType":"DOUBLE","timestamp":"1696780920","value":0.0680999755859375},{"valueType":"DOUBLE","timestamp":"1696780860","value":0.0680999755859375},{"valueType":"DOUBLE","timestamp":"1696780800","value":0.0680999755859375},{"valueType":"DOUBLE","timestamp":"1696780740","value":0.0680999755859375},{"valueType":"DOUBLE","timestamp":"1696780680","value":0.0680999755859375},{"valueType":"DOUBLE","timestamp":"1696780620","value":0.0680999755859375},{"valueType":"DOUBLE","timestamp":"1696780560","value":0.0680999755859375},{"valueType":"DOUBLE","timestamp":"1696780500","value":0.0680999755859375},{"valueType":"DOUBLE","timestamp":"1696780440","value":0.0680999755859375},{"valueType":"DOUBLE","timestamp":"1696780380","value":0.0680999755859375},{"valueType":"DOUBLE","timestamp":"1696780320","value":0.0680999755859375},{"valueType":"DOUBLE","timestamp":"1696780260","value":0.0680999755859375},{"valueType":"DOUBLE","timestamp":"1696780200","value":0.0680999755859375},{"valueType":"DOUBLE","timestamp":"1696780140","value":0.0680999755859375},{"valueType":"DOUBLE","timestamp":"1696780080","value":0.0680999755859375},{"valueType":"DOUBLE","timestamp":"1696780020","value":0.0680999755859375},{"valueType":"DOUBLE","timestamp":"1696779960","value":0.0680999755859375},{"valueType":"DOUBLE","timestamp":"1696779900","value":0.0680999755859375},{"valueType":"DOUBLE","timestamp":"1696779840","value":0.0680999755859375},{"valueType":"DOUBLE","timestamp":"1696779780","value":0.0680999755859375},{"valueType":"DOUBLE","timestamp":"1696779720","value":0.0680999755859375},{"valueType":"DOUBLE","timestamp":"1696779660","value":0.0680999755859375},{"valueType":"DOUBLE","timestamp":"1696779600","value":0.0680999755859375},{"valueType":"DOUBLE","timestamp":"1696779540","value":0.0680999755859375},{"valueType":"DOUBLE","timestamp":"1696779480","value":0.0680999755859375},{"valueType":"DOUBLE","timestamp":"1696779420","value":0.0680999755859375},{"valueType":"DOUBLE","timestamp":"1696779360","value":0.0680999755859375},{"valueType":"DOUBLE","timestamp":"1696779300","value":0.0680999755859375},{"valueType":"DOUBLE","timestamp":"1696779240","value":0.0680999755859375},{"valueType":"DOUBLE","timestamp":"1696779180","value":0.0680999755859375},{"valueType":"DOUBLE","timestamp":"1696779120","value":0.0680999755859375},{"valueType":"DOUBLE","timestamp":"1696779060","value":0.0680999755859375},{"valueType":"DOUBLE","timestamp":"1696779000","value":0.0680999755859375},{"valueType":"DOUBLE","timestamp":"1696778940","value":0.0680999755859375},{"valueType":"DOUBLE","timestamp":"1696778880","value":0.0680999755859375},{"valueType":"DOUBLE","timestamp":"1696778820","value":0.0680999755859375},{"valueType":"DOUBLE","timestamp":"1696778760","value":0.0680999755859375},{"valueType":"DOUBLE","timestamp":"1696778700","value":0.0680999755859375},{"valueType":"DOUBLE","timestamp":"1696778640","value":0.0680999755859375},{"valueType":"DOUBLE","timestamp":"1696778580","value":0.0680999755859375},{"valueType":"DOUBLE","timestamp":"1696778520","value":0.0680999755859375},{"valueType":"DOUBLE","timestamp":"1696778460","value":0.0680999755859375},{"valueType":"DOUBLE","timestamp":"1696778400","value":0.0680999755859375},{"valueType":"DOUBLE","timestamp":"1696778340","value":0.0680999755859375},{"valueType":"DOUBLE","timestamp":"1696778280","value":0.0680999755859375},{"valueType":"DOUBLE","timestamp":"1696778220","value":0.0680999755859375},{"valueType":"DOUBLE","timestamp":"1696778160","value":0.0680999755859375},{"valueType":"DOUBLE","timestamp":"1696778100","value":0.0680999755859375},{"valueType":"DOUBLE","timestamp":"1696778040","value":0.0680999755859375},{"valueType":"DOUBLE","timestamp":"1696777980","value":0.0680999755859375},{"valueType":"DOUBLE","timestamp":"1696777920","value":0.0680999755859375},{"valueType":"DOUBLE","timestamp":"1696777860","value":0.0680999755859375},{"valueType":"DOUBLE","timestamp":"1696777800","value":0.0680999755859375},{"valueType":"DOUBLE","timestamp":"1696777740","value":0.0680999755859375},{"valueType":"DOUBLE","timestamp":"1696777680","value":0.0680999755859375},{"valueType":"DOUBLE","timestamp":"1696777620","value":0.0680999755859375},{"valueType":"DOUBLE","timestamp":"1696777560","value":0.0680999755859375},{"valueType":"DOUBLE","timestamp":"1696777500","value":0.0680999755859375},{"valueType":"DOUBLE","timestamp":"1696777440","value":0.0680999755859375},{"valueType":"DOUBLE","timestamp":"1696777380","value":0.0680999755859375},{"valueType":"DOUBLE","timestamp":"1696777320","value":0.0680999755859375},{"valueType":"DOUBLE","timestamp":"1696777260","value":0.0680999755859375},{"valueType":"DOUBLE","timestamp":"1696777200","value":0.0680999755859375},{"valueType":"DOUBLE","timestamp":"1696777140","value":0.0680999755859375},{"valueType":"DOUBLE","timestamp":"1696777080","value":0.0680999755859375},{"valueType":"DOUBLE","timestamp":"1696777020","value":0.0680999755859375},{"valueType":"DOUBLE","timestamp":"1696776960","value":0.0680999755859375},{"valueType":"DOUBLE","timestamp":"1696776900","value":0.0680999755859375},{"valueType":"DOUBLE","timestamp":"1696776840","value":0.0680999755859375},{"valueType":"DOUBLE","timestamp":"1696776780","value":0.0680999755859375},{"valueType":"DOUBLE","timestamp":"1696776720","value":0.0680999755859375},{"valueType":"DOUBLE","timestamp":"1696776660","value":0.0680999755859375},{"valueType":"DOUBLE","timestamp":"1696776600","value":0.0680999755859375},{"valueType":"DOUBLE","timestamp":"1696776540","value":0.0680999755859375},{"valueType":"DOUBLE","timestamp":"1696776480","value":0.0680999755859375},{"valueType":"DOUBLE","timestamp":"1696776420","value":0.0680999755859375},{"valueType":"DOUBLE","timestamp":"1696776360","value":0.0680999755859375},{"valueType":"DOUBLE","timestamp":"1696776300","value":0.0680999755859375},{"valueType":"DOUBLE","timestamp":"1696776240","value":0.0680999755859375},{"valueType":"DOUBLE","timestamp":"1696776180","value":0.0680999755859375},{"valueType":"DOUBLE","timestamp":"1696776120","value":0.0680999755859375},{"valueType":"DOUBLE","timestamp":"1696776060","value":0.0680999755859375},{"valueType":"DOUBLE","timestamp":"1696776000","value":0.0680999755859375},{"valueType":"DOUBLE","timestamp":"1696775940","value":0.0680999755859375},{"valueType":"DOUBLE","timestamp":"1696775880","value":0.0680999755859375},{"valueType":"DOUBLE","timestamp":"1696775820","value":0.0680999755859375},{"valueType":"DOUBLE","timestamp":"1696775760","value":0.0680999755859375},{"valueType":"DOUBLE","timestamp":"1696775700","value":0.0680999755859375},{"valueType":"DOUBLE","timestamp":"1696775640","value":0.0680999755859375},{"valueType":"DOUBLE","timestamp":"1696775580","value":0.0680999755859375},{"valueType":"DOUBLE","timestamp":"1696775520","value":0.0680999755859375},{"valueType":"DOUBLE","timestamp":"1696775460","value":0.0680999755859375},{"valueType":"DOUBLE","timestamp":"1696775400","value":0.0680999755859375},{"valueType":"DOUBLE","timestamp":"1696775340","value":0.0680999755859375},{"valueType":"DOUBLE","timestamp":"1696775280","value":0.0680999755859375},{"valueType":"DOUBLE","timestamp":"1696775220","value":0.0680999755859375},{"valueType":"DOUBLE","timestamp":"1696775160","value":0.0680999755859375},{"valueType":"DOUBLE","timestamp":"1696775100","value":0.0680999755859375},{"valueType":"DOUBLE","timestamp":"1696775040","value":0.0680999755859375},{"valueType":"DOUBLE","timestamp":"1696774980","value":0.0680999755859375},{"valueType":"DOUBLE","timestamp":"1696774920","value":0.0680999755859375},{"valueType":"DOUBLE","timestamp":"1696774860","value":0.0680999755859375},{"valueType":"DOUBLE","timestamp":"1696774800","value":0.0680999755859375},{"valueType":"DOUBLE","timestamp":"1696774740","value":0.0680999755859375},{"valueType":"DOUBLE","timestamp":"1696774680","value":0.0680999755859375},{"valueType":"DOUBLE","timestamp":"1696774620","value":0.0680999755859375},{"valueType":"DOUBLE","timestamp":"1696774560","value":0.0680999755859375},{"valueType":"DOUBLE","timestamp":"1696774500","value":0.0680999755859375},{"valueType":"DOUBLE","timestamp":"1696774440","value":0.0680999755859375},{"valueType":"DOUBLE","timestamp":"1696774380","value":0.0680999755859375},{"valueType":"DOUBLE","timestamp":"1696774320","value":0.0680999755859375},{"valueType":"DOUBLE","timestamp":"1696774260","value":0.0680999755859375},{"valueType":"DOUBLE","timestamp":"1696774200","value":0.0680999755859375},{"valueType":"DOUBLE","timestamp":"1696774140","value":0.0680999755859375},{"valueType":"DOUBLE","timestamp":"1696774080","value":0.0680999755859375},{"valueType":"DOUBLE","timestamp":"1696774020","value":0.0680999755859375},{"valueType":"DOUBLE","timestamp":"1696773960","value":0.0680999755859375},{"valueType":"DOUBLE","timestamp":"1696773900","value":0.0680999755859375},{"valueType":"DOUBLE","timestamp":"1696773840","value":0.0680999755859375},{"valueType":"DOUBLE","timestamp":"1696773780","value":0.0680999755859375},{"valueType":"DOUBLE","timestamp":"1696773720","value":0.0680999755859375},{"valueType":"DOUBLE","timestamp":"1696773660","value":0.0680999755859375},{"valueType":"DOUBLE","timestamp":"1696773600","value":0.0680999755859375},{"valueType":"DOUBLE","timestamp":"1696773540","value":0.0680999755859375},{"valueType":"DOUBLE","timestamp":"1696773480","value":0.0680999755859375},{"valueType":"DOUBLE","timestamp":"1696773420","value":0.0680999755859375},{"valueType":"DOUBLE","timestamp":"1696773360","value":0.0680999755859375},{"valueType":"DOUBLE","timestamp":"1696773300","value":0.0680999755859375},{"valueType":"DOUBLE","timestamp":"1696773240","value":0.0680999755859375},{"valueType":"DOUBLE","timestamp":"1696773180","value":0.0680999755859375},{"valueType":"DOUBLE","timestamp":"1696773120","value":0.0680999755859375},{"valueType":"DOUBLE","timestamp":"1696773060","value":0.0680999755859375},{"valueType":"DOUBLE","timestamp":"1696773000","value":0.0680999755859375},{"valueType":"DOUBLE","timestamp":"1696772940","value":0.0680999755859375},{"valueType":"DOUBLE","timestamp":"1696772880","value":0.0680999755859375},{"valueType":"DOUBLE","timestamp":"1696772820","value":0.0680999755859375},{"valueType":"DOUBLE","timestamp":"1696772760","value":0.0680999755859375},{"valueType":"DOUBLE","timestamp":"1696772700","value":0.0680999755859375},{"valueType":"DOUBLE","timestamp":"1696772640","value":0.0680999755859375},{"valueType":"DOUBLE","timestamp":"1696772580","value":0.0680999755859375},{"valueType":"DOUBLE","timestamp":"1696772520","value":0.0680999755859375},{"valueType":"DOUBLE","timestamp":"1696772460","value":0.0680999755859375},{"valueType":"DOUBLE","timestamp":"1696772400","value":0.0680999755859375},{"valueType":"DOUBLE","timestamp":"1696772340","value":0.0680999755859375},{"valueType":"DOUBLE","timestamp":"1696772280","value":0.0680999755859375},{"valueType":"DOUBLE","timestamp":"1696772220","value":0.0680999755859375},{"valueType":"DOUBLE","timestamp":"1696772160","value":0.0680999755859375},{"valueType":"DOUBLE","timestamp":"1696772100","value":0.0680999755859375},{"valueType":"DOUBLE","timestamp":"1696772040","value":0.0680999755859375},{"valueType":"DOUBLE","timestamp":"1696771980","value":0.0680999755859375},{"valueType":"DOUBLE","timestamp":"1696771920","value":0.0680999755859375},{"valueType":"DOUBLE","timestamp":"1696771860","value":0.0680999755859375},{"valueType":"DOUBLE","timestamp":"1696771800","value":0.0680999755859375},{"valueType":"DOUBLE","timestamp":"1696771740","value":0.0680999755859375},{"valueType":"DOUBLE","timestamp":"1696771680","value":0.0680999755859375},{"valueType":"DOUBLE","timestamp":"1696771620","value":0.0680999755859375},{"valueType":"DOUBLE","timestamp":"1696771560","value":0.0680999755859375},{"valueType":"DOUBLE","timestamp":"1696771500","value":0.0680999755859375},{"valueType":"DOUBLE","timestamp":"1696771440","value":0.0680999755859375},{"valueType":"DOUBLE","timestamp":"1696771380","value":0.0680999755859375},{"valueType":"DOUBLE","timestamp":"1696771320","value":0.0680999755859375},{"valueType":"DOUBLE","timestamp":"1696771260","value":0.0680999755859375},{"valueType":"DOUBLE","timestamp":"1696771200","value":0.0680999755859375},{"valueType":"DOUBLE","timestamp":"1696771140","value":0.0680999755859375},{"valueType":"DOUBLE","timestamp":"1696771080","value":0.0680999755859375},{"valueType":"DOUBLE","timestamp":"1696771020","value":0.0680999755859375},{"valueType":"DOUBLE","timestamp":"1696770960","value":0.0680999755859375},{"valueType":"DOUBLE","timestamp":"1696770900","value":0.0680999755859375},{"valueType":"DOUBLE","timestamp":"1696770840","value":0.0680999755859375},{"valueType":"DOUBLE","timestamp":"1696770780","value":0.0680999755859375},{"valueType":"DOUBLE","timestamp":"1696770720","value":0.0680999755859375},{"valueType":"DOUBLE","timestamp":"1696770660","value":0.0680999755859375},{"valueType":"DOUBLE","timestamp":"1696770600","value":0.0680999755859375},{"valueType":"DOUBLE","timestamp":"1696770540","value":0.0680999755859375},{"valueType":"DOUBLE","timestamp":"1696770480","value":0.0680999755859375},{"valueType":"DOUBLE","timestamp":"1696770420","value":0.0680999755859375},{"valueType":"DOUBLE","timestamp":"1696770360","value":0.0680999755859375},{"valueType":"DOUBLE","timestamp":"1696770300","value":0.0680999755859375},{"valueType":"DOUBLE","timestamp":"1696770240","value":0.0680999755859375},{"valueType":"DOUBLE","timestamp":"1696770180","value":0.0680999755859375},{"valueType":"DOUBLE","timestamp":"1696770120","value":0.0680999755859375},{"valueType":"DOUBLE","timestamp":"1696770060","value":0.0680999755859375},{"valueType":"DOUBLE","timestamp":"1696770000","value":0.0680999755859375},{"valueType":"DOUBLE","timestamp":"1696769940","value":0.0680999755859375},{"valueType":"DOUBLE","timestamp":"1696769880","value":0.0680999755859375},{"valueType":"DOUBLE","timestamp":"1696769820","value":0.0680999755859375},{"valueType":"DOUBLE","timestamp":"1696769760","value":0.0680999755859375},{"valueType":"DOUBLE","timestamp":"1696769700","value":0.0680999755859375},{"valueType":"DOUBLE","timestamp":"1696769640","value":0.0680999755859375},{"valueType":"DOUBLE","timestamp":"1696769580","value":0.0680999755859375},{"valueType":"DOUBLE","timestamp":"1696769520","value":0.0680999755859375},{"valueType":"DOUBLE","timestamp":"1696769460","value":0.0680999755859375},{"valueType":"DOUBLE","timestamp":"1696769400","value":0.0680999755859375},{"valueType":"DOUBLE","timestamp":"1696769340","value":0.0680999755859375},{"valueType":"DOUBLE","timestamp":"1696769280","value":0.0680999755859375},{"valueType":"DOUBLE","timestamp":"1696769220","value":0.0680999755859375},{"valueType":"DOUBLE","timestamp":"1696769160","value":0.0680999755859375},{"valueType":"DOUBLE","timestamp":"1696769100","value":0.0680999755859375},{"valueType":"DOUBLE","timestamp":"1696769040","value":0.0680999755859375},{"valueType":"DOUBLE","timestamp":"1696768980","value":0.0680999755859375},{"valueType":"DOUBLE","timestamp":"1696768920","value":0.0680999755859375},{"valueType":"DOUBLE","timestamp":"1696768860","value":0.0680999755859375},{"valueType":"DOUBLE","timestamp":"1696768800","value":0.0680999755859375},{"valueType":"DOUBLE","timestamp":"1696768740","value":0.0680999755859375},{"valueType":"DOUBLE","timestamp":"1696768680","value":0.0680999755859375},{"valueType":"DOUBLE","timestamp":"1696768620","value":0.0680999755859375},{"valueType":"DOUBLE","timestamp":"1696768560","value":0.0680999755859375},{"valueType":"DOUBLE","timestamp":"1696785180","value":1.154388427734375},{"valueType":"DOUBLE","timestamp":"1696785120","value":1.1544036865234375},{"valueType":"DOUBLE","timestamp":"1696785060","value":1.154388427734375},{"valueType":"DOUBLE","timestamp":"1696785000","value":1.154388427734375},{"valueType":"DOUBLE","timestamp":"1696784940","value":1.154388427734375},{"valueType":"DOUBLE","timestamp":"1696784880","value":1.154388427734375},{"valueType":"DOUBLE","timestamp":"1696784820","value":1.1544036865234375},{"valueType":"DOUBLE","timestamp":"1696784760","value":1.154388427734375},{"valueType":"DOUBLE","timestamp":"1696784700","value":1.154388427734375},{"valueType":"DOUBLE","timestamp":"1696784640","value":1.154449462890625},{"valueType":"DOUBLE","timestamp":"1696784580","value":1.1544189453125},{"valueType":"DOUBLE","timestamp":"1696784520","value":1.1544189453125},{"valueType":"DOUBLE","timestamp":"1696784460","value":1.154388427734375},{"valueType":"DOUBLE","timestamp":"1696784400","value":1.154388427734375},{"valueType":"DOUBLE","timestamp":"1696784340","value":1.1546630859375},{"valueType":"DOUBLE","timestamp":"1696784280","value":1.1546630859375},{"valueType":"DOUBLE","timestamp":"1696784220","value":1.1546630859375},{"valueType":"DOUBLE","timestamp":"1696784160","value":1.154388427734375},{"valueType":"DOUBLE","timestamp":"1696784100","value":1.154388427734375},{"valueType":"DOUBLE","timestamp":"1696784040","value":1.1543731689453125},{"valueType":"DOUBLE","timestamp":"1696783980","value":1.1543731689453125},{"valueType":"DOUBLE","timestamp":"1696783920","value":1.1543731689453125},{"valueType":"DOUBLE","timestamp":"1696783860","value":1.154541015625},{"valueType":"DOUBLE","timestamp":"1696783800","value":1.1543731689453125},{"valueType":"DOUBLE","timestamp":"1696783740","value":1.154388427734375},{"valueType":"DOUBLE","timestamp":"1696783680","value":1.154876708984375},{"valueType":"DOUBLE","timestamp":"1696783620","value":1.154388427734375},{"valueType":"DOUBLE","timestamp":"1696783560","value":1.154388427734375},{"valueType":"DOUBLE","timestamp":"1696783500","value":1.1544036865234375},{"valueType":"DOUBLE","timestamp":"1696783440","value":1.154510498046875},{"valueType":"DOUBLE","timestamp":"1696783380","value":1.1543731689453125},{"valueType":"DOUBLE","timestamp":"1696783320","value":1.1543731689453125},{"valueType":"DOUBLE","timestamp":"1696783260","value":1.1544036865234375},{"valueType":"DOUBLE","timestamp":"1696783200","value":1.1543731689453125},{"valueType":"DOUBLE","timestamp":"1696783140","value":1.1543731689453125},{"valueType":"DOUBLE","timestamp":"1696783080","value":1.1543731689453125},{"valueType":"DOUBLE","timestamp":"1696783020","value":1.1543731689453125},{"valueType":"DOUBLE","timestamp":"1696782960","value":1.1543731689453125},{"valueType":"DOUBLE","timestamp":"1696782900","value":1.1543731689453125},{"valueType":"DOUBLE","timestamp":"1696782840","value":1.1543731689453125},{"valueType":"DOUBLE","timestamp":"1696782780","value":1.1543731689453125},{"valueType":"DOUBLE","timestamp":"1696782720","value":1.154541015625},{"valueType":"DOUBLE","timestamp":"1696782660","value":1.1543731689453125},{"valueType":"DOUBLE","timestamp":"1696782600","value":1.1543731689453125},{"valueType":"DOUBLE","timestamp":"1696782540","value":1.1546478271484375},{"valueType":"DOUBLE","timestamp":"1696782480","value":1.1546478271484375},{"valueType":"DOUBLE","timestamp":"1696782420","value":1.154388427734375},{"valueType":"DOUBLE","timestamp":"1696782360","value":1.1543731689453125},{"valueType":"DOUBLE","timestamp":"1696782300","value":1.1543731689453125},{"valueType":"DOUBLE","timestamp":"1696782240","value":1.1546630859375},{"valueType":"DOUBLE","timestamp":"1696782180","value":1.1546630859375},{"valueType":"DOUBLE","timestamp":"1696782120","value":1.1546478271484375},{"valueType":"DOUBLE","timestamp":"1696782060","value":1.1543731689453125},{"valueType":"DOUBLE","timestamp":"1696782000","value":1.154388427734375},{"valueType":"DOUBLE","timestamp":"1696781940","value":1.1543731689453125},{"valueType":"DOUBLE","timestamp":"1696781880","value":1.1543731689453125},{"valueType":"DOUBLE","timestamp":"1696781820","value":1.1543731689453125},{"valueType":"DOUBLE","timestamp":"1696781760","value":1.154388427734375},{"valueType":"DOUBLE","timestamp":"1696781700","value":1.154388427734375},{"valueType":"DOUBLE","timestamp":"1696781640","value":1.154388427734375},{"valueType":"DOUBLE","timestamp":"1696781580","value":1.1545257568359375},{"valueType":"DOUBLE","timestamp":"1696781520","value":1.1544036865234375},{"valueType":"DOUBLE","timestamp":"1696781460","value":1.1543731689453125},{"valueType":"DOUBLE","timestamp":"1696781400","value":1.1543731689453125},{"valueType":"DOUBLE","timestamp":"1696781340","value":1.154388427734375},{"valueType":"DOUBLE","timestamp":"1696781280","value":1.1545257568359375},{"valueType":"DOUBLE","timestamp":"1696781220","value":1.1543731689453125},{"valueType":"DOUBLE","timestamp":"1696781160","value":1.154388427734375},{"valueType":"DOUBLE","timestamp":"1696781100","value":1.15435791015625},{"valueType":"DOUBLE","timestamp":"1696781040","value":1.15435791015625},{"valueType":"DOUBLE","timestamp":"1696780980","value":1.1543731689453125},{"valueType":"DOUBLE","timestamp":"1696780920","value":1.15435791015625},{"valueType":"DOUBLE","timestamp":"1696780860","value":1.1543731689453125},{"valueType":"DOUBLE","timestamp":"1696780800","value":1.15435791015625},{"valueType":"DOUBLE","timestamp":"1696780740","value":1.1552276611328125},{"valueType":"DOUBLE","timestamp":"1696780680","value":1.15435791015625},{"valueType":"DOUBLE","timestamp":"1696780620","value":1.15435791015625},{"valueType":"DOUBLE","timestamp":"1696780560","value":1.1559295654296875},{"valueType":"DOUBLE","timestamp":"1696780500","value":1.15460205078125},{"valueType":"DOUBLE","timestamp":"1696780440","value":1.1543426513671875},{"valueType":"DOUBLE","timestamp":"1696780380","value":1.1543426513671875},{"valueType":"DOUBLE","timestamp":"1696780320","value":1.1543426513671875},{"valueType":"DOUBLE","timestamp":"1696780260","value":1.1543426513671875},{"valueType":"DOUBLE","timestamp":"1696780200","value":1.1543426513671875},{"valueType":"DOUBLE","timestamp":"1696780140","value":1.15435791015625},{"valueType":"DOUBLE","timestamp":"1696780080","value":1.1543426513671875},{"valueType":"DOUBLE","timestamp":"1696780020","value":1.1547698974609375},{"valueType":"DOUBLE","timestamp":"1696779960","value":1.1547698974609375},{"valueType":"DOUBLE","timestamp":"1696779900","value":1.154754638671875},{"valueType":"DOUBLE","timestamp":"1696779840","value":1.1552276611328125},{"valueType":"DOUBLE","timestamp":"1696779780","value":1.1547393798828125},{"valueType":"DOUBLE","timestamp":"1696779720","value":1.1548004150390625},{"valueType":"DOUBLE","timestamp":"1696779660","value":1.1548919677734375},{"valueType":"DOUBLE","timestamp":"1696779600","value":1.1547393798828125},{"valueType":"DOUBLE","timestamp":"1696779540","value":1.1547393798828125},{"valueType":"DOUBLE","timestamp":"1696779480","value":1.1552886962890625},{"valueType":"DOUBLE","timestamp":"1696779420","value":1.1547698974609375},{"valueType":"DOUBLE","timestamp":"1696779360","value":1.1547698974609375},{"valueType":"DOUBLE","timestamp":"1696779300","value":1.1548004150390625},{"valueType":"DOUBLE","timestamp":"1696779240","value":1.1547393798828125},{"valueType":"DOUBLE","timestamp":"1696779180","value":1.1547393798828125},{"valueType":"DOUBLE","timestamp":"1696779120","value":1.15472412109375},{"valueType":"DOUBLE","timestamp":"1696779060","value":1.1548614501953125},{"valueType":"DOUBLE","timestamp":"1696779000","value":1.15472412109375},{"valueType":"DOUBLE","timestamp":"1696778940","value":1.154693603515625},{"valueType":"DOUBLE","timestamp":"1696778880","value":1.154693603515625},{"valueType":"DOUBLE","timestamp":"1696778820","value":1.155914306640625},{"valueType":"DOUBLE","timestamp":"1696778760","value":1.154998779296875},{"valueType":"DOUBLE","timestamp":"1696778700","value":1.1547088623046875},{"valueType":"DOUBLE","timestamp":"1696778640","value":1.154693603515625},{"valueType":"DOUBLE","timestamp":"1696778580","value":1.1546783447265625},{"valueType":"DOUBLE","timestamp":"1696778520","value":1.154937744140625},{"valueType":"DOUBLE","timestamp":"1696778460","value":1.15496826171875},{"valueType":"DOUBLE","timestamp":"1696778400","value":1.15521240234375},{"valueType":"DOUBLE","timestamp":"1696778340","value":1.154693603515625},{"valueType":"DOUBLE","timestamp":"1696778280","value":1.1546630859375},{"valueType":"DOUBLE","timestamp":"1696778220","value":1.1542510986328125},{"valueType":"DOUBLE","timestamp":"1696778160","value":1.154693603515625},{"valueType":"DOUBLE","timestamp":"1696778100","value":1.1546783447265625},{"valueType":"DOUBLE","timestamp":"1696778040","value":1.1547088623046875},{"valueType":"DOUBLE","timestamp":"1696777980","value":1.1546783447265625},{"valueType":"DOUBLE","timestamp":"1696777920","value":1.1546630859375},{"valueType":"DOUBLE","timestamp":"1696777860","value":1.1546783447265625},{"valueType":"DOUBLE","timestamp":"1696777800","value":1.154693603515625},{"valueType":"DOUBLE","timestamp":"1696777740","value":1.155181884765625},{"valueType":"DOUBLE","timestamp":"1696777680","value":1.1546630859375},{"valueType":"DOUBLE","timestamp":"1696777620","value":1.1546478271484375},{"valueType":"DOUBLE","timestamp":"1696777560","value":1.1546630859375},{"valueType":"DOUBLE","timestamp":"1696777500","value":1.1546478271484375},{"valueType":"DOUBLE","timestamp":"1696777440","value":1.1546783447265625},{"valueType":"DOUBLE","timestamp":"1696777380","value":1.1546630859375},{"valueType":"DOUBLE","timestamp":"1696777320","value":1.1546173095703125},{"valueType":"DOUBLE","timestamp":"1696777260","value":1.15460205078125},{"valueType":"DOUBLE","timestamp":"1696777200","value":1.154632568359375},{"valueType":"DOUBLE","timestamp":"1696777140","value":1.15460205078125},{"valueType":"DOUBLE","timestamp":"1696777080","value":1.1549224853515625},{"valueType":"DOUBLE","timestamp":"1696777020","value":1.1549072265625},{"valueType":"DOUBLE","timestamp":"1696776960","value":1.1557769775390625},{"valueType":"DOUBLE","timestamp":"1696776900","value":1.15484619140625},{"valueType":"DOUBLE","timestamp":"1696776840","value":1.1547393798828125},{"valueType":"DOUBLE","timestamp":"1696776780","value":1.1544952392578125},{"valueType":"DOUBLE","timestamp":"1696776720","value":1.154510498046875},{"valueType":"DOUBLE","timestamp":"1696776660","value":1.154449462890625},{"valueType":"DOUBLE","timestamp":"1696776600","value":1.1544647216796875},{"valueType":"DOUBLE","timestamp":"1696776540","value":1.154449462890625},{"valueType":"DOUBLE","timestamp":"1696776480","value":1.154449462890625},{"valueType":"DOUBLE","timestamp":"1696776420","value":1.1544647216796875},{"valueType":"DOUBLE","timestamp":"1696776360","value":1.15447998046875},{"valueType":"DOUBLE","timestamp":"1696776300","value":1.1544952392578125},{"valueType":"DOUBLE","timestamp":"1696776240","value":1.15447998046875},{"valueType":"DOUBLE","timestamp":"1696776180","value":1.15447998046875},{"valueType":"DOUBLE","timestamp":"1696776120","value":1.1544647216796875},{"valueType":"DOUBLE","timestamp":"1696776060","value":1.154449462890625},{"valueType":"DOUBLE","timestamp":"1696776000","value":1.1544647216796875},{"valueType":"DOUBLE","timestamp":"1696775940","value":1.1544647216796875},{"valueType":"DOUBLE","timestamp":"1696775880","value":1.1544342041015625},{"valueType":"DOUBLE","timestamp":"1696775820","value":1.1549530029296875},{"valueType":"DOUBLE","timestamp":"1696775760","value":1.154449462890625},{"valueType":"DOUBLE","timestamp":"1696775700","value":1.154449462890625},{"valueType":"DOUBLE","timestamp":"1696775640","value":1.1544342041015625},{"valueType":"DOUBLE","timestamp":"1696775580","value":1.1544647216796875},{"valueType":"DOUBLE","timestamp":"1696775520","value":1.1544342041015625},{"valueType":"DOUBLE","timestamp":"1696775460","value":1.1544647216796875},{"valueType":"DOUBLE","timestamp":"1696775400","value":1.1544342041015625},{"valueType":"DOUBLE","timestamp":"1696775340","value":1.15447998046875},{"valueType":"DOUBLE","timestamp":"1696775280","value":1.15484619140625},{"valueType":"DOUBLE","timestamp":"1696775220","value":1.1547393798828125},{"valueType":"DOUBLE","timestamp":"1696775160","value":1.1544036865234375},{"valueType":"DOUBLE","timestamp":"1696775100","value":1.154388427734375},{"valueType":"DOUBLE","timestamp":"1696775040","value":1.154388427734375},{"valueType":"DOUBLE","timestamp":"1696774980","value":1.1547088623046875},{"valueType":"DOUBLE","timestamp":"1696774920","value":1.15472412109375},{"valueType":"DOUBLE","timestamp":"1696774860","value":1.154632568359375},{"valueType":"DOUBLE","timestamp":"1696774800","value":1.1548614501953125},{"valueType":"DOUBLE","timestamp":"1696774740","value":1.1544189453125},{"valueType":"DOUBLE","timestamp":"1696774680","value":1.1543426513671875},{"valueType":"DOUBLE","timestamp":"1696774620","value":1.1543426513671875},{"valueType":"DOUBLE","timestamp":"1696774560","value":1.15435791015625},{"valueType":"DOUBLE","timestamp":"1696774500","value":1.15435791015625},{"valueType":"DOUBLE","timestamp":"1696774440","value":1.15435791015625},{"valueType":"DOUBLE","timestamp":"1696774380","value":1.1544036865234375},{"valueType":"DOUBLE","timestamp":"1696774320","value":1.15435791015625},{"valueType":"DOUBLE","timestamp":"1696774260","value":1.1543121337890625},{"valueType":"DOUBLE","timestamp":"1696774200","value":1.1543426513671875},{"valueType":"DOUBLE","timestamp":"1696774140","value":1.154327392578125},{"valueType":"DOUBLE","timestamp":"1696774080","value":1.154388427734375},{"valueType":"DOUBLE","timestamp":"1696774020","value":1.154327392578125},{"valueType":"DOUBLE","timestamp":"1696773960","value":1.1543426513671875},{"valueType":"DOUBLE","timestamp":"1696773900","value":1.1543426513671875},{"valueType":"DOUBLE","timestamp":"1696773840","value":1.15435791015625},{"valueType":"DOUBLE","timestamp":"1696773780","value":1.154327392578125},{"valueType":"DOUBLE","timestamp":"1696773720","value":1.154327392578125},{"valueType":"DOUBLE","timestamp":"1696773660","value":1.154388427734375},{"valueType":"DOUBLE","timestamp":"1696773600","value":1.1543426513671875},{"valueType":"DOUBLE","timestamp":"1696773540","value":1.1544342041015625},{"valueType":"DOUBLE","timestamp":"1696773480","value":1.15435791015625},{"valueType":"DOUBLE","timestamp":"1696773420","value":1.154296875},{"valueType":"DOUBLE","timestamp":"1696773360","value":1.1545867919921875},{"valueType":"DOUBLE","timestamp":"1696773300","value":1.1546478271484375},{"valueType":"DOUBLE","timestamp":"1696773240","value":1.1546173095703125},{"valueType":"DOUBLE","timestamp":"1696773180","value":1.1547393798828125},{"valueType":"DOUBLE","timestamp":"1696773120","value":1.1543121337890625},{"valueType":"DOUBLE","timestamp":"1696773060","value":1.1542510986328125},{"valueType":"DOUBLE","timestamp":"1696773000","value":1.1542205810546875},{"valueType":"DOUBLE","timestamp":"1696772940","value":1.1542205810546875},{"valueType":"DOUBLE","timestamp":"1696772880","value":1.15423583984375},{"valueType":"DOUBLE","timestamp":"1696772820","value":1.1544342041015625},{"valueType":"DOUBLE","timestamp":"1696772760","value":1.1542205810546875},{"valueType":"DOUBLE","timestamp":"1696772700","value":1.1542205810546875},{"valueType":"DOUBLE","timestamp":"1696772640","value":1.154266357421875},{"valueType":"DOUBLE","timestamp":"1696772580","value":1.154205322265625},{"valueType":"DOUBLE","timestamp":"1696772520","value":1.154205322265625},{"valueType":"DOUBLE","timestamp":"1696772460","value":1.1542205810546875},{"valueType":"DOUBLE","timestamp":"1696772400","value":1.154998779296875},{"valueType":"DOUBLE","timestamp":"1696772340","value":1.1544952392578125},{"valueType":"DOUBLE","timestamp":"1696772280","value":1.1544952392578125},{"valueType":"DOUBLE","timestamp":"1696772220","value":1.1544952392578125},{"valueType":"DOUBLE","timestamp":"1696772160","value":1.154510498046875},{"valueType":"DOUBLE","timestamp":"1696772100","value":1.154510498046875},{"valueType":"DOUBLE","timestamp":"1696772040","value":1.154266357421875},{"valueType":"DOUBLE","timestamp":"1696771980","value":1.15423583984375},{"valueType":"DOUBLE","timestamp":"1696771920","value":1.1543121337890625},{"valueType":"DOUBLE","timestamp":"1696771860","value":1.154266357421875},{"valueType":"DOUBLE","timestamp":"1696771800","value":1.1542510986328125},{"valueType":"DOUBLE","timestamp":"1696771740","value":1.1542510986328125},{"valueType":"DOUBLE","timestamp":"1696771680","value":1.1547698974609375},{"valueType":"DOUBLE","timestamp":"1696771620","value":1.154266357421875},{"valueType":"DOUBLE","timestamp":"1696771560","value":1.15423583984375},{"valueType":"DOUBLE","timestamp":"1696771500","value":1.15423583984375},{"valueType":"DOUBLE","timestamp":"1696771440","value":1.15423583984375},{"valueType":"DOUBLE","timestamp":"1696771380","value":1.15423583984375},{"valueType":"DOUBLE","timestamp":"1696771320","value":1.154632568359375},{"valueType":"DOUBLE","timestamp":"1696771260","value":1.15447998046875},{"valueType":"DOUBLE","timestamp":"1696771200","value":1.1541595458984375},{"valueType":"DOUBLE","timestamp":"1696771140","value":1.1542205810546875},{"valueType":"DOUBLE","timestamp":"1696771080","value":1.1541595458984375},{"valueType":"DOUBLE","timestamp":"1696771020","value":1.1541748046875},{"valueType":"DOUBLE","timestamp":"1696770960","value":1.1542205810546875},{"valueType":"DOUBLE","timestamp":"1696770900","value":1.1541748046875},{"valueType":"DOUBLE","timestamp":"1696770840","value":1.1541748046875},{"valueType":"DOUBLE","timestamp":"1696770780","value":1.1541748046875},{"valueType":"DOUBLE","timestamp":"1696770720","value":1.1541748046875},{"valueType":"DOUBLE","timestamp":"1696770660","value":1.1541900634765625},{"valueType":"DOUBLE","timestamp":"1696770600","value":1.1541748046875},{"valueType":"DOUBLE","timestamp":"1696770540","value":1.154052734375},{"valueType":"DOUBLE","timestamp":"1696770480","value":1.1540679931640625},{"valueType":"DOUBLE","timestamp":"1696770420","value":1.154205322265625},{"valueType":"DOUBLE","timestamp":"1696770360","value":1.1543121337890625},{"valueType":"DOUBLE","timestamp":"1696770300","value":1.1543731689453125},{"valueType":"DOUBLE","timestamp":"1696770240","value":1.1542510986328125},{"valueType":"DOUBLE","timestamp":"1696770180","value":1.1547698974609375},{"valueType":"DOUBLE","timestamp":"1696770120","value":1.1539764404296875},{"valueType":"DOUBLE","timestamp":"1696770060","value":1.1548004150390625},{"valueType":"DOUBLE","timestamp":"1696770000","value":1.1539459228515625},{"valueType":"DOUBLE","timestamp":"1696769940","value":1.1547698974609375},{"valueType":"DOUBLE","timestamp":"1696769880","value":1.153900146484375},{"valueType":"DOUBLE","timestamp":"1696769820","value":1.153900146484375},{"valueType":"DOUBLE","timestamp":"1696769760","value":1.153900146484375},{"valueType":"DOUBLE","timestamp":"1696769700","value":1.1538848876953125},{"valueType":"DOUBLE","timestamp":"1696769640","value":1.154205322265625},{"valueType":"DOUBLE","timestamp":"1696769580","value":1.1546630859375},{"valueType":"DOUBLE","timestamp":"1696769520","value":1.1541748046875},{"valueType":"DOUBLE","timestamp":"1696769460","value":1.154083251953125},{"valueType":"DOUBLE","timestamp":"1696769400","value":1.15362548828125},{"valueType":"DOUBLE","timestamp":"1696769340","value":1.15386962890625},{"valueType":"DOUBLE","timestamp":"1696769280","value":1.153900146484375},{"valueType":"DOUBLE","timestamp":"1696769220","value":1.1539154052734375},{"valueType":"DOUBLE","timestamp":"1696769160","value":1.1539154052734375},{"valueType":"DOUBLE","timestamp":"1696769100","value":1.1538848876953125},{"valueType":"DOUBLE","timestamp":"1696769040","value":1.1539154052734375},{"valueType":"DOUBLE","timestamp":"1696768980","value":1.153839111328125},{"valueType":"DOUBLE","timestamp":"1696768920","value":1.1538543701171875},{"valueType":"DOUBLE","timestamp":"1696768860","value":1.15386962890625},{"valueType":"DOUBLE","timestamp":"1696768800","value":1.15380859375},{"valueType":"DOUBLE","timestamp":"1696768740","value":1.15399169921875},{"valueType":"DOUBLE","timestamp":"1696768680","value":1.15380859375},{"valueType":"DOUBLE","timestamp":"1696768620","value":1.15411376953125},{"valueType":"DOUBLE","timestamp":"1696768560","value":1.15411376953125}]}