{"podName":"ledgerwriter-f6cc7889d-rczj4","containerName":"ledgerwriter","nodeName":null,"metricType":"kubernetes.io/container/restart_count","metrics":[{"valueType":"INT64","timestamp":"1696684518","value":"0"},{"valueType":"INT64","timestamp":"1696684458","value":"0"},{"valueType":"INT64","timestamp":"1696684398","value":"0"},{"valueType":"INT64","timestamp":"1696684338","value":"0"},{"valueType":"INT64","timestamp":"1696684278","value":"0"},{"valueType":"INT64","timestamp":"1696684218","value":"0"},{"valueType":"INT64","timestamp":"1696684158","value":"0"},{"valueType":"INT64","timestamp":"1696684098","value":"0"},{"valueType":"INT64","timestamp":"1696684038","value":"0"},{"valueType":"INT64","timestamp":"1696683978","value":"0"},{"valueType":"INT64","timestamp":"1696683918","value":"0"},{"valueType":"INT64","timestamp":"1696683858","value":"0"},{"valueType":"INT64","timestamp":"1696683798","value":"0"},{"valueType":"INT64","timestamp":"1696683738","value":"0"},{"valueType":"INT64","timestamp":"1696683678","value":"0"},{"valueType":"INT64","timestamp":"1696683618","value":"0"},{"valueType":"INT64","timestamp":"1696683558","value":"0"},{"valueType":"INT64","timestamp":"1696683498","value":"0"},{"valueType":"INT64","timestamp":"1696683438","value":"0"},{"valueType":"INT64","timestamp":"1696683378","value":"0"},{"valueType":"INT64","timestamp":"1696683318","value":"0"},{"valueType":"INT64","timestamp":"1696683258","value":"0"},{"valueType":"INT64","timestamp":"1696683198","value":"0"},{"valueType":"INT64","timestamp":"1696683138","value":"0"},{"valueType":"INT64","timestamp":"1696683078","value":"0"},{"valueType":"INT64","timestamp":"1696683018","value":"0"},{"valueType":"INT64","timestamp":"1696682958","value":"0"},{"valueType":"INT64","timestamp":"1696682898","value":"0"},{"valueType":"INT64","timestamp":"1696682838","value":"0"},{"valueType":"INT64","timestamp":"1696682778","value":"0"},{"valueType":"INT64","timestamp":"1696682718","value":"0"},{"valueType":"INT64","timestamp":"1696682658","value":"0"},{"valueType":"INT64","timestamp":"1696682598","value":"0"},{"valueType":"INT64","timestamp":"1696682538","value":"0"},{"valueType":"INT64","timestamp":"1696682478","value":"0"},{"valueType":"INT64","timestamp":"1696682418","value":"0"},{"valueType":"INT64","timestamp":"1696682358","value":"0"},{"valueType":"INT64","timestamp":"1696682298","value":"0"},{"valueType":"INT64","timestamp":"1696682238","value":"0"},{"valueType":"INT64","timestamp":"1696682178","value":"0"},{"valueType":"INT64","timestamp":"1696682118","value":"0"},{"valueType":"INT64","timestamp":"1696682058","value":"0"},{"valueType":"INT64","timestamp":"1696681998","value":"0"},{"valueType":"INT64","timestamp":"1696681938","value":"0"},{"valueType":"INT64","timestamp":"1696681878","value":"0"},{"valueType":"INT64","timestamp":"1696681818","value":"0"},{"valueType":"INT64","timestamp":"1696681758","value":"0"},{"valueType":"INT64","timestamp":"1696681698","value":"0"},{"valueType":"INT64","timestamp":"1696681638","value":"0"},{"valueType":"INT64","timestamp":"1696681578","value":"0"},{"valueType":"INT64","timestamp":"1696681518","value":"0"},{"valueType":"INT64","timestamp":"1696681458","value":"0"},{"valueType":"INT64","timestamp":"1696681398","value":"0"},{"valueType":"INT64","timestamp":"1696681338","value":"0"},{"valueType":"INT64","timestamp":"1696681278","value":"0"},{"valueType":"INT64","timestamp":"1696681218","value":"0"},{"valueType":"INT64","timestamp":"1696681158","value":"0"},{"valueType":"INT64","timestamp":"1696681098","value":"0"},{"valueType":"INT64","timestamp":"1696681038","value":"0"},{"valueType":"INT64","timestamp":"1696680978","value":"0"},{"valueType":"INT64","timestamp":"1696680918","value":"0"},{"valueType":"INT64","timestamp":"1696680858","value":"0"},{"valueType":"INT64","timestamp":"1696680798","value":"0"},{"valueType":"INT64","timestamp":"1696680738","value":"0"},{"valueType":"INT64","timestamp":"1696680678","value":"0"},{"valueType":"INT64","timestamp":"1696680618","value":"0"},{"valueType":"INT64","timestamp":"1696680558","value":"0"},{"valueType":"INT64","timestamp":"1696680498","value":"0"},{"valueType":"INT64","timestamp":"1696680438","value":"0"},{"valueType":"INT64","timestamp":"1696680378","value":"0"},{"valueType":"INT64","timestamp":"1696680318","value":"0"},{"valueType":"INT64","timestamp":"1696680258","value":"0"},{"valueType":"INT64","timestamp":"1696680198","value":"0"},{"valueType":"INT64","timestamp":"1696680138","value":"0"},{"valueType":"INT64","timestamp":"1696680078","value":"0"},{"valueType":"INT64","timestamp":"1696680018","value":"0"},{"valueType":"INT64","timestamp":"1696679958","value":"0"},{"valueType":"INT64","timestamp":"1696679898","value":"0"},{"valueType":"INT64","timestamp":"1696679838","value":"0"},{"valueType":"INT64","timestamp":"1696679778","value":"0"},{"valueType":"INT64","timestamp":"1696679718","value":"0"},{"valueType":"INT64","timestamp":"1696679658","value":"0"},{"valueType":"INT64","timestamp":"1696679598","value":"0"},{"valueType":"INT64","timestamp":"1696679538","value":"0"},{"valueType":"INT64","timestamp":"1696679478","value":"0"},{"valueType":"INT64","timestamp":"1696679418","value":"0"},{"valueType":"INT64","timestamp":"1696679358","value":"0"},{"valueType":"INT64","timestamp":"1696679298","value":"0"},{"valueType":"INT64","timestamp":"1696679238","value":"0"},{"valueType":"INT64","timestamp":"1696679178","value":"0"},{"valueType":"INT64","timestamp":"1696679118","value":"0"},{"valueType":"INT64","timestamp":"1696679058","value":"0"},{"valueType":"INT64","timestamp":"1696678998","value":"0"},{"valueType":"INT64","timestamp":"1696678938","value":"0"},{"valueType":"INT64","timestamp":"1696678878","value":"0"},{"valueType":"INT64","timestamp":"1696678818","value":"0"},{"valueType":"INT64","timestamp":"1696678758","value":"0"},{"valueType":"INT64","timestamp":"1696678698","value":"0"},{"valueType":"INT64","timestamp":"1696678638","value":"0"},{"valueType":"INT64","timestamp":"1696678578","value":"0"},{"valueType":"INT64","timestamp":"1696678518","value":"0"},{"valueType":"INT64","timestamp":"1696678458","value":"0"},{"valueType":"INT64","timestamp":"1696678398","value":"0"},{"valueType":"INT64","timestamp":"1696678338","value":"0"},{"valueType":"INT64","timestamp":"1696678278","value":"0"},{"valueType":"INT64","timestamp":"1696678218","value":"0"},{"valueType":"INT64","timestamp":"1696678158","value":"0"},{"valueType":"INT64","timestamp":"1696678098","value":"0"},{"valueType":"INT64","timestamp":"1696678038","value":"0"},{"valueType":"INT64","timestamp":"1696677978","value":"0"},{"valueType":"INT64","timestamp":"1696677918","value":"0"},{"valueType":"INT64","timestamp":"1696677858","value":"0"},{"valueType":"INT64","timestamp":"1696677798","value":"0"},{"valueType":"INT64","timestamp":"1696677738","value":"0"},{"valueType":"INT64","timestamp":"1696677678","value":"0"},{"valueType":"INT64","timestamp":"1696677618","value":"0"},{"valueType":"INT64","timestamp":"1696677558","value":"0"},{"valueType":"INT64","timestamp":"1696677498","value":"0"},{"valueType":"INT64","timestamp":"1696677438","value":"0"},{"valueType":"INT64","timestamp":"1696677378","value":"0"},{"valueType":"INT64","timestamp":"1696677318","value":"0"},{"valueType":"INT64","timestamp":"1696677258","value":"0"},{"valueType":"INT64","timestamp":"1696677198","value":"0"},{"valueType":"INT64","timestamp":"1696677138","value":"0"},{"valueType":"INT64","timestamp":"1696677078","value":"0"},{"valueType":"INT64","timestamp":"1696677018","value":"0"},{"valueType":"INT64","timestamp":"1696676958","value":"0"},{"valueType":"INT64","timestamp":"1696676898","value":"0"},{"valueType":"INT64","timestamp":"1696676838","value":"0"},{"valueType":"INT64","timestamp":"1696676778","value":"0"},{"valueType":"INT64","timestamp":"1696676718","value":"0"},{"valueType":"INT64","timestamp":"1696676658","value":"0"},{"valueType":"INT64","timestamp":"1696676598","value":"0"},{"valueType":"INT64","timestamp":"1696676538","value":"0"},{"valueType":"INT64","timestamp":"1696676478","value":"0"},{"valueType":"INT64","timestamp":"1696676418","value":"0"},{"valueType":"INT64","timestamp":"1696676358","value":"0"},{"valueType":"INT64","timestamp":"1696676298","value":"0"},{"valueType":"INT64","timestamp":"1696676238","value":"0"},{"valueType":"INT64","timestamp":"1696676178","value":"0"},{"valueType":"INT64","timestamp":"1696676118","value":"0"},{"valueType":"INT64","timestamp":"1696676058","value":"0"},{"valueType":"INT64","timestamp":"1696675998","value":"0"},{"valueType":"INT64","timestamp":"1696675938","value":"0"},{"valueType":"INT64","timestamp":"1696675878","value":"0"},{"valueType":"INT64","timestamp":"1696675818","value":"0"},{"valueType":"INT64","timestamp":"1696675758","value":"0"},{"valueType":"INT64","timestamp":"1696675698","value":"0"},{"valueType":"INT64","timestamp":"1696675638","value":"0"},{"valueType":"INT64","timestamp":"1696675578","value":"0"},{"valueType":"INT64","timestamp":"1696675518","value":"0"},{"valueType":"INT64","timestamp":"1696675458","value":"0"},{"valueType":"INT64","timestamp":"1696675398","value":"0"},{"valueType":"INT64","timestamp":"1696675338","value":"0"},{"valueType":"INT64","timestamp":"1696675278","value":"0"},{"valueType":"INT64","timestamp":"1696675218","value":"0"},{"valueType":"INT64","timestamp":"1696675158","value":"0"},{"valueType":"INT64","timestamp":"1696675098","value":"0"},{"valueType":"INT64","timestamp":"1696675038","value":"0"},{"valueType":"INT64","timestamp":"1696674978","value":"0"},{"valueType":"INT64","timestamp":"1696674918","value":"0"},{"valueType":"INT64","timestamp":"1696674858","value":"0"},{"valueType":"INT64","timestamp":"1696674798","value":"0"},{"valueType":"INT64","timestamp":"1696674738","value":"0"},{"valueType":"INT64","timestamp":"1696674678","value":"0"},{"valueType":"INT64","timestamp":"1696674618","value":"0"},{"valueType":"INT64","timestamp":"1696674558","value":"0"},{"valueType":"INT64","timestamp":"1696674498","value":"0"},{"valueType":"INT64","timestamp":"1696674438","value":"0"},{"valueType":"INT64","timestamp":"1696674378","value":"0"},{"valueType":"INT64","timestamp":"1696674318","value":"0"},{"valueType":"INT64","timestamp":"1696674258","value":"0"},{"valueType":"INT64","timestamp":"1696674198","value":"0"},{"valueType":"INT64","timestamp":"1696674138","value":"0"},{"valueType":"INT64","timestamp":"1696674078","value":"0"},{"valueType":"INT64","timestamp":"1696674018","value":"0"},{"valueType":"INT64","timestamp":"1696673958","value":"0"},{"valueType":"INT64","timestamp":"1696673898","value":"0"},{"valueType":"INT64","timestamp":"1696673838","value":"0"},{"valueType":"INT64","timestamp":"1696673778","value":"0"},{"valueType":"INT64","timestamp":"1696673718","value":"0"},{"valueType":"INT64","timestamp":"1696673658","value":"0"},{"valueType":"INT64","timestamp":"1696673598","value":"0"},{"valueType":"INT64","timestamp":"1696673538","value":"0"},{"valueType":"INT64","timestamp":"1696673478","value":"0"},{"valueType":"INT64","timestamp":"1696673418","value":"0"},{"valueType":"INT64","timestamp":"1696673358","value":"0"},{"valueType":"INT64","timestamp":"1696673298","value":"0"},{"valueType":"INT64","timestamp":"1696673238","value":"0"},{"valueType":"INT64","timestamp":"1696673178","value":"0"},{"valueType":"INT64","timestamp":"1696673118","value":"0"},{"valueType":"INT64","timestamp":"1696673058","value":"0"},{"valueType":"INT64","timestamp":"1696672998","value":"0"},{"valueType":"INT64","timestamp":"1696672938","value":"0"},{"valueType":"INT64","timestamp":"1696672878","value":"0"},{"valueType":"INT64","timestamp":"1696672818","value":"0"},{"valueType":"INT64","timestamp":"1696672758","value":"0"},{"valueType":"INT64","timestamp":"1696672698","value":"0"},{"valueType":"INT64","timestamp":"1696672638","value":"0"},{"valueType":"INT64","timestamp":"1696672578","value":"0"},{"valueType":"INT64","timestamp":"1696672518","value":"0"},{"valueType":"INT64","timestamp":"1696672458","value":"0"},{"valueType":"INT64","timestamp":"1696672398","value":"0"},{"valueType":"INT64","timestamp":"1696672338","value":"0"},{"valueType":"INT64","timestamp":"1696672278","value":"0"},{"valueType":"INT64","timestamp":"1696672218","value":"0"},{"valueType":"INT64","timestamp":"1696672158","value":"0"},{"valueType":"INT64","timestamp":"1696672098","value":"0"},{"valueType":"INT64","timestamp":"1696672038","value":"0"},{"valueType":"INT64","timestamp":"1696671978","value":"0"},{"valueType":"INT64","timestamp":"1696671918","value":"0"},{"valueType":"INT64","timestamp":"1696671858","value":"0"},{"valueType":"INT64","timestamp":"1696671798","value":"0"},{"valueType":"INT64","timestamp":"1696671738","value":"0"},{"valueType":"INT64","timestamp":"1696671678","value":"0"},{"valueType":"INT64","timestamp":"1696671618","value":"0"},{"valueType":"INT64","timestamp":"1696671558","value":"0"},{"valueType":"INT64","timestamp":"1696671498","value":"0"},{"valueType":"INT64","timestamp":"1696671438","value":"0"},{"valueType":"INT64","timestamp":"1696671378","value":"0"},{"valueType":"INT64","timestamp":"1696671318","value":"0"},{"valueType":"INT64","timestamp":"1696671258","value":"0"},{"valueType":"INT64","timestamp":"1696671198","value":"0"},{"valueType":"INT64","timestamp":"1696671138","value":"0"},{"valueType":"INT64","timestamp":"1696671078","value":"0"},{"valueType":"INT64","timestamp":"1696671018","value":"0"},{"valueType":"INT64","timestamp":"1696670958","value":"0"},{"valueType":"INT64","timestamp":"1696670898","value":"0"},{"valueType":"INT64","timestamp":"1696670838","value":"0"},{"valueType":"INT64","timestamp":"1696670778","value":"0"},{"valueType":"INT64","timestamp":"1696670718","value":"0"},{"valueType":"INT64","timestamp":"1696670658","value":"0"},{"valueType":"INT64","timestamp":"1696670598","value":"0"},{"valueType":"INT64","timestamp":"1696670538","value":"0"},{"valueType":"INT64","timestamp":"1696670478","value":"0"},{"valueType":"INT64","timestamp":"1696670418","value":"0"},{"valueType":"INT64","timestamp":"1696670358","value":"0"},{"valueType":"INT64","timestamp":"1696670298","value":"0"},{"valueType":"INT64","timestamp":"1696670238","value":"0"},{"valueType":"INT64","timestamp":"1696670178","value":"0"},{"valueType":"INT64","timestamp":"1696670118","value":"0"},{"valueType":"INT64","timestamp":"1696670058","value":"0"},{"valueType":"INT64","timestamp":"1696669998","value":"0"},{"valueType":"INT64","timestamp":"1696669938","value":"0"},{"valueType":"INT64","timestamp":"1696669878","value":"0"},{"valueType":"INT64","timestamp":"1696669818","value":"0"},{"valueType":"INT64","timestamp":"1696669758","value":"0"},{"valueType":"INT64","timestamp":"1696669698","value":"0"},{"valueType":"INT64","timestamp":"1696669638","value":"0"},{"valueType":"INT64","timestamp":"1696669578","value":"0"},{"valueType":"INT64","timestamp":"1696669518","value":"0"},{"valueType":"INT64","timestamp":"1696669458","value":"0"},{"valueType":"INT64","timestamp":"1696669398","value":"0"},{"valueType":"INT64","timestamp":"1696669338","value":"0"},{"valueType":"INT64","timestamp":"1696669278","value":"0"},{"valueType":"INT64","timestamp":"1696669218","value":"0"},{"valueType":"INT64","timestamp":"1696669158","value":"0"},{"valueType":"INT64","timestamp":"1696669098","value":"0"},{"valueType":"INT64","timestamp":"1696669038","value":"0"},{"valueType":"INT64","timestamp":"1696668978","value":"0"},{"valueType":"INT64","timestamp":"1696668918","value":"0"},{"valueType":"INT64","timestamp":"1696668858","value":"0"},{"valueType":"INT64","timestamp":"1696668798","value":"0"},{"valueType":"INT64","timestamp":"1696668738","value":"0"},{"valueType":"INT64","timestamp":"1696668678","value":"0"},{"valueType":"INT64","timestamp":"1696668618","value":"0"},{"valueType":"INT64","timestamp":"1696668558","value":"0"},{"valueType":"INT64","timestamp":"1696668498","value":"0"},{"valueType":"INT64","timestamp":"1696668438","value":"0"},{"valueType":"INT64","timestamp":"1696668378","value":"0"},{"valueType":"INT64","timestamp":"1696668318","value":"0"},{"valueType":"INT64","timestamp":"1696668258","value":"0"},{"valueType":"INT64","timestamp":"1696668198","value":"0"},{"valueType":"INT64","timestamp":"1696668138","value":"0"},{"valueType":"INT64","timestamp":"1696668078","value":"0"},{"valueType":"INT64","timestamp":"1696668018","value":"0"},{"valueType":"INT64","timestamp":"1696667958","value":"0"},{"valueType":"INT64","timestamp":"1696667898","value":"0"},{"valueType":"INT64","timestamp":"1696667838","value":"0"},{"valueType":"INT64","timestamp":"1696667778","value":"0"},{"valueType":"INT64","timestamp":"1696667718","value":"0"},{"valueType":"INT64","timestamp":"1696667658","value":"0"},{"valueType":"INT64","timestamp":"1696667598","value":"0"},{"valueType":"INT64","timestamp":"1696667538","value":"0"},{"valueType":"INT64","timestamp":"1696667478","value":"0"},{"valueType":"INT64","timestamp":"1696667418","value":"0"},{"valueType":"INT64","timestamp":"1696667358","value":"0"},{"valueType":"INT64","timestamp":"1696667298","value":"0"},{"valueType":"INT64","timestamp":"1696667238","value":"0"},{"valueType":"INT64","timestamp":"1696667178","value":"0"},{"valueType":"INT64","timestamp":"1696667118","value":"0"},{"valueType":"INT64","timestamp":"1696667058","value":"0"},{"valueType":"INT64","timestamp":"1696666998","value":"0"},{"valueType":"INT64","timestamp":"1696666938","value":"0"},{"valueType":"INT64","timestamp":"1696666878","value":"0"},{"valueType":"INT64","timestamp":"1696666818","value":"0"},{"valueType":"INT64","timestamp":"1696666758","value":"0"},{"valueType":"INT64","timestamp":"1696666698","value":"0"},{"valueType":"INT64","timestamp":"1696666638","value":"0"},{"valueType":"INT64","timestamp":"1696666578","value":"0"},{"valueType":"INT64","timestamp":"1696666518","value":"0"},{"valueType":"INT64","timestamp":"1696666458","value":"0"},{"valueType":"INT64","timestamp":"1696666398","value":"0"},{"valueType":"INT64","timestamp":"1696666338","value":"0"},{"valueType":"INT64","timestamp":"1696666278","value":"0"},{"valueType":"INT64","timestamp":"1696666218","value":"0"},{"valueType":"INT64","timestamp":"1696666158","value":"0"},{"valueType":"INT64","timestamp":"1696666098","value":"0"},{"valueType":"INT64","timestamp":"1696666038","value":"0"},{"valueType":"INT64","timestamp":"1696665978","value":"0"},{"valueType":"INT64","timestamp":"1696665918","value":"0"},{"valueType":"INT64","timestamp":"1696665858","value":"0"},{"valueType":"INT64","timestamp":"1696665798","value":"0"},{"valueType":"INT64","timestamp":"1696665738","value":"0"},{"valueType":"INT64","timestamp":"1696665678","value":"0"},{"valueType":"INT64","timestamp":"1696665618","value":"0"},{"valueType":"INT64","timestamp":"1696665558","value":"0"},{"valueType":"INT64","timestamp":"1696665498","value":"0"},{"valueType":"INT64","timestamp":"1696665438","value":"0"},{"valueType":"INT64","timestamp":"1696665378","value":"0"},{"valueType":"INT64","timestamp":"1696665318","value":"0"},{"valueType":"INT64","timestamp":"1696665258","value":"0"},{"valueType":"INT64","timestamp":"1696665198","value":"0"},{"valueType":"INT64","timestamp":"1696665138","value":"0"},{"valueType":"INT64","timestamp":"1696665078","value":"0"},{"valueType":"INT64","timestamp":"1696665018","value":"0"},{"valueType":"INT64","timestamp":"1696664958","value":"0"},{"valueType":"INT64","timestamp":"1696664898","value":"0"},{"valueType":"INT64","timestamp":"1696664838","value":"0"},{"valueType":"INT64","timestamp":"1696664778","value":"0"},{"valueType":"INT64","timestamp":"1696664718","value":"0"},{"valueType":"INT64","timestamp":"1696664658","value":"0"},{"valueType":"INT64","timestamp":"1696664598","value":"0"},{"valueType":"INT64","timestamp":"1696664538","value":"0"},{"valueType":"INT64","timestamp":"1696664478","value":"0"},{"valueType":"INT64","timestamp":"1696664418","value":"0"},{"valueType":"INT64","timestamp":"1696664358","value":"0"},{"valueType":"INT64","timestamp":"1696664298","value":"0"},{"valueType":"INT64","timestamp":"1696664238","value":"0"},{"valueType":"INT64","timestamp":"1696664178","value":"0"},{"valueType":"INT64","timestamp":"1696664118","value":"0"},{"valueType":"INT64","timestamp":"1696664058","value":"0"},{"valueType":"INT64","timestamp":"1696663998","value":"0"},{"valueType":"INT64","timestamp":"1696663938","value":"0"},{"valueType":"INT64","timestamp":"1696663878","value":"0"},{"valueType":"INT64","timestamp":"1696663818","value":"0"},{"valueType":"INT64","timestamp":"1696663758","value":"0"},{"valueType":"INT64","timestamp":"1696663698","value":"0"},{"valueType":"INT64","timestamp":"1696663638","value":"0"},{"valueType":"INT64","timestamp":"1696663578","value":"0"},{"valueType":"INT64","timestamp":"1696663518","value":"0"},{"valueType":"INT64","timestamp":"1696663458","value":"0"},{"valueType":"INT64","timestamp":"1696663398","value":"0"},{"valueType":"INT64","timestamp":"1696663338","value":"0"},{"valueType":"INT64","timestamp":"1696663278","value":"0"},{"valueType":"INT64","timestamp":"1696663218","value":"0"},{"valueType":"INT64","timestamp":"1696663158","value":"0"},{"valueType":"INT64","timestamp":"1696663098","value":"0"},{"valueType":"INT64","timestamp":"1696663038","value":"0"},{"valueType":"INT64","timestamp":"1696662978","value":"0"},{"valueType":"INT64","timestamp":"1696662918","value":"0"},{"valueType":"INT64","timestamp":"1696662858","value":"0"},{"valueType":"INT64","timestamp":"1696662798","value":"0"},{"valueType":"INT64","timestamp":"1696662738","value":"0"},{"valueType":"INT64","timestamp":"1696662678","value":"0"},{"valueType":"INT64","timestamp":"1696662618","value":"0"},{"valueType":"INT64","timestamp":"1696662558","value":"0"},{"valueType":"INT64","timestamp":"1696662498","value":"0"},{"valueType":"INT64","timestamp":"1696662438","value":"0"},{"valueType":"INT64","timestamp":"1696662378","value":"0"},{"valueType":"INT64","timestamp":"1696662318","value":"0"},{"valueType":"INT64","timestamp":"1696662258","value":"0"},{"valueType":"INT64","timestamp":"1696662198","value":"0"},{"valueType":"INT64","timestamp":"1696662138","value":"0"},{"valueType":"INT64","timestamp":"1696662078","value":"0"},{"valueType":"INT64","timestamp":"1696662018","value":"0"},{"valueType":"INT64","timestamp":"1696661958","value":"0"},{"valueType":"INT64","timestamp":"1696661898","value":"0"},{"valueType":"INT64","timestamp":"1696661838","value":"0"},{"valueType":"INT64","timestamp":"1696661778","value":"0"},{"valueType":"INT64","timestamp":"1696661718","value":"0"},{"valueType":"INT64","timestamp":"1696661658","value":"0"},{"valueType":"INT64","timestamp":"1696661598","value":"0"},{"valueType":"INT64","timestamp":"1696661538","value":"0"},{"valueType":"INT64","timestamp":"1696661478","value":"0"},{"valueType":"INT64","timestamp":"1696661418","value":"0"},{"valueType":"INT64","timestamp":"1696661358","value":"0"},{"valueType":"INT64","timestamp":"1696661298","value":"0"},{"valueType":"INT64","timestamp":"1696661238","value":"0"},{"valueType":"INT64","timestamp":"1696661178","value":"0"},{"valueType":"INT64","timestamp":"1696661118","value":"0"},{"valueType":"INT64","timestamp":"1696661058","value":"0"},{"valueType":"INT64","timestamp":"1696660998","value":"0"},{"valueType":"INT64","timestamp":"1696660938","value":"0"},{"valueType":"INT64","timestamp":"1696660878","value":"0"},{"valueType":"INT64","timestamp":"1696660818","value":"0"},{"valueType":"INT64","timestamp":"1696660758","value":"0"},{"valueType":"INT64","timestamp":"1696660698","value":"0"},{"valueType":"INT64","timestamp":"1696660638","value":"0"},{"valueType":"INT64","timestamp":"1696660578","value":"0"},{"valueType":"INT64","timestamp":"1696660518","value":"0"},{"valueType":"INT64","timestamp":"1696660458","value":"0"},{"valueType":"INT64","timestamp":"1696660398","value":"0"},{"valueType":"INT64","timestamp":"1696660338","value":"0"},{"valueType":"INT64","timestamp":"1696660278","value":"0"},{"valueType":"INT64","timestamp":"1696660218","value":"0"},{"valueType":"INT64","timestamp":"1696660158","value":"0"},{"valueType":"INT64","timestamp":"1696660098","value":"0"},{"valueType":"INT64","timestamp":"1696660038","value":"0"},{"valueType":"INT64","timestamp":"1696659978","value":"0"},{"valueType":"INT64","timestamp":"1696659918","value":"0"},{"valueType":"INT64","timestamp":"1696659858","value":"0"},{"valueType":"INT64","timestamp":"1696659798","value":"0"},{"valueType":"INT64","timestamp":"1696659738","value":"0"},{"valueType":"INT64","timestamp":"1696659678","value":"0"},{"valueType":"INT64","timestamp":"1696659618","value":"0"},{"valueType":"INT64","timestamp":"1696659558","value":"0"},{"valueType":"INT64","timestamp":"1696659498","value":"0"},{"valueType":"INT64","timestamp":"1696659438","value":"0"},{"valueType":"INT64","timestamp":"1696659378","value":"0"},{"valueType":"INT64","timestamp":"1696659318","value":"0"},{"valueType":"INT64","timestamp":"1696659258","value":"0"},{"valueType":"INT64","timestamp":"1696659198","value":"0"},{"valueType":"INT64","timestamp":"1696659138","value":"0"},{"valueType":"INT64","timestamp":"1696659078","value":"0"},{"valueType":"INT64","timestamp":"1696659018","value":"0"},{"valueType":"INT64","timestamp":"1696658958","value":"0"},{"valueType":"INT64","timestamp":"1696658898","value":"0"},{"valueType":"INT64","timestamp":"1696658838","value":"0"},{"valueType":"INT64","timestamp":"1696658778","value":"0"},{"valueType":"INT64","timestamp":"1696658718","value":"0"},{"valueType":"INT64","timestamp":"1696658658","value":"0"},{"valueType":"INT64","timestamp":"1696658598","value":"0"},{"valueType":"INT64","timestamp":"1696658538","value":"0"},{"valueType":"INT64","timestamp":"1696658478","value":"0"},{"valueType":"INT64","timestamp":"1696658418","value":"0"},{"valueType":"INT64","timestamp":"1696658358","value":"0"},{"valueType":"INT64","timestamp":"1696658298","value":"0"},{"valueType":"INT64","timestamp":"1696658238","value":"0"},{"valueType":"INT64","timestamp":"1696658178","value":"0"},{"valueType":"INT64","timestamp":"1696658118","value":"0"},{"valueType":"INT64","timestamp":"1696658058","value":"0"},{"valueType":"INT64","timestamp":"1696657998","value":"0"},{"valueType":"INT64","timestamp":"1696657938","value":"0"},{"valueType":"INT64","timestamp":"1696657878","value":"0"},{"valueType":"INT64","timestamp":"1696657818","value":"0"},{"valueType":"INT64","timestamp":"1696657758","value":"0"},{"valueType":"INT64","timestamp":"1696657698","value":"0"},{"valueType":"INT64","timestamp":"1696657638","value":"0"},{"valueType":"INT64","timestamp":"1696657578","value":"0"},{"valueType":"INT64","timestamp":"1696657518","value":"0"},{"valueType":"INT64","timestamp":"1696657458","value":"0"},{"valueType":"INT64","timestamp":"1696657398","value":"0"},{"valueType":"INT64","timestamp":"1696657338","value":"0"},{"valueType":"INT64","timestamp":"1696657278","value":"0"},{"valueType":"INT64","timestamp":"1696657218","value":"0"},{"valueType":"INT64","timestamp":"1696657158","value":"0"},{"valueType":"INT64","timestamp":"1696657098","value":"0"},{"valueType":"INT64","timestamp":"1696657038","value":"0"},{"valueType":"INT64","timestamp":"1696656978","value":"0"},{"valueType":"INT64","timestamp":"1696656918","value":"0"},{"valueType":"INT64","timestamp":"1696656858","value":"0"},{"valueType":"INT64","timestamp":"1696656798","value":"0"},{"valueType":"INT64","timestamp":"1696656738","value":"0"},{"valueType":"INT64","timestamp":"1696656678","value":"0"},{"valueType":"INT64","timestamp":"1696656618","value":"0"},{"valueType":"INT64","timestamp":"1696656558","value":"0"},{"valueType":"INT64","timestamp":"1696656498","value":"0"},{"valueType":"INT64","timestamp":"1696656438","value":"0"},{"valueType":"INT64","timestamp":"1696656378","value":"0"},{"valueType":"INT64","timestamp":"1696656318","value":"0"},{"valueType":"INT64","timestamp":"1696656258","value":"0"},{"valueType":"INT64","timestamp":"1696656198","value":"0"},{"valueType":"INT64","timestamp":"1696656138","value":"0"},{"valueType":"INT64","timestamp":"1696656078","value":"0"},{"valueType":"INT64","timestamp":"1696656018","value":"0"},{"valueType":"INT64","timestamp":"1696655958","value":"0"},{"valueType":"INT64","timestamp":"1696655898","value":"0"},{"valueType":"INT64","timestamp":"1696655838","value":"0"},{"valueType":"INT64","timestamp":"1696655778","value":"0"},{"valueType":"INT64","timestamp":"1696655718","value":"0"},{"valueType":"INT64","timestamp":"1696655658","value":"0"},{"valueType":"INT64","timestamp":"1696655598","value":"0"},{"valueType":"INT64","timestamp":"1696655538","value":"0"},{"valueType":"INT64","timestamp":"1696655478","value":"0"},{"valueType":"INT64","timestamp":"1696655418","value":"0"},{"valueType":"INT64","timestamp":"1696655358","value":"0"},{"valueType":"INT64","timestamp":"1696655298","value":"0"},{"valueType":"INT64","timestamp":"1696655238","value":"0"},{"valueType":"INT64","timestamp":"1696655178","value":"0"},{"valueType":"INT64","timestamp":"1696655118","value":"0"},{"valueType":"INT64","timestamp":"1696655058","value":"0"},{"valueType":"INT64","timestamp":"1696654998","value":"0"},{"valueType":"INT64","timestamp":"1696654938","value":"0"},{"valueType":"INT64","timestamp":"1696654878","value":"0"},{"valueType":"INT64","timestamp":"1696654818","value":"0"},{"valueType":"INT64","timestamp":"1696654758","value":"0"},{"valueType":"INT64","timestamp":"1696654698","value":"0"},{"valueType":"INT64","timestamp":"1696654638","value":"0"},{"valueType":"INT64","timestamp":"1696654578","value":"0"},{"valueType":"INT64","timestamp":"1696654518","value":"0"},{"valueType":"INT64","timestamp":"1696654458","value":"0"},{"valueType":"INT64","timestamp":"1696654398","value":"0"},{"valueType":"INT64","timestamp":"1696654338","value":"0"},{"valueType":"INT64","timestamp":"1696654278","value":"0"},{"valueType":"INT64","timestamp":"1696654218","value":"0"},{"valueType":"INT64","timestamp":"1696654158","value":"0"},{"valueType":"INT64","timestamp":"1696654098","value":"0"},{"valueType":"INT64","timestamp":"1696654038","value":"0"},{"valueType":"INT64","timestamp":"1696653978","value":"0"},{"valueType":"INT64","timestamp":"1696653918","value":"0"},{"valueType":"INT64","timestamp":"1696653858","value":"0"},{"valueType":"INT64","timestamp":"1696653798","value":"0"},{"valueType":"INT64","timestamp":"1696653738","value":"0"},{"valueType":"INT64","timestamp":"1696653678","value":"0"},{"valueType":"INT64","timestamp":"1696653618","value":"0"},{"valueType":"INT64","timestamp":"1696653558","value":"0"},{"valueType":"INT64","timestamp":"1696653498","value":"0"},{"valueType":"INT64","timestamp":"1696653438","value":"0"},{"valueType":"INT64","timestamp":"1696653378","value":"0"},{"valueType":"INT64","timestamp":"1696653318","value":"0"},{"valueType":"INT64","timestamp":"1696653258","value":"0"},{"valueType":"INT64","timestamp":"1696653198","value":"0"},{"valueType":"INT64","timestamp":"1696653138","value":"0"},{"valueType":"INT64","timestamp":"1696653078","value":"0"},{"valueType":"INT64","timestamp":"1696653018","value":"0"},{"valueType":"INT64","timestamp":"1696652958","value":"0"},{"valueType":"INT64","timestamp":"1696652898","value":"0"},{"valueType":"INT64","timestamp":"1696652838","value":"0"},{"valueType":"INT64","timestamp":"1696652778","value":"0"},{"valueType":"INT64","timestamp":"1696652718","value":"0"},{"valueType":"INT64","timestamp":"1696652658","value":"0"},{"valueType":"INT64","timestamp":"1696652598","value":"0"},{"valueType":"INT64","timestamp":"1696652538","value":"0"},{"valueType":"INT64","timestamp":"1696652478","value":"0"},{"valueType":"INT64","timestamp":"1696652418","value":"0"},{"valueType":"INT64","timestamp":"1696652358","value":"0"},{"valueType":"INT64","timestamp":"1696652298","value":"0"},{"valueType":"INT64","timestamp":"1696652238","value":"0"},{"valueType":"INT64","timestamp":"1696652178","value":"0"},{"valueType":"INT64","timestamp":"1696652118","value":"0"},{"valueType":"INT64","timestamp":"1696652058","value":"0"},{"valueType":"INT64","timestamp":"1696651998","value":"0"},{"valueType":"INT64","timestamp":"1696651938","value":"0"},{"valueType":"INT64","timestamp":"1696651878","value":"0"},{"valueType":"INT64","timestamp":"1696651818","value":"0"},{"valueType":"INT64","timestamp":"1696651758","value":"0"},{"valueType":"INT64","timestamp":"1696651698","value":"0"},{"valueType":"INT64","timestamp":"1696651638","value":"0"},{"valueType":"INT64","timestamp":"1696651578","value":"0"},{"valueType":"INT64","timestamp":"1696651518","value":"0"},{"valueType":"INT64","timestamp":"1696651458","value":"0"},{"valueType":"INT64","timestamp":"1696651398","value":"0"},{"valueType":"INT64","timestamp":"1696651338","value":"0"},{"valueType":"INT64","timestamp":"1696651278","value":"0"},{"valueType":"INT64","timestamp":"1696651218","value":"0"},{"valueType":"INT64","timestamp":"1696651158","value":"0"},{"valueType":"INT64","timestamp":"1696651098","value":"0"},{"valueType":"INT64","timestamp":"1696651038","value":"0"},{"valueType":"INT64","timestamp":"1696650978","value":"0"},{"valueType":"INT64","timestamp":"1696650918","value":"0"},{"valueType":"INT64","timestamp":"1696650858","value":"0"},{"valueType":"INT64","timestamp":"1696650798","value":"0"},{"valueType":"INT64","timestamp":"1696650738","value":"0"},{"valueType":"INT64","timestamp":"1696650678","value":"0"},{"valueType":"INT64","timestamp":"1696650618","value":"0"},{"valueType":"INT64","timestamp":"1696650558","value":"0"},{"valueType":"INT64","timestamp":"1696650498","value":"0"},{"valueType":"INT64","timestamp":"1696650438","value":"0"},{"valueType":"INT64","timestamp":"1696650378","value":"0"},{"valueType":"INT64","timestamp":"1696650318","value":"0"},{"valueType":"INT64","timestamp":"1696650258","value":"0"},{"valueType":"INT64","timestamp":"1696650198","value":"0"},{"valueType":"INT64","timestamp":"1696650138","value":"0"},{"valueType":"INT64","timestamp":"1696650078","value":"0"},{"valueType":"INT64","timestamp":"1696650018","value":"0"},{"valueType":"INT64","timestamp":"1696649958","value":"0"},{"valueType":"INT64","timestamp":"1696649898","value":"0"},{"valueType":"INT64","timestamp":"1696649838","value":"0"},{"valueType":"INT64","timestamp":"1696649778","value":"0"},{"valueType":"INT64","timestamp":"1696649718","value":"0"},{"valueType":"INT64","timestamp":"1696649658","value":"0"},{"valueType":"INT64","timestamp":"1696649598","value":"0"},{"valueType":"INT64","timestamp":"1696649538","value":"0"},{"valueType":"INT64","timestamp":"1696649478","value":"0"},{"valueType":"INT64","timestamp":"1696649418","value":"0"},{"valueType":"INT64","timestamp":"1696649358","value":"0"},{"valueType":"INT64","timestamp":"1696649298","value":"0"},{"valueType":"INT64","timestamp":"1696649238","value":"0"},{"valueType":"INT64","timestamp":"1696649178","value":"0"},{"valueType":"INT64","timestamp":"1696649118","value":"0"},{"valueType":"INT64","timestamp":"1696649058","value":"0"},{"valueType":"INT64","timestamp":"1696648998","value":"0"},{"valueType":"INT64","timestamp":"1696648938","value":"0"},{"valueType":"INT64","timestamp":"1696648878","value":"0"},{"valueType":"INT64","timestamp":"1696648818","value":"0"},{"valueType":"INT64","timestamp":"1696648758","value":"0"},{"valueType":"INT64","timestamp":"1696648698","value":"0"},{"valueType":"INT64","timestamp":"1696648638","value":"0"},{"valueType":"INT64","timestamp":"1696648578","value":"0"},{"valueType":"INT64","timestamp":"1696648518","value":"0"},{"valueType":"INT64","timestamp":"1696648458","value":"0"},{"valueType":"INT64","timestamp":"1696648398","value":"0"},{"valueType":"INT64","timestamp":"1696648338","value":"0"},{"valueType":"INT64","timestamp":"1696648278","value":"0"},{"valueType":"INT64","timestamp":"1696648218","value":"0"},{"valueType":"INT64","timestamp":"1696648158","value":"0"},{"valueType":"INT64","timestamp":"1696648098","value":"0"},{"valueType":"INT64","timestamp":"1696648038","value":"0"},{"valueType":"INT64","timestamp":"1696647978","value":"0"},{"valueType":"INT64","timestamp":"1696647918","value":"0"},{"valueType":"INT64","timestamp":"1696647858","value":"0"},{"valueType":"INT64","timestamp":"1696647798","value":"0"},{"valueType":"INT64","timestamp":"1696647738","value":"0"},{"valueType":"INT64","timestamp":"1696647678","value":"0"},{"valueType":"INT64","timestamp":"1696647618","value":"0"},{"valueType":"INT64","timestamp":"1696647558","value":"0"},{"valueType":"INT64","timestamp":"1696647498","value":"0"},{"valueType":"INT64","timestamp":"1696647438","value":"0"},{"valueType":"INT64","timestamp":"1696647378","value":"0"},{"valueType":"INT64","timestamp":"1696647318","value":"0"},{"valueType":"INT64","timestamp":"1696647258","value":"0"},{"valueType":"INT64","timestamp":"1696647198","value":"0"},{"valueType":"INT64","timestamp":"1696647138","value":"0"},{"valueType":"INT64","timestamp":"1696647078","value":"0"},{"valueType":"INT64","timestamp":"1696647018","value":"0"},{"valueType":"INT64","timestamp":"1696646958","value":"0"},{"valueType":"INT64","timestamp":"1696646898","value":"0"},{"valueType":"INT64","timestamp":"1696646838","value":"0"},{"valueType":"INT64","timestamp":"1696646778","value":"0"},{"valueType":"INT64","timestamp":"1696646718","value":"0"},{"valueType":"INT64","timestamp":"1696646658","value":"0"},{"valueType":"INT64","timestamp":"1696646598","value":"0"},{"valueType":"INT64","timestamp":"1696646538","value":"0"},{"valueType":"INT64","timestamp":"1696646478","value":"0"},{"valueType":"INT64","timestamp":"1696646418","value":"0"},{"valueType":"INT64","timestamp":"1696646358","value":"0"},{"valueType":"INT64","timestamp":"1696646298","value":"0"},{"valueType":"INT64","timestamp":"1696646238","value":"0"},{"valueType":"INT64","timestamp":"1696646178","value":"0"},{"valueType":"INT64","timestamp":"1696646118","value":"0"},{"valueType":"INT64","timestamp":"1696646058","value":"0"},{"valueType":"INT64","timestamp":"1696645998","value":"0"},{"valueType":"INT64","timestamp":"1696645938","value":"0"},{"valueType":"INT64","timestamp":"1696645878","value":"0"},{"valueType":"INT64","timestamp":"1696645818","value":"0"},{"valueType":"INT64","timestamp":"1696645758","value":"0"},{"valueType":"INT64","timestamp":"1696645698","value":"0"},{"valueType":"INT64","timestamp":"1696645638","value":"0"},{"valueType":"INT64","timestamp":"1696645578","value":"0"},{"valueType":"INT64","timestamp":"1696645518","value":"0"},{"valueType":"INT64","timestamp":"1696645458","value":"0"},{"valueType":"INT64","timestamp":"1696645398","value":"0"},{"valueType":"INT64","timestamp":"1696645338","value":"0"},{"valueType":"INT64","timestamp":"1696645278","value":"0"},{"valueType":"INT64","timestamp":"1696645218","value":"0"},{"valueType":"INT64","timestamp":"1696645158","value":"0"},{"valueType":"INT64","timestamp":"1696645098","value":"0"},{"valueType":"INT64","timestamp":"1696645038","value":"0"},{"valueType":"INT64","timestamp":"1696644978","value":"0"},{"valueType":"INT64","timestamp":"1696644918","value":"0"},{"valueType":"INT64","timestamp":"1696644858","value":"0"},{"valueType":"INT64","timestamp":"1696644798","value":"0"},{"valueType":"INT64","timestamp":"1696644738","value":"0"},{"valueType":"INT64","timestamp":"1696644678","value":"0"},{"valueType":"INT64","timestamp":"1696644618","value":"0"},{"valueType":"INT64","timestamp":"1696644558","value":"0"},{"valueType":"INT64","timestamp":"1696644498","value":"0"},{"valueType":"INT64","timestamp":"1696644438","value":"0"},{"valueType":"INT64","timestamp":"1696644378","value":"0"},{"valueType":"INT64","timestamp":"1696644318","value":"0"},{"valueType":"INT64","timestamp":"1696644258","value":"0"},{"valueType":"INT64","timestamp":"1696644198","value":"0"},{"valueType":"INT64","timestamp":"1696644138","value":"0"},{"valueType":"INT64","timestamp":"1696644078","value":"0"},{"valueType":"INT64","timestamp":"1696644018","value":"0"},{"valueType":"INT64","timestamp":"1696643958","value":"0"},{"valueType":"INT64","timestamp":"1696643898","value":"0"},{"valueType":"INT64","timestamp":"1696643838","value":"0"},{"valueType":"INT64","timestamp":"1696643778","value":"0"},{"valueType":"INT64","timestamp":"1696643718","value":"0"},{"valueType":"INT64","timestamp":"1696643658","value":"0"},{"valueType":"INT64","timestamp":"1696643598","value":"0"},{"valueType":"INT64","timestamp":"1696643538","value":"0"},{"valueType":"INT64","timestamp":"1696643478","value":"0"},{"valueType":"INT64","timestamp":"1696643418","value":"0"},{"valueType":"INT64","timestamp":"1696643358","value":"0"},{"valueType":"INT64","timestamp":"1696643298","value":"0"},{"valueType":"INT64","timestamp":"1696643238","value":"0"},{"valueType":"INT64","timestamp":"1696643178","value":"0"},{"valueType":"INT64","timestamp":"1696643118","value":"0"},{"valueType":"INT64","timestamp":"1696643058","value":"0"},{"valueType":"INT64","timestamp":"1696642998","value":"0"},{"valueType":"INT64","timestamp":"1696642938","value":"0"},{"valueType":"INT64","timestamp":"1696642878","value":"0"},{"valueType":"INT64","timestamp":"1696642818","value":"0"},{"valueType":"INT64","timestamp":"1696642758","value":"0"},{"valueType":"INT64","timestamp":"1696642698","value":"0"},{"valueType":"INT64","timestamp":"1696642638","value":"0"},{"valueType":"INT64","timestamp":"1696642578","value":"0"},{"valueType":"INT64","timestamp":"1696642518","value":"0"},{"valueType":"INT64","timestamp":"1696642458","value":"0"},{"valueType":"INT64","timestamp":"1696642398","value":"0"},{"valueType":"INT64","timestamp":"1696642338","value":"0"},{"valueType":"INT64","timestamp":"1696642278","value":"0"},{"valueType":"INT64","timestamp":"1696642218","value":"0"},{"valueType":"INT64","timestamp":"1696642158","value":"0"},{"valueType":"INT64","timestamp":"1696642098","value":"0"},{"valueType":"INT64","timestamp":"1696642038","value":"0"},{"valueType":"INT64","timestamp":"1696641978","value":"0"},{"valueType":"INT64","timestamp":"1696641918","value":"0"},{"valueType":"INT64","timestamp":"1696641858","value":"0"},{"valueType":"INT64","timestamp":"1696641798","value":"0"},{"valueType":"INT64","timestamp":"1696641738","value":"0"},{"valueType":"INT64","timestamp":"1696641678","value":"0"},{"valueType":"INT64","timestamp":"1696641618","value":"0"},{"valueType":"INT64","timestamp":"1696641558","value":"0"},{"valueType":"INT64","timestamp":"1696641498","value":"0"},{"valueType":"INT64","timestamp":"1696641438","value":"0"},{"valueType":"INT64","timestamp":"1696641378","value":"0"},{"valueType":"INT64","timestamp":"1696641318","value":"0"},{"valueType":"INT64","timestamp":"1696641258","value":"0"},{"valueType":"INT64","timestamp":"1696641198","value":"0"},{"valueType":"INT64","timestamp":"1696641138","value":"0"},{"valueType":"INT64","timestamp":"1696641078","value":"0"},{"valueType":"INT64","timestamp":"1696641018","value":"0"},{"valueType":"INT64","timestamp":"1696640958","value":"0"},{"valueType":"INT64","timestamp":"1696640898","value":"0"},{"valueType":"INT64","timestamp":"1696640838","value":"0"},{"valueType":"INT64","timestamp":"1696640778","value":"0"},{"valueType":"INT64","timestamp":"1696640718","value":"0"},{"valueType":"INT64","timestamp":"1696640658","value":"0"},{"valueType":"INT64","timestamp":"1696640598","value":"0"},{"valueType":"INT64","timestamp":"1696640538","value":"0"},{"valueType":"INT64","timestamp":"1696640478","value":"0"},{"valueType":"INT64","timestamp":"1696640418","value":"0"},{"valueType":"INT64","timestamp":"1696640358","value":"0"},{"valueType":"INT64","timestamp":"1696640298","value":"0"},{"valueType":"INT64","timestamp":"1696640238","value":"0"},{"valueType":"INT64","timestamp":"1696640178","value":"0"},{"valueType":"INT64","timestamp":"1696640118","value":"0"},{"valueType":"INT64","timestamp":"1696640058","value":"0"},{"valueType":"INT64","timestamp":"1696639998","value":"0"},{"valueType":"INT64","timestamp":"1696639938","value":"0"},{"valueType":"INT64","timestamp":"1696639878","value":"0"},{"valueType":"INT64","timestamp":"1696639818","value":"0"},{"valueType":"INT64","timestamp":"1696639758","value":"0"},{"valueType":"INT64","timestamp":"1696639698","value":"0"},{"valueType":"INT64","timestamp":"1696639638","value":"0"},{"valueType":"INT64","timestamp":"1696639578","value":"0"},{"valueType":"INT64","timestamp":"1696639518","value":"0"},{"valueType":"INT64","timestamp":"1696639458","value":"0"},{"valueType":"INT64","timestamp":"1696639398","value":"0"},{"valueType":"INT64","timestamp":"1696639338","value":"0"},{"valueType":"INT64","timestamp":"1696639278","value":"0"},{"valueType":"INT64","timestamp":"1696639218","value":"0"},{"valueType":"INT64","timestamp":"1696639158","value":"0"},{"valueType":"INT64","timestamp":"1696639098","value":"0"},{"valueType":"INT64","timestamp":"1696639038","value":"0"},{"valueType":"INT64","timestamp":"1696638978","value":"0"},{"valueType":"INT64","timestamp":"1696638918","value":"0"},{"valueType":"INT64","timestamp":"1696638858","value":"0"},{"valueType":"INT64","timestamp":"1696638798","value":"0"},{"valueType":"INT64","timestamp":"1696638738","value":"0"},{"valueType":"INT64","timestamp":"1696638678","value":"0"},{"valueType":"INT64","timestamp":"1696638618","value":"0"},{"valueType":"INT64","timestamp":"1696638558","value":"0"},{"valueType":"INT64","timestamp":"1696638498","value":"0"},{"valueType":"INT64","timestamp":"1696638438","value":"0"},{"valueType":"INT64","timestamp":"1696638378","value":"0"},{"valueType":"INT64","timestamp":"1696638318","value":"0"},{"valueType":"INT64","timestamp":"1696638258","value":"0"},{"valueType":"INT64","timestamp":"1696638198","value":"0"},{"valueType":"INT64","timestamp":"1696638138","value":"0"},{"valueType":"INT64","timestamp":"1696638078","value":"0"},{"valueType":"INT64","timestamp":"1696638018","value":"0"},{"valueType":"INT64","timestamp":"1696637958","value":"0"},{"valueType":"INT64","timestamp":"1696637898","value":"0"},{"valueType":"INT64","timestamp":"1696637838","value":"0"},{"valueType":"INT64","timestamp":"1696637778","value":"0"},{"valueType":"INT64","timestamp":"1696637718","value":"0"},{"valueType":"INT64","timestamp":"1696637658","value":"0"},{"valueType":"INT64","timestamp":"1696637598","value":"0"},{"valueType":"INT64","timestamp":"1696637538","value":"0"},{"valueType":"INT64","timestamp":"1696637478","value":"0"},{"valueType":"INT64","timestamp":"1696637418","value":"0"},{"valueType":"INT64","timestamp":"1696637358","value":"0"},{"valueType":"INT64","timestamp":"1696637298","value":"0"},{"valueType":"INT64","timestamp":"1696637238","value":"0"},{"valueType":"INT64","timestamp":"1696637178","value":"0"},{"valueType":"INT64","timestamp":"1696637118","value":"0"},{"valueType":"INT64","timestamp":"1696637058","value":"0"},{"valueType":"INT64","timestamp":"1696636998","value":"0"},{"valueType":"INT64","timestamp":"1696636938","value":"0"},{"valueType":"INT64","timestamp":"1696636878","value":"0"},{"valueType":"INT64","timestamp":"1696636818","value":"0"},{"valueType":"INT64","timestamp":"1696636758","value":"0"},{"valueType":"INT64","timestamp":"1696636698","value":"0"},{"valueType":"INT64","timestamp":"1696636638","value":"0"},{"valueType":"INT64","timestamp":"1696636578","value":"0"},{"valueType":"INT64","timestamp":"1696636518","value":"0"},{"valueType":"INT64","timestamp":"1696636458","value":"0"},{"valueType":"INT64","timestamp":"1696636398","value":"0"},{"valueType":"INT64","timestamp":"1696636338","value":"0"},{"valueType":"INT64","timestamp":"1696636278","value":"0"},{"valueType":"INT64","timestamp":"1696636218","value":"0"},{"valueType":"INT64","timestamp":"1696636158","value":"0"},{"valueType":"INT64","timestamp":"1696636098","value":"0"},{"valueType":"INT64","timestamp":"1696636038","value":"0"},{"valueType":"INT64","timestamp":"1696635978","value":"0"},{"valueType":"INT64","timestamp":"1696635918","value":"0"},{"valueType":"INT64","timestamp":"1696635858","value":"0"},{"valueType":"INT64","timestamp":"1696635798","value":"0"},{"valueType":"INT64","timestamp":"1696635738","value":"0"},{"valueType":"INT64","timestamp":"1696635678","value":"0"},{"valueType":"INT64","timestamp":"1696635618","value":"0"},{"valueType":"INT64","timestamp":"1696635558","value":"0"},{"valueType":"INT64","timestamp":"1696635498","value":"0"},{"valueType":"INT64","timestamp":"1696635438","value":"0"},{"valueType":"INT64","timestamp":"1696635378","value":"0"},{"valueType":"INT64","timestamp":"1696635318","value":"0"},{"valueType":"INT64","timestamp":"1696635258","value":"0"},{"valueType":"INT64","timestamp":"1696635198","value":"0"},{"valueType":"INT64","timestamp":"1696635138","value":"0"},{"valueType":"INT64","timestamp":"1696635078","value":"0"},{"valueType":"INT64","timestamp":"1696635018","value":"0"},{"valueType":"INT64","timestamp":"1696634958","value":"0"},{"valueType":"INT64","timestamp":"1696634898","value":"0"},{"valueType":"INT64","timestamp":"1696634838","value":"0"},{"valueType":"INT64","timestamp":"1696634778","value":"0"},{"valueType":"INT64","timestamp":"1696634718","value":"0"},{"valueType":"INT64","timestamp":"1696634658","value":"0"},{"valueType":"INT64","timestamp":"1696634598","value":"0"},{"valueType":"INT64","timestamp":"1696634538","value":"0"},{"valueType":"INT64","timestamp":"1696634478","value":"0"},{"valueType":"INT64","timestamp":"1696634418","value":"0"},{"valueType":"INT64","timestamp":"1696634358","value":"0"},{"valueType":"INT64","timestamp":"1696634298","value":"0"},{"valueType":"INT64","timestamp":"1696634238","value":"0"},{"valueType":"INT64","timestamp":"1696634178","value":"0"},{"valueType":"INT64","timestamp":"1696634118","value":"0"},{"valueType":"INT64","timestamp":"1696634058","value":"0"},{"valueType":"INT64","timestamp":"1696633998","value":"0"},{"valueType":"INT64","timestamp":"1696633938","value":"0"},{"valueType":"INT64","timestamp":"1696633878","value":"0"},{"valueType":"INT64","timestamp":"1696633818","value":"0"},{"valueType":"INT64","timestamp":"1696633758","value":"0"},{"valueType":"INT64","timestamp":"1696633698","value":"0"},{"valueType":"INT64","timestamp":"1696633638","value":"0"},{"valueType":"INT64","timestamp":"1696633578","value":"0"},{"valueType":"INT64","timestamp":"1696633518","value":"0"},{"valueType":"INT64","timestamp":"1696633458","value":"0"},{"valueType":"INT64","timestamp":"1696633398","value":"0"},{"valueType":"INT64","timestamp":"1696633338","value":"0"},{"valueType":"INT64","timestamp":"1696633278","value":"0"},{"valueType":"INT64","timestamp":"1696633218","value":"0"},{"valueType":"INT64","timestamp":"1696633158","value":"0"},{"valueType":"INT64","timestamp":"1696633098","value":"0"},{"valueType":"INT64","timestamp":"1696633038","value":"0"},{"valueType":"INT64","timestamp":"1696632978","value":"0"},{"valueType":"INT64","timestamp":"1696632918","value":"0"},{"valueType":"INT64","timestamp":"1696632858","value":"0"},{"valueType":"INT64","timestamp":"1696632798","value":"0"},{"valueType":"INT64","timestamp":"1696632738","value":"0"},{"valueType":"INT64","timestamp":"1696632678","value":"0"},{"valueType":"INT64","timestamp":"1696632618","value":"0"},{"valueType":"INT64","timestamp":"1696632558","value":"0"},{"valueType":"INT64","timestamp":"1696632498","value":"0"},{"valueType":"INT64","timestamp":"1696632438","value":"0"},{"valueType":"INT64","timestamp":"1696632378","value":"0"},{"valueType":"INT64","timestamp":"1696632318","value":"0"},{"valueType":"INT64","timestamp":"1696632258","value":"0"},{"valueType":"INT64","timestamp":"1696632198","value":"0"},{"valueType":"INT64","timestamp":"1696632138","value":"0"},{"valueType":"INT64","timestamp":"1696632078","value":"0"},{"valueType":"INT64","timestamp":"1696632018","value":"0"},{"valueType":"INT64","timestamp":"1696631958","value":"0"},{"valueType":"INT64","timestamp":"1696631898","value":"0"},{"valueType":"INT64","timestamp":"1696631838","value":"0"},{"valueType":"INT64","timestamp":"1696631778","value":"0"},{"valueType":"INT64","timestamp":"1696631718","value":"0"},{"valueType":"INT64","timestamp":"1696631658","value":"0"},{"valueType":"INT64","timestamp":"1696631598","value":"0"},{"valueType":"INT64","timestamp":"1696631538","value":"0"},{"valueType":"INT64","timestamp":"1696631478","value":"0"},{"valueType":"INT64","timestamp":"1696631418","value":"0"},{"valueType":"INT64","timestamp":"1696631358","value":"0"},{"valueType":"INT64","timestamp":"1696631298","value":"0"},{"valueType":"INT64","timestamp":"1696631238","value":"0"},{"valueType":"INT64","timestamp":"1696631178","value":"0"},{"valueType":"INT64","timestamp":"1696631118","value":"0"},{"valueType":"INT64","timestamp":"1696631058","value":"0"},{"valueType":"INT64","timestamp":"1696630998","value":"0"},{"valueType":"INT64","timestamp":"1696630938","value":"0"},{"valueType":"INT64","timestamp":"1696630878","value":"0"},{"valueType":"INT64","timestamp":"1696630818","value":"0"},{"valueType":"INT64","timestamp":"1696630758","value":"0"},{"valueType":"INT64","timestamp":"1696630698","value":"0"},{"valueType":"INT64","timestamp":"1696630638","value":"0"},{"valueType":"INT64","timestamp":"1696630578","value":"0"},{"valueType":"INT64","timestamp":"1696630518","value":"0"},{"valueType":"INT64","timestamp":"1696630458","value":"0"},{"valueType":"INT64","timestamp":"1696630398","value":"0"},{"valueType":"INT64","timestamp":"1696630338","value":"0"},{"valueType":"INT64","timestamp":"1696630278","value":"0"},{"valueType":"INT64","timestamp":"1696630218","value":"0"},{"valueType":"INT64","timestamp":"1696630158","value":"0"},{"valueType":"INT64","timestamp":"1696630098","value":"0"},{"valueType":"INT64","timestamp":"1696630038","value":"0"},{"valueType":"INT64","timestamp":"1696629978","value":"0"},{"valueType":"INT64","timestamp":"1696629918","value":"0"},{"valueType":"INT64","timestamp":"1696629858","value":"0"},{"valueType":"INT64","timestamp":"1696629798","value":"0"},{"valueType":"INT64","timestamp":"1696629738","value":"0"},{"valueType":"INT64","timestamp":"1696629678","value":"0"},{"valueType":"INT64","timestamp":"1696629618","value":"0"},{"valueType":"INT64","timestamp":"1696629558","value":"0"},{"valueType":"INT64","timestamp":"1696629498","value":"0"},{"valueType":"INT64","timestamp":"1696629438","value":"0"},{"valueType":"INT64","timestamp":"1696629378","value":"0"},{"valueType":"INT64","timestamp":"1696629318","value":"0"},{"valueType":"INT64","timestamp":"1696629258","value":"0"},{"valueType":"INT64","timestamp":"1696629198","value":"0"},{"valueType":"INT64","timestamp":"1696629138","value":"0"},{"valueType":"INT64","timestamp":"1696629078","value":"0"},{"valueType":"INT64","timestamp":"1696629018","value":"0"},{"valueType":"INT64","timestamp":"1696628958","value":"0"},{"valueType":"INT64","timestamp":"1696628898","value":"0"},{"valueType":"INT64","timestamp":"1696628838","value":"0"},{"valueType":"INT64","timestamp":"1696628778","value":"0"},{"valueType":"INT64","timestamp":"1696628718","value":"0"},{"valueType":"INT64","timestamp":"1696628658","value":"0"},{"valueType":"INT64","timestamp":"1696628598","value":"0"},{"valueType":"INT64","timestamp":"1696628538","value":"0"},{"valueType":"INT64","timestamp":"1696628478","value":"0"},{"valueType":"INT64","timestamp":"1696628418","value":"0"},{"valueType":"INT64","timestamp":"1696628358","value":"0"},{"valueType":"INT64","timestamp":"1696628298","value":"0"},{"valueType":"INT64","timestamp":"1696628238","value":"0"},{"valueType":"INT64","timestamp":"1696628178","value":"0"},{"valueType":"INT64","timestamp":"1696628118","value":"0"},{"valueType":"INT64","timestamp":"1696628058","value":"0"},{"valueType":"INT64","timestamp":"1696627998","value":"0"},{"valueType":"INT64","timestamp":"1696627938","value":"0"},{"valueType":"INT64","timestamp":"1696627878","value":"0"},{"valueType":"INT64","timestamp":"1696627818","value":"0"},{"valueType":"INT64","timestamp":"1696627758","value":"0"},{"valueType":"INT64","timestamp":"1696627698","value":"0"},{"valueType":"INT64","timestamp":"1696627638","value":"0"},{"valueType":"INT64","timestamp":"1696627578","value":"0"},{"valueType":"INT64","timestamp":"1696627518","value":"0"},{"valueType":"INT64","timestamp":"1696627458","value":"0"},{"valueType":"INT64","timestamp":"1696627398","value":"0"},{"valueType":"INT64","timestamp":"1696627338","value":"0"},{"valueType":"INT64","timestamp":"1696627278","value":"0"},{"valueType":"INT64","timestamp":"1696627218","value":"0"},{"valueType":"INT64","timestamp":"1696627158","value":"0"},{"valueType":"INT64","timestamp":"1696627098","value":"0"},{"valueType":"INT64","timestamp":"1696627038","value":"0"},{"valueType":"INT64","timestamp":"1696626978","value":"0"},{"valueType":"INT64","timestamp":"1696626918","value":"0"},{"valueType":"INT64","timestamp":"1696626858","value":"0"},{"valueType":"INT64","timestamp":"1696626798","value":"0"},{"valueType":"INT64","timestamp":"1696626738","value":"0"},{"valueType":"INT64","timestamp":"1696626678","value":"0"},{"valueType":"INT64","timestamp":"1696626618","value":"0"},{"valueType":"INT64","timestamp":"1696626558","value":"0"},{"valueType":"INT64","timestamp":"1696626498","value":"0"},{"valueType":"INT64","timestamp":"1696626438","value":"0"},{"valueType":"INT64","timestamp":"1696626378","value":"0"},{"valueType":"INT64","timestamp":"1696626318","value":"0"},{"valueType":"INT64","timestamp":"1696626258","value":"0"},{"valueType":"INT64","timestamp":"1696626198","value":"0"},{"valueType":"INT64","timestamp":"1696626138","value":"0"},{"valueType":"INT64","timestamp":"1696626078","value":"0"},{"valueType":"INT64","timestamp":"1696626018","value":"0"},{"valueType":"INT64","timestamp":"1696625958","value":"0"},{"valueType":"INT64","timestamp":"1696625898","value":"0"},{"valueType":"INT64","timestamp":"1696625838","value":"0"},{"valueType":"INT64","timestamp":"1696625778","value":"0"},{"valueType":"INT64","timestamp":"1696625718","value":"0"},{"valueType":"INT64","timestamp":"1696625658","value":"0"},{"valueType":"INT64","timestamp":"1696625598","value":"0"},{"valueType":"INT64","timestamp":"1696625538","value":"0"},{"valueType":"INT64","timestamp":"1696625478","value":"0"},{"valueType":"INT64","timestamp":"1696625418","value":"0"},{"valueType":"INT64","timestamp":"1696625358","value":"0"},{"valueType":"INT64","timestamp":"1696625298","value":"0"},{"valueType":"INT64","timestamp":"1696625238","value":"0"},{"valueType":"INT64","timestamp":"1696625178","value":"0"},{"valueType":"INT64","timestamp":"1696625118","value":"0"},{"valueType":"INT64","timestamp":"1696625058","value":"0"},{"valueType":"INT64","timestamp":"1696624998","value":"0"},{"valueType":"INT64","timestamp":"1696624938","value":"0"},{"valueType":"INT64","timestamp":"1696624878","value":"0"},{"valueType":"INT64","timestamp":"1696624818","value":"0"},{"valueType":"INT64","timestamp":"1696624758","value":"0"},{"valueType":"INT64","timestamp":"1696624698","value":"0"},{"valueType":"INT64","timestamp":"1696624638","value":"0"},{"valueType":"INT64","timestamp":"1696624578","value":"0"},{"valueType":"INT64","timestamp":"1696624518","value":"0"},{"valueType":"INT64","timestamp":"1696624458","value":"0"},{"valueType":"INT64","timestamp":"1696624398","value":"0"},{"valueType":"INT64","timestamp":"1696624338","value":"0"},{"valueType":"INT64","timestamp":"1696624278","value":"0"},{"valueType":"INT64","timestamp":"1696624218","value":"0"},{"valueType":"INT64","timestamp":"1696624158","value":"0"},{"valueType":"INT64","timestamp":"1696624098","value":"0"},{"valueType":"INT64","timestamp":"1696624038","value":"0"},{"valueType":"INT64","timestamp":"1696623978","value":"0"},{"valueType":"INT64","timestamp":"1696623918","value":"0"},{"valueType":"INT64","timestamp":"1696623858","value":"0"},{"valueType":"INT64","timestamp":"1696623798","value":"0"},{"valueType":"INT64","timestamp":"1696623738","value":"0"},{"valueType":"INT64","timestamp":"1696623678","value":"0"},{"valueType":"INT64","timestamp":"1696623618","value":"0"},{"valueType":"INT64","timestamp":"1696623558","value":"0"},{"valueType":"INT64","timestamp":"1696623498","value":"0"},{"valueType":"INT64","timestamp":"1696623438","value":"0"},{"valueType":"INT64","timestamp":"1696623378","value":"0"},{"valueType":"INT64","timestamp":"1696623318","value":"0"},{"valueType":"INT64","timestamp":"1696623258","value":"0"},{"valueType":"INT64","timestamp":"1696623198","value":"0"},{"valueType":"INT64","timestamp":"1696623138","value":"0"},{"valueType":"INT64","timestamp":"1696623078","value":"0"},{"valueType":"INT64","timestamp":"1696623018","value":"0"},{"valueType":"INT64","timestamp":"1696622958","value":"0"},{"valueType":"INT64","timestamp":"1696622898","value":"0"},{"valueType":"INT64","timestamp":"1696622838","value":"0"},{"valueType":"INT64","timestamp":"1696622778","value":"0"},{"valueType":"INT64","timestamp":"1696622718","value":"0"},{"valueType":"INT64","timestamp":"1696622658","value":"0"},{"valueType":"INT64","timestamp":"1696622598","value":"0"},{"valueType":"INT64","timestamp":"1696622538","value":"0"},{"valueType":"INT64","timestamp":"1696622478","value":"0"},{"valueType":"INT64","timestamp":"1696622418","value":"0"},{"valueType":"INT64","timestamp":"1696622358","value":"0"},{"valueType":"INT64","timestamp":"1696622298","value":"0"},{"valueType":"INT64","timestamp":"1696622238","value":"0"},{"valueType":"INT64","timestamp":"1696622178","value":"0"},{"valueType":"INT64","timestamp":"1696622118","value":"0"},{"valueType":"INT64","timestamp":"1696622058","value":"0"},{"valueType":"INT64","timestamp":"1696621998","value":"0"},{"valueType":"INT64","timestamp":"1696621938","value":"0"},{"valueType":"INT64","timestamp":"1696621878","value":"0"},{"valueType":"INT64","timestamp":"1696621818","value":"0"},{"valueType":"INT64","timestamp":"1696621758","value":"0"},{"valueType":"INT64","timestamp":"1696621698","value":"0"},{"valueType":"INT64","timestamp":"1696621638","value":"0"},{"valueType":"INT64","timestamp":"1696621578","value":"0"},{"valueType":"INT64","timestamp":"1696621518","value":"0"},{"valueType":"INT64","timestamp":"1696621458","value":"0"},{"valueType":"INT64","timestamp":"1696621398","value":"0"},{"valueType":"INT64","timestamp":"1696621338","value":"0"},{"valueType":"INT64","timestamp":"1696621278","value":"0"},{"valueType":"INT64","timestamp":"1696621218","value":"0"},{"valueType":"INT64","timestamp":"1696621158","value":"0"},{"valueType":"INT64","timestamp":"1696621098","value":"0"},{"valueType":"INT64","timestamp":"1696621038","value":"0"},{"valueType":"INT64","timestamp":"1696620978","value":"0"},{"valueType":"INT64","timestamp":"1696620918","value":"0"},{"valueType":"INT64","timestamp":"1696620858","value":"0"},{"valueType":"INT64","timestamp":"1696620798","value":"0"},{"valueType":"INT64","timestamp":"1696620738","value":"0"},{"valueType":"INT64","timestamp":"1696620678","value":"0"},{"valueType":"INT64","timestamp":"1696620618","value":"0"},{"valueType":"INT64","timestamp":"1696620558","value":"0"},{"valueType":"INT64","timestamp":"1696620498","value":"0"},{"valueType":"INT64","timestamp":"1696620438","value":"0"},{"valueType":"INT64","timestamp":"1696620378","value":"0"},{"valueType":"INT64","timestamp":"1696620318","value":"0"},{"valueType":"INT64","timestamp":"1696620258","value":"0"},{"valueType":"INT64","timestamp":"1696620198","value":"0"},{"valueType":"INT64","timestamp":"1696620138","value":"0"},{"valueType":"INT64","timestamp":"1696620078","value":"0"},{"valueType":"INT64","timestamp":"1696620018","value":"0"},{"valueType":"INT64","timestamp":"1696619958","value":"0"},{"valueType":"INT64","timestamp":"1696619898","value":"0"},{"valueType":"INT64","timestamp":"1696619838","value":"0"},{"valueType":"INT64","timestamp":"1696619778","value":"0"},{"valueType":"INT64","timestamp":"1696619718","value":"0"},{"valueType":"INT64","timestamp":"1696619658","value":"0"},{"valueType":"INT64","timestamp":"1696619598","value":"0"},{"valueType":"INT64","timestamp":"1696619538","value":"0"},{"valueType":"INT64","timestamp":"1696619478","value":"0"},{"valueType":"INT64","timestamp":"1696619418","value":"0"},{"valueType":"INT64","timestamp":"1696619358","value":"0"},{"valueType":"INT64","timestamp":"1696619298","value":"0"},{"valueType":"INT64","timestamp":"1696619238","value":"0"},{"valueType":"INT64","timestamp":"1696619178","value":"0"},{"valueType":"INT64","timestamp":"1696619118","value":"0"},{"valueType":"INT64","timestamp":"1696619058","value":"0"},{"valueType":"INT64","timestamp":"1696618998","value":"0"},{"valueType":"INT64","timestamp":"1696618938","value":"0"},{"valueType":"INT64","timestamp":"1696618878","value":"0"},{"valueType":"INT64","timestamp":"1696618818","value":"0"},{"valueType":"INT64","timestamp":"1696618758","value":"0"},{"valueType":"INT64","timestamp":"1696618698","value":"0"},{"valueType":"INT64","timestamp":"1696618638","value":"0"},{"valueType":"INT64","timestamp":"1696618578","value":"0"},{"valueType":"INT64","timestamp":"1696618518","value":"0"},{"valueType":"INT64","timestamp":"1696618458","value":"0"},{"valueType":"INT64","timestamp":"1696618398","value":"0"},{"valueType":"INT64","timestamp":"1696618338","value":"0"},{"valueType":"INT64","timestamp":"1696618278","value":"0"},{"valueType":"INT64","timestamp":"1696618218","value":"0"},{"valueType":"INT64","timestamp":"1696618158","value":"0"},{"valueType":"INT64","timestamp":"1696618098","value":"0"},{"valueType":"INT64","timestamp":"1696618038","value":"0"},{"valueType":"INT64","timestamp":"1696617978","value":"0"},{"valueType":"INT64","timestamp":"1696617918","value":"0"},{"valueType":"INT64","timestamp":"1696617858","value":"0"},{"valueType":"INT64","timestamp":"1696617798","value":"0"},{"valueType":"INT64","timestamp":"1696617738","value":"0"},{"valueType":"INT64","timestamp":"1696617678","value":"0"},{"valueType":"INT64","timestamp":"1696617618","value":"0"},{"valueType":"INT64","timestamp":"1696617558","value":"0"},{"valueType":"INT64","timestamp":"1696617498","value":"0"},{"valueType":"INT64","timestamp":"1696617438","value":"0"},{"valueType":"INT64","timestamp":"1696617378","value":"0"},{"valueType":"INT64","timestamp":"1696617318","value":"0"},{"valueType":"INT64","timestamp":"1696617258","value":"0"},{"valueType":"INT64","timestamp":"1696617198","value":"0"},{"valueType":"INT64","timestamp":"1696617138","value":"0"},{"valueType":"INT64","timestamp":"1696617078","value":"0"},{"valueType":"INT64","timestamp":"1696617018","value":"0"},{"valueType":"INT64","timestamp":"1696616958","value":"0"},{"valueType":"INT64","timestamp":"1696616898","value":"0"},{"valueType":"INT64","timestamp":"1696616838","value":"0"},{"valueType":"INT64","timestamp":"1696616778","value":"0"},{"valueType":"INT64","timestamp":"1696616718","value":"0"},{"valueType":"INT64","timestamp":"1696616658","value":"0"},{"valueType":"INT64","timestamp":"1696616598","value":"0"},{"valueType":"INT64","timestamp":"1696616538","value":"0"},{"valueType":"INT64","timestamp":"1696616478","value":"0"},{"valueType":"INT64","timestamp":"1696616418","value":"0"},{"valueType":"INT64","timestamp":"1696616358","value":"0"},{"valueType":"INT64","timestamp":"1696616298","value":"0"},{"valueType":"INT64","timestamp":"1696616238","value":"0"},{"valueType":"INT64","timestamp":"1696616178","value":"0"},{"valueType":"INT64","timestamp":"1696616118","value":"0"},{"valueType":"INT64","timestamp":"1696616058","value":"0"},{"valueType":"INT64","timestamp":"1696615998","value":"0"},{"valueType":"INT64","timestamp":"1696615938","value":"0"},{"valueType":"INT64","timestamp":"1696615878","value":"0"},{"valueType":"INT64","timestamp":"1696615818","value":"0"},{"valueType":"INT64","timestamp":"1696615758","value":"0"},{"valueType":"INT64","timestamp":"1696615698","value":"0"},{"valueType":"INT64","timestamp":"1696615638","value":"0"},{"valueType":"INT64","timestamp":"1696615578","value":"0"},{"valueType":"INT64","timestamp":"1696615518","value":"0"},{"valueType":"INT64","timestamp":"1696701861","value":"0"},{"valueType":"INT64","timestamp":"1696701801","value":"0"},{"valueType":"INT64","timestamp":"1696701741","value":"0"},{"valueType":"INT64","timestamp":"1696701681","value":"0"},{"valueType":"INT64","timestamp":"1696701621","value":"0"},{"valueType":"INT64","timestamp":"1696701561","value":"0"},{"valueType":"INT64","timestamp":"1696701501","value":"0"},{"valueType":"INT64","timestamp":"1696701441","value":"0"},{"valueType":"INT64","timestamp":"1696701381","value":"0"},{"valueType":"INT64","timestamp":"1696701321","value":"0"},{"valueType":"INT64","timestamp":"1696701261","value":"0"},{"valueType":"INT64","timestamp":"1696701201","value":"0"},{"valueType":"INT64","timestamp":"1696701141","value":"0"},{"valueType":"INT64","timestamp":"1696701081","value":"0"},{"valueType":"INT64","timestamp":"1696701021","value":"0"},{"valueType":"INT64","timestamp":"1696700961","value":"0"},{"valueType":"INT64","timestamp":"1696700901","value":"0"},{"valueType":"INT64","timestamp":"1696700841","value":"0"},{"valueType":"INT64","timestamp":"1696700781","value":"0"},{"valueType":"INT64","timestamp":"1696700721","value":"0"},{"valueType":"INT64","timestamp":"1696700661","value":"0"},{"valueType":"INT64","timestamp":"1696700601","value":"0"},{"valueType":"INT64","timestamp":"1696700541","value":"0"},{"valueType":"INT64","timestamp":"1696700481","value":"0"},{"valueType":"INT64","timestamp":"1696700421","value":"0"},{"valueType":"INT64","timestamp":"1696700361","value":"0"},{"valueType":"INT64","timestamp":"1696700301","value":"0"},{"valueType":"INT64","timestamp":"1696700241","value":"0"},{"valueType":"INT64","timestamp":"1696700181","value":"0"},{"valueType":"INT64","timestamp":"1696700121","value":"0"},{"valueType":"INT64","timestamp":"1696700061","value":"0"},{"valueType":"INT64","timestamp":"1696700001","value":"0"},{"valueType":"INT64","timestamp":"1696699941","value":"0"},{"valueType":"INT64","timestamp":"1696699881","value":"0"},{"valueType":"INT64","timestamp":"1696699821","value":"0"},{"valueType":"INT64","timestamp":"1696699761","value":"0"},{"valueType":"INT64","timestamp":"1696699701","value":"0"},{"valueType":"INT64","timestamp":"1696699641","value":"0"},{"valueType":"INT64","timestamp":"1696699581","value":"0"},{"valueType":"INT64","timestamp":"1696699521","value":"0"},{"valueType":"INT64","timestamp":"1696699461","value":"0"},{"valueType":"INT64","timestamp":"1696699401","value":"0"},{"valueType":"INT64","timestamp":"1696699341","value":"0"},{"valueType":"INT64","timestamp":"1696699281","value":"0"},{"valueType":"INT64","timestamp":"1696699221","value":"0"},{"valueType":"INT64","timestamp":"1696699161","value":"0"},{"valueType":"INT64","timestamp":"1696699101","value":"0"},{"valueType":"INT64","timestamp":"1696699041","value":"0"},{"valueType":"INT64","timestamp":"1696698981","value":"0"},{"valueType":"INT64","timestamp":"1696698921","value":"0"},{"valueType":"INT64","timestamp":"1696698861","value":"0"},{"valueType":"INT64","timestamp":"1696698801","value":"0"},{"valueType":"INT64","timestamp":"1696698741","value":"0"},{"valueType":"INT64","timestamp":"1696698681","value":"0"},{"valueType":"INT64","timestamp":"1696698621","value":"0"},{"valueType":"INT64","timestamp":"1696698561","value":"0"},{"valueType":"INT64","timestamp":"1696698501","value":"0"},{"valueType":"INT64","timestamp":"1696698441","value":"0"},{"valueType":"INT64","timestamp":"1696698381","value":"0"},{"valueType":"INT64","timestamp":"1696698321","value":"0"},{"valueType":"INT64","timestamp":"1696698261","value":"0"},{"valueType":"INT64","timestamp":"1696698201","value":"0"},{"valueType":"INT64","timestamp":"1696698141","value":"0"},{"valueType":"INT64","timestamp":"1696698081","value":"0"},{"valueType":"INT64","timestamp":"1696698021","value":"0"},{"valueType":"INT64","timestamp":"1696697961","value":"0"},{"valueType":"INT64","timestamp":"1696697901","value":"0"},{"valueType":"INT64","timestamp":"1696697841","value":"0"},{"valueType":"INT64","timestamp":"1696697781","value":"0"},{"valueType":"INT64","timestamp":"1696697721","value":"0"},{"valueType":"INT64","timestamp":"1696697661","value":"0"},{"valueType":"INT64","timestamp":"1696697601","value":"0"},{"valueType":"INT64","timestamp":"1696697541","value":"0"},{"valueType":"INT64","timestamp":"1696697481","value":"0"},{"valueType":"INT64","timestamp":"1696697421","value":"0"},{"valueType":"INT64","timestamp":"1696697361","value":"0"},{"valueType":"INT64","timestamp":"1696697301","value":"0"},{"valueType":"INT64","timestamp":"1696697241","value":"0"},{"valueType":"INT64","timestamp":"1696697181","value":"0"},{"valueType":"INT64","timestamp":"1696697121","value":"0"},{"valueType":"INT64","timestamp":"1696697061","value":"0"},{"valueType":"INT64","timestamp":"1696697001","value":"0"},{"valueType":"INT64","timestamp":"1696696941","value":"0"},{"valueType":"INT64","timestamp":"1696696881","value":"0"},{"valueType":"INT64","timestamp":"1696696821","value":"0"},{"valueType":"INT64","timestamp":"1696696761","value":"0"},{"valueType":"INT64","timestamp":"1696696701","value":"0"},{"valueType":"INT64","timestamp":"1696696641","value":"0"},{"valueType":"INT64","timestamp":"1696696581","value":"0"},{"valueType":"INT64","timestamp":"1696696521","value":"0"},{"valueType":"INT64","timestamp":"1696696461","value":"0"},{"valueType":"INT64","timestamp":"1696696401","value":"0"},{"valueType":"INT64","timestamp":"1696696341","value":"0"},{"valueType":"INT64","timestamp":"1696696281","value":"0"},{"valueType":"INT64","timestamp":"1696696221","value":"0"},{"valueType":"INT64","timestamp":"1696696161","value":"0"},{"valueType":"INT64","timestamp":"1696696101","value":"0"},{"valueType":"INT64","timestamp":"1696696041","value":"0"},{"valueType":"INT64","timestamp":"1696695981","value":"0"},{"valueType":"INT64","timestamp":"1696695921","value":"0"},{"valueType":"INT64","timestamp":"1696695861","value":"0"},{"valueType":"INT64","timestamp":"1696695801","value":"0"},{"valueType":"INT64","timestamp":"1696695741","value":"0"},{"valueType":"INT64","timestamp":"1696695681","value":"0"},{"valueType":"INT64","timestamp":"1696695621","value":"0"},{"valueType":"INT64","timestamp":"1696695561","value":"0"},{"valueType":"INT64","timestamp":"1696695501","value":"0"},{"valueType":"INT64","timestamp":"1696695441","value":"0"},{"valueType":"INT64","timestamp":"1696695381","value":"0"},{"valueType":"INT64","timestamp":"1696695321","value":"0"},{"valueType":"INT64","timestamp":"1696695261","value":"0"},{"valueType":"INT64","timestamp":"1696695201","value":"0"},{"valueType":"INT64","timestamp":"1696695141","value":"0"},{"valueType":"INT64","timestamp":"1696695081","value":"0"},{"valueType":"INT64","timestamp":"1696695021","value":"0"},{"valueType":"INT64","timestamp":"1696694961","value":"0"},{"valueType":"INT64","timestamp":"1696694901","value":"0"},{"valueType":"INT64","timestamp":"1696694841","value":"0"},{"valueType":"INT64","timestamp":"1696694781","value":"0"},{"valueType":"INT64","timestamp":"1696694721","value":"0"},{"valueType":"INT64","timestamp":"1696694661","value":"0"},{"valueType":"INT64","timestamp":"1696694601","value":"0"},{"valueType":"INT64","timestamp":"1696694541","value":"0"},{"valueType":"INT64","timestamp":"1696694481","value":"0"},{"valueType":"INT64","timestamp":"1696694421","value":"0"},{"valueType":"INT64","timestamp":"1696694361","value":"0"},{"valueType":"INT64","timestamp":"1696694301","value":"0"},{"valueType":"INT64","timestamp":"1696694241","value":"0"},{"valueType":"INT64","timestamp":"1696694181","value":"0"},{"valueType":"INT64","timestamp":"1696694121","value":"0"},{"valueType":"INT64","timestamp":"1696694061","value":"0"},{"valueType":"INT64","timestamp":"1696694001","value":"0"},{"valueType":"INT64","timestamp":"1696693941","value":"0"},{"valueType":"INT64","timestamp":"1696693881","value":"0"},{"valueType":"INT64","timestamp":"1696693821","value":"0"},{"valueType":"INT64","timestamp":"1696693761","value":"0"},{"valueType":"INT64","timestamp":"1696693701","value":"0"},{"valueType":"INT64","timestamp":"1696693641","value":"0"},{"valueType":"INT64","timestamp":"1696693581","value":"0"},{"valueType":"INT64","timestamp":"1696693521","value":"0"},{"valueType":"INT64","timestamp":"1696693461","value":"0"},{"valueType":"INT64","timestamp":"1696693401","value":"0"},{"valueType":"INT64","timestamp":"1696693341","value":"0"},{"valueType":"INT64","timestamp":"1696693281","value":"0"},{"valueType":"INT64","timestamp":"1696693221","value":"0"},{"valueType":"INT64","timestamp":"1696693161","value":"0"},{"valueType":"INT64","timestamp":"1696693101","value":"0"},{"valueType":"INT64","timestamp":"1696693041","value":"0"},{"valueType":"INT64","timestamp":"1696692981","value":"0"},{"valueType":"INT64","timestamp":"1696692921","value":"0"},{"valueType":"INT64","timestamp":"1696692861","value":"0"},{"valueType":"INT64","timestamp":"1696692801","value":"0"},{"valueType":"INT64","timestamp":"1696692741","value":"0"},{"valueType":"INT64","timestamp":"1696692681","value":"0"},{"valueType":"INT64","timestamp":"1696692621","value":"0"},{"valueType":"INT64","timestamp":"1696692561","value":"0"},{"valueType":"INT64","timestamp":"1696692501","value":"0"},{"valueType":"INT64","timestamp":"1696692441","value":"0"},{"valueType":"INT64","timestamp":"1696692381","value":"0"},{"valueType":"INT64","timestamp":"1696692321","value":"0"},{"valueType":"INT64","timestamp":"1696692261","value":"0"},{"valueType":"INT64","timestamp":"1696692201","value":"0"},{"valueType":"INT64","timestamp":"1696692141","value":"0"},{"valueType":"INT64","timestamp":"1696692081","value":"0"},{"valueType":"INT64","timestamp":"1696692021","value":"0"},{"valueType":"INT64","timestamp":"1696691961","value":"0"},{"valueType":"INT64","timestamp":"1696691901","value":"0"},{"valueType":"INT64","timestamp":"1696691841","value":"0"},{"valueType":"INT64","timestamp":"1696691781","value":"0"},{"valueType":"INT64","timestamp":"1696691721","value":"0"},{"valueType":"INT64","timestamp":"1696691661","value":"0"},{"valueType":"INT64","timestamp":"1696691601","value":"0"},{"valueType":"INT64","timestamp":"1696691541","value":"0"},{"valueType":"INT64","timestamp":"1696691481","value":"0"},{"valueType":"INT64","timestamp":"1696691421","value":"0"},{"valueType":"INT64","timestamp":"1696691361","value":"0"},{"valueType":"INT64","timestamp":"1696691301","value":"0"},{"valueType":"INT64","timestamp":"1696691241","value":"0"},{"valueType":"INT64","timestamp":"1696691181","value":"0"},{"valueType":"INT64","timestamp":"1696691121","value":"0"},{"valueType":"INT64","timestamp":"1696691061","value":"0"},{"valueType":"INT64","timestamp":"1696691001","value":"0"},{"valueType":"INT64","timestamp":"1696690941","value":"0"},{"valueType":"INT64","timestamp":"1696690881","value":"0"},{"valueType":"INT64","timestamp":"1696690821","value":"0"},{"valueType":"INT64","timestamp":"1696690761","value":"0"},{"valueType":"INT64","timestamp":"1696690701","value":"0"},{"valueType":"INT64","timestamp":"1696690641","value":"0"},{"valueType":"INT64","timestamp":"1696690581","value":"0"},{"valueType":"INT64","timestamp":"1696690521","value":"0"},{"valueType":"INT64","timestamp":"1696690461","value":"0"},{"valueType":"INT64","timestamp":"1696690401","value":"0"},{"valueType":"INT64","timestamp":"1696690341","value":"0"},{"valueType":"INT64","timestamp":"1696690281","value":"0"},{"valueType":"INT64","timestamp":"1696690221","value":"0"},{"valueType":"INT64","timestamp":"1696690161","value":"0"},{"valueType":"INT64","timestamp":"1696690101","value":"0"},{"valueType":"INT64","timestamp":"1696690041","value":"0"},{"valueType":"INT64","timestamp":"1696689981","value":"0"},{"valueType":"INT64","timestamp":"1696689921","value":"0"},{"valueType":"INT64","timestamp":"1696689861","value":"0"},{"valueType":"INT64","timestamp":"1696689801","value":"0"},{"valueType":"INT64","timestamp":"1696689741","value":"0"},{"valueType":"INT64","timestamp":"1696689681","value":"0"},{"valueType":"INT64","timestamp":"1696689621","value":"0"},{"valueType":"INT64","timestamp":"1696689561","value":"0"},{"valueType":"INT64","timestamp":"1696689501","value":"0"},{"valueType":"INT64","timestamp":"1696689441","value":"0"},{"valueType":"INT64","timestamp":"1696689381","value":"0"},{"valueType":"INT64","timestamp":"1696689321","value":"0"},{"valueType":"INT64","timestamp":"1696689261","value":"0"},{"valueType":"INT64","timestamp":"1696689201","value":"0"},{"valueType":"INT64","timestamp":"1696689141","value":"0"},{"valueType":"INT64","timestamp":"1696689081","value":"0"},{"valueType":"INT64","timestamp":"1696689021","value":"0"},{"valueType":"INT64","timestamp":"1696688961","value":"0"},{"valueType":"INT64","timestamp":"1696688901","value":"0"},{"valueType":"INT64","timestamp":"1696688841","value":"0"},{"valueType":"INT64","timestamp":"1696688781","value":"0"},{"valueType":"INT64","timestamp":"1696688721","value":"0"},{"valueType":"INT64","timestamp":"1696688661","value":"0"},{"valueType":"INT64","timestamp":"1696688601","value":"0"},{"valueType":"INT64","timestamp":"1696688541","value":"0"},{"valueType":"INT64","timestamp":"1696688481","value":"0"},{"valueType":"INT64","timestamp":"1696688421","value":"0"},{"valueType":"INT64","timestamp":"1696688361","value":"0"},{"valueType":"INT64","timestamp":"1696688301","value":"0"},{"valueType":"INT64","timestamp":"1696688241","value":"0"},{"valueType":"INT64","timestamp":"1696688181","value":"0"},{"valueType":"INT64","timestamp":"1696688121","value":"0"},{"valueType":"INT64","timestamp":"1696688061","value":"0"},{"valueType":"INT64","timestamp":"1696688001","value":"0"},{"valueType":"INT64","timestamp":"1696687941","value":"0"},{"valueType":"INT64","timestamp":"1696687881","value":"0"},{"valueType":"INT64","timestamp":"1696687821","value":"0"},{"valueType":"INT64","timestamp":"1696687761","value":"0"},{"valueType":"INT64","timestamp":"1696687701","value":"0"},{"valueType":"INT64","timestamp":"1696687641","value":"0"},{"valueType":"INT64","timestamp":"1696687581","value":"0"},{"valueType":"INT64","timestamp":"1696687521","value":"0"},{"valueType":"INT64","timestamp":"1696687461","value":"0"},{"valueType":"INT64","timestamp":"1696687401","value":"0"},{"valueType":"INT64","timestamp":"1696687341","value":"0"},{"valueType":"INT64","timestamp":"1696687281","value":"0"},{"valueType":"INT64","timestamp":"1696687221","value":"0"},{"valueType":"INT64","timestamp":"1696687161","value":"0"},{"valueType":"INT64","timestamp":"1696687101","value":"0"},{"valueType":"INT64","timestamp":"1696687041","value":"0"},{"valueType":"INT64","timestamp":"1696686981","value":"0"},{"valueType":"INT64","timestamp":"1696686921","value":"0"},{"valueType":"INT64","timestamp":"1696686861","value":"0"},{"valueType":"INT64","timestamp":"1696686801","value":"0"},{"valueType":"INT64","timestamp":"1696686741","value":"0"},{"valueType":"INT64","timestamp":"1696686681","value":"0"},{"valueType":"INT64","timestamp":"1696686621","value":"0"},{"valueType":"INT64","timestamp":"1696686561","value":"0"},{"valueType":"INT64","timestamp":"1696686501","value":"0"},{"valueType":"INT64","timestamp":"1696686441","value":"0"},{"valueType":"INT64","timestamp":"1696686381","value":"0"},{"valueType":"INT64","timestamp":"1696686321","value":"0"},{"valueType":"INT64","timestamp":"1696686261","value":"0"},{"valueType":"INT64","timestamp":"1696686201","value":"0"},{"valueType":"INT64","timestamp":"1696686141","value":"0"},{"valueType":"INT64","timestamp":"1696686081","value":"0"},{"valueType":"INT64","timestamp":"1696686021","value":"0"},{"valueType":"INT64","timestamp":"1696685961","value":"0"},{"valueType":"INT64","timestamp":"1696685901","value":"0"},{"valueType":"INT64","timestamp":"1696685841","value":"0"},{"valueType":"INT64","timestamp":"1696685781","value":"0"},{"valueType":"INT64","timestamp":"1696685721","value":"0"},{"valueType":"INT64","timestamp":"1696685661","value":"0"},{"valueType":"INT64","timestamp":"1696685601","value":"0"},{"valueType":"INT64","timestamp":"1696685541","value":"0"},{"valueType":"INT64","timestamp":"1696685481","value":"0"},{"valueType":"INT64","timestamp":"1696685421","value":"0"},{"valueType":"INT64","timestamp":"1696685361","value":"0"},{"valueType":"INT64","timestamp":"1696685301","value":"0"},{"valueType":"INT64","timestamp":"1696685241","value":"0"},{"valueType":"INT64","timestamp":"1696685181","value":"0"},{"valueType":"INT64","timestamp":"1696685121","value":"0"},{"valueType":"INT64","timestamp":"1696685061","value":"0"},{"valueType":"INT64","timestamp":"1696685001","value":"0"},{"valueType":"INT64","timestamp":"1696684941","value":"0"},{"valueType":"INT64","timestamp":"1696684881","value":"0"},{"valueType":"INT64","timestamp":"1696684821","value":"0"},{"valueType":"INT64","timestamp":"1696684761","value":"0"},{"valueType":"INT64","timestamp":"1696684701","value":"0"},{"valueType":"INT64","timestamp":"1696684641","value":"0"},{"valueType":"INT64","timestamp":"1696684581","value":"0"}]}