{"podName":"ledgerwriter-f6cc7889d-rczj4","containerName":"ledgerwriter","nodeName":null,"metricType":"kubernetes.io/container/cpu/core_usage_time","metrics":[{"valueType":"DOUBLE","timestamp":"1696684518","value":9121.074426},{"valueType":"DOUBLE","timestamp":"1696684458","value":9120.926377},{"valueType":"DOUBLE","timestamp":"1696684398","value":9120.704988},{"valueType":"DOUBLE","timestamp":"1696684339","value":9120.628026},{"valueType":"DOUBLE","timestamp":"1696684278","value":9120.482259},{"valueType":"DOUBLE","timestamp":"1696684218","value":9120.330282},{"valueType":"DOUBLE","timestamp":"1696684158","value":9120.16929},{"valueType":"DOUBLE","timestamp":"1696684098","value":9120.026589},{"valueType":"DOUBLE","timestamp":"1696684038","value":9119.862169},{"valueType":"DOUBLE","timestamp":"1696683978","value":9119.712632},{"valueType":"DOUBLE","timestamp":"1696683918","value":9119.567659},{"valueType":"DOUBLE","timestamp":"1696683858","value":9119.400655},{"valueType":"DOUBLE","timestamp":"1696683799","value":9119.242996},{"valueType":"DOUBLE","timestamp":"1696683738","value":9119.098166},{"valueType":"DOUBLE","timestamp":"1696683679","value":9118.875681},{"valueType":"DOUBLE","timestamp":"1696683619","value":9118.729795},{"valueType":"DOUBLE","timestamp":"1696683559","value":9118.653476},{"valueType":"DOUBLE","timestamp":"1696683498","value":9118.483301},{"valueType":"DOUBLE","timestamp":"1696683439","value":9118.171394},{"valueType":"DOUBLE","timestamp":"1696683379","value":9117.80266},{"valueType":"DOUBLE","timestamp":"1696683319","value":9117.535099},{"valueType":"DOUBLE","timestamp":"1696683259","value":9117.316425},{"valueType":"DOUBLE","timestamp":"1696683199","value":9117.006962},{"valueType":"DOUBLE","timestamp":"1696683139","value":9116.761351},{"valueType":"DOUBLE","timestamp":"1696683079","value":9116.582666},{"valueType":"DOUBLE","timestamp":"1696683018","value":9116.375035},{"valueType":"DOUBLE","timestamp":"1696682959","value":9116.043305},{"valueType":"DOUBLE","timestamp":"1696682899","value":9115.784109},{"valueType":"DOUBLE","timestamp":"1696682838","value":9115.524585},{"valueType":"DOUBLE","timestamp":"1696682778","value":9115.016229},{"valueType":"DOUBLE","timestamp":"1696682718","value":9114.642101},{"valueType":"DOUBLE","timestamp":"1696682658","value":9114.390294},{"valueType":"DOUBLE","timestamp":"1696682598","value":9114.241983},{"valueType":"DOUBLE","timestamp":"1696682538","value":9114.098045},{"valueType":"DOUBLE","timestamp":"1696682478","value":9113.940658},{"valueType":"DOUBLE","timestamp":"1696682418","value":9113.782552},{"valueType":"DOUBLE","timestamp":"1696682358","value":9113.65654},{"valueType":"DOUBLE","timestamp":"1696682298","value":9113.498032},{"valueType":"DOUBLE","timestamp":"1696682239","value":9113.341968},{"valueType":"DOUBLE","timestamp":"1696682178","value":9113.128102},{"valueType":"DOUBLE","timestamp":"1696682118","value":9113.040113},{"valueType":"DOUBLE","timestamp":"1696682058","value":9112.878729},{"valueType":"DOUBLE","timestamp":"1696681998","value":9112.723894},{"valueType":"DOUBLE","timestamp":"1696681938","value":9112.565151},{"valueType":"DOUBLE","timestamp":"1696681878","value":9112.310414},{"valueType":"DOUBLE","timestamp":"1696681819","value":9112.11106},{"valueType":"DOUBLE","timestamp":"1696681758","value":9111.698333},{"valueType":"DOUBLE","timestamp":"1696681698","value":9111.535996},{"valueType":"DOUBLE","timestamp":"1696681639","value":9111.122574},{"valueType":"DOUBLE","timestamp":"1696681579","value":9110.711314},{"valueType":"DOUBLE","timestamp":"1696681519","value":9110.506246},{"valueType":"DOUBLE","timestamp":"1696681459","value":9110.246017},{"valueType":"DOUBLE","timestamp":"1696681399","value":9109.558669},{"valueType":"DOUBLE","timestamp":"1696681339","value":9109.189541},{"valueType":"DOUBLE","timestamp":"1696681279","value":9108.874164},{"valueType":"DOUBLE","timestamp":"1696681219","value":9108.575642},{"valueType":"DOUBLE","timestamp":"1696681159","value":9108.377476},{"valueType":"DOUBLE","timestamp":"1696681099","value":9108.316973},{"valueType":"DOUBLE","timestamp":"1696681039","value":9108.169888},{"valueType":"DOUBLE","timestamp":"1696680979","value":9107.97355},{"valueType":"DOUBLE","timestamp":"1696680919","value":9107.838762},{"valueType":"DOUBLE","timestamp":"1696680858","value":9107.692729},{"valueType":"DOUBLE","timestamp":"1696680798","value":9107.631926},{"valueType":"DOUBLE","timestamp":"1696680738","value":9107.501686},{"valueType":"DOUBLE","timestamp":"1696680678","value":9107.359938},{"valueType":"DOUBLE","timestamp":"1696680619","value":9107.230871},{"valueType":"DOUBLE","timestamp":"1696680559","value":9107.095947},{"valueType":"DOUBLE","timestamp":"1696680498","value":9106.945586},{"valueType":"DOUBLE","timestamp":"1696680439","value":9106.740144},{"valueType":"DOUBLE","timestamp":"1696680378","value":9106.661293},{"valueType":"DOUBLE","timestamp":"1696680318","value":9106.528425},{"valueType":"DOUBLE","timestamp":"1696680258","value":9106.397435},{"valueType":"DOUBLE","timestamp":"1696680198","value":9106.244853},{"valueType":"DOUBLE","timestamp":"1696680139","value":9106.12687},{"valueType":"DOUBLE","timestamp":"1696680079","value":9105.978329},{"valueType":"DOUBLE","timestamp":"1696680019","value":9105.839212},{"valueType":"DOUBLE","timestamp":"1696679958","value":9105.691294},{"valueType":"DOUBLE","timestamp":"1696679898","value":9105.544125},{"valueType":"DOUBLE","timestamp":"1696679838","value":9105.435696},{"valueType":"DOUBLE","timestamp":"1696679778","value":9105.278756},{"valueType":"DOUBLE","timestamp":"1696679719","value":9105.14093},{"valueType":"DOUBLE","timestamp":"1696679658","value":9105.010355},{"valueType":"DOUBLE","timestamp":"1696679599","value":9104.784012},{"valueType":"DOUBLE","timestamp":"1696679539","value":9104.715107},{"valueType":"DOUBLE","timestamp":"1696679479","value":9104.57133},{"valueType":"DOUBLE","timestamp":"1696679418","value":9104.44325},{"valueType":"DOUBLE","timestamp":"1696679359","value":9104.301441},{"valueType":"DOUBLE","timestamp":"1696679299","value":9104.1731},{"valueType":"DOUBLE","timestamp":"1696679239","value":9104.031776},{"valueType":"DOUBLE","timestamp":"1696679179","value":9103.907764},{"valueType":"DOUBLE","timestamp":"1696679119","value":9103.765496},{"valueType":"DOUBLE","timestamp":"1696679059","value":9103.18379},{"valueType":"DOUBLE","timestamp":"1696678999","value":9103.052589},{"valueType":"DOUBLE","timestamp":"1696678938","value":9102.910667},{"valueType":"DOUBLE","timestamp":"1696678878","value":9102.77847},{"valueType":"DOUBLE","timestamp":"1696678818","value":9102.65357},{"valueType":"DOUBLE","timestamp":"1696678758","value":9102.507818},{"valueType":"DOUBLE","timestamp":"1696678698","value":9102.357357},{"valueType":"DOUBLE","timestamp":"1696678638","value":9102.238325},{"valueType":"DOUBLE","timestamp":"1696678579","value":9102.099403},{"valueType":"DOUBLE","timestamp":"1696678518","value":9101.983278},{"valueType":"DOUBLE","timestamp":"1696678459","value":9101.856303},{"valueType":"DOUBLE","timestamp":"1696678398","value":9101.662421},{"valueType":"DOUBLE","timestamp":"1696678338","value":9101.594772},{"valueType":"DOUBLE","timestamp":"1696678278","value":9101.46539},{"valueType":"DOUBLE","timestamp":"1696678218","value":9101.32147},{"valueType":"DOUBLE","timestamp":"1696678158","value":9101.100036},{"valueType":"DOUBLE","timestamp":"1696678098","value":9101.023516},{"valueType":"DOUBLE","timestamp":"1696678038","value":9100.813223},{"valueType":"DOUBLE","timestamp":"1696677978","value":9100.734187},{"valueType":"DOUBLE","timestamp":"1696677918","value":9100.597872},{"valueType":"DOUBLE","timestamp":"1696677859","value":9100.454684},{"valueType":"DOUBLE","timestamp":"1696677799","value":9100.30795},{"valueType":"DOUBLE","timestamp":"1696677739","value":9100.17214},{"valueType":"DOUBLE","timestamp":"1696677679","value":9100.033903},{"valueType":"DOUBLE","timestamp":"1696677619","value":9099.903231},{"valueType":"DOUBLE","timestamp":"1696677559","value":9099.700939},{"valueType":"DOUBLE","timestamp":"1696677499","value":9099.572957},{"valueType":"DOUBLE","timestamp":"1696677439","value":9099.500911},{"valueType":"DOUBLE","timestamp":"1696677379","value":9099.370241},{"valueType":"DOUBLE","timestamp":"1696677319","value":9099.255598},{"valueType":"DOUBLE","timestamp":"1696677259","value":9099.049009},{"valueType":"DOUBLE","timestamp":"1696677199","value":9098.924034},{"valueType":"DOUBLE","timestamp":"1696677139","value":9098.793812},{"valueType":"DOUBLE","timestamp":"1696677078","value":9098.729026},{"valueType":"DOUBLE","timestamp":"1696677018","value":9098.53562},{"valueType":"DOUBLE","timestamp":"1696676958","value":9098.388609},{"valueType":"DOUBLE","timestamp":"1696676898","value":9098.313887},{"valueType":"DOUBLE","timestamp":"1696676839","value":9098.18378},{"valueType":"DOUBLE","timestamp":"1696676778","value":9098.025785},{"valueType":"DOUBLE","timestamp":"1696676718","value":9097.899988},{"valueType":"DOUBLE","timestamp":"1696676658","value":9097.765343},{"valueType":"DOUBLE","timestamp":"1696676599","value":9097.630465},{"valueType":"DOUBLE","timestamp":"1696676539","value":9097.437558},{"valueType":"DOUBLE","timestamp":"1696676479","value":9097.370435},{"valueType":"DOUBLE","timestamp":"1696676419","value":9097.211022},{"valueType":"DOUBLE","timestamp":"1696676359","value":9097.078467},{"valueType":"DOUBLE","timestamp":"1696676298","value":9096.924496},{"valueType":"DOUBLE","timestamp":"1696676238","value":9096.80674},{"valueType":"DOUBLE","timestamp":"1696676178","value":9096.686589},{"valueType":"DOUBLE","timestamp":"1696676118","value":9096.562953},{"valueType":"DOUBLE","timestamp":"1696676059","value":9096.350593},{"valueType":"DOUBLE","timestamp":"1696675998","value":9096.291154},{"valueType":"DOUBLE","timestamp":"1696675939","value":9096.08691},{"valueType":"DOUBLE","timestamp":"1696675879","value":9096.01612},{"valueType":"DOUBLE","timestamp":"1696675819","value":9095.877545},{"valueType":"DOUBLE","timestamp":"1696675759","value":9095.728341},{"valueType":"DOUBLE","timestamp":"1696675699","value":9095.592591},{"valueType":"DOUBLE","timestamp":"1696675639","value":9095.469893},{"valueType":"DOUBLE","timestamp":"1696675579","value":9095.32952},{"valueType":"DOUBLE","timestamp":"1696675519","value":9095.195127},{"valueType":"DOUBLE","timestamp":"1696675459","value":9095.065027},{"valueType":"DOUBLE","timestamp":"1696675399","value":9094.924979},{"valueType":"DOUBLE","timestamp":"1696675339","value":9094.788839},{"valueType":"DOUBLE","timestamp":"1696675279","value":9094.601371},{"valueType":"DOUBLE","timestamp":"1696675219","value":9094.521114},{"valueType":"DOUBLE","timestamp":"1696675159","value":9094.384119},{"valueType":"DOUBLE","timestamp":"1696675098","value":9094.26789},{"valueType":"DOUBLE","timestamp":"1696675038","value":9094.123652},{"valueType":"DOUBLE","timestamp":"1696674978","value":9093.937196},{"valueType":"DOUBLE","timestamp":"1696674918","value":9093.87176},{"valueType":"DOUBLE","timestamp":"1696674859","value":9093.666513},{"valueType":"DOUBLE","timestamp":"1696674799","value":9093.533925},{"valueType":"DOUBLE","timestamp":"1696674738","value":9093.471856},{"valueType":"DOUBLE","timestamp":"1696674678","value":9093.330563},{"valueType":"DOUBLE","timestamp":"1696674618","value":9093.19081},{"valueType":"DOUBLE","timestamp":"1696674559","value":9093.036175},{"valueType":"DOUBLE","timestamp":"1696674499","value":9092.899521},{"valueType":"DOUBLE","timestamp":"1696674439","value":9092.766837},{"valueType":"DOUBLE","timestamp":"1696674378","value":9092.577592},{"valueType":"DOUBLE","timestamp":"1696674318","value":9092.512082},{"valueType":"DOUBLE","timestamp":"1696674259","value":9092.350227},{"valueType":"DOUBLE","timestamp":"1696674198","value":9092.218214},{"valueType":"DOUBLE","timestamp":"1696674138","value":9092.084526},{"valueType":"DOUBLE","timestamp":"1696674078","value":9091.955812},{"valueType":"DOUBLE","timestamp":"1696674019","value":9091.800543},{"valueType":"DOUBLE","timestamp":"1696673959","value":9091.685528},{"valueType":"DOUBLE","timestamp":"1696673899","value":9091.549853},{"valueType":"DOUBLE","timestamp":"1696673839","value":9091.42066},{"valueType":"DOUBLE","timestamp":"1696673779","value":9091.294004},{"valueType":"DOUBLE","timestamp":"1696673719","value":9091.166607},{"valueType":"DOUBLE","timestamp":"1696673659","value":9091.035254},{"valueType":"DOUBLE","timestamp":"1696673599","value":9090.883042},{"valueType":"DOUBLE","timestamp":"1696673539","value":9090.766254},{"valueType":"DOUBLE","timestamp":"1696673479","value":9090.626984},{"valueType":"DOUBLE","timestamp":"1696673418","value":9090.479463},{"valueType":"DOUBLE","timestamp":"1696673359","value":9090.342581},{"valueType":"DOUBLE","timestamp":"1696673299","value":9090.206933},{"valueType":"DOUBLE","timestamp":"1696673239","value":9090.061339},{"valueType":"DOUBLE","timestamp":"1696673178","value":9089.947488},{"valueType":"DOUBLE","timestamp":"1696673118","value":9089.747802},{"valueType":"DOUBLE","timestamp":"1696673058","value":9089.664799},{"valueType":"DOUBLE","timestamp":"1696672998","value":9089.542263},{"valueType":"DOUBLE","timestamp":"1696672938","value":9089.391595},{"valueType":"DOUBLE","timestamp":"1696672879","value":9089.196795},{"valueType":"DOUBLE","timestamp":"1696672818","value":9089.117773},{"valueType":"DOUBLE","timestamp":"1696672758","value":9088.965733},{"valueType":"DOUBLE","timestamp":"1696672698","value":9088.84352},{"valueType":"DOUBLE","timestamp":"1696672638","value":9088.710702},{"valueType":"DOUBLE","timestamp":"1696672578","value":9088.569439},{"valueType":"DOUBLE","timestamp":"1696672518","value":9088.429142},{"valueType":"DOUBLE","timestamp":"1696672458","value":9088.284291},{"valueType":"DOUBLE","timestamp":"1696672398","value":9088.152644},{"valueType":"DOUBLE","timestamp":"1696672338","value":9087.998988},{"valueType":"DOUBLE","timestamp":"1696672278","value":9087.849742},{"valueType":"DOUBLE","timestamp":"1696672218","value":9087.720559},{"valueType":"DOUBLE","timestamp":"1696672159","value":9087.596557},{"valueType":"DOUBLE","timestamp":"1696672098","value":9087.455688},{"valueType":"DOUBLE","timestamp":"1696672038","value":9087.32863},{"valueType":"DOUBLE","timestamp":"1696671979","value":9087.189875},{"valueType":"DOUBLE","timestamp":"1696671919","value":9087.038971},{"valueType":"DOUBLE","timestamp":"1696671859","value":9086.849933},{"valueType":"DOUBLE","timestamp":"1696671799","value":9086.761584},{"valueType":"DOUBLE","timestamp":"1696671739","value":9086.635194},{"valueType":"DOUBLE","timestamp":"1696671679","value":9086.518984},{"valueType":"DOUBLE","timestamp":"1696671619","value":9086.34415},{"valueType":"DOUBLE","timestamp":"1696671559","value":9086.212812},{"valueType":"DOUBLE","timestamp":"1696671499","value":9086.093177},{"valueType":"DOUBLE","timestamp":"1696671439","value":9085.958384},{"valueType":"DOUBLE","timestamp":"1696671379","value":9085.824627},{"valueType":"DOUBLE","timestamp":"1696671319","value":9085.701999},{"valueType":"DOUBLE","timestamp":"1696671259","value":9085.562342},{"valueType":"DOUBLE","timestamp":"1696671198","value":9085.410262},{"valueType":"DOUBLE","timestamp":"1696671138","value":9085.251477},{"valueType":"DOUBLE","timestamp":"1696671079","value":9085.106026},{"valueType":"DOUBLE","timestamp":"1696671019","value":9084.90207},{"valueType":"DOUBLE","timestamp":"1696670958","value":9084.801726},{"valueType":"DOUBLE","timestamp":"1696670898","value":9084.617386},{"valueType":"DOUBLE","timestamp":"1696670838","value":9084.336304},{"valueType":"DOUBLE","timestamp":"1696670778","value":9084.078731},{"valueType":"DOUBLE","timestamp":"1696670718","value":9083.833153},{"valueType":"DOUBLE","timestamp":"1696670658","value":9083.569387},{"valueType":"DOUBLE","timestamp":"1696670598","value":9083.31169},{"valueType":"DOUBLE","timestamp":"1696670538","value":9082.967976},{"valueType":"DOUBLE","timestamp":"1696670478","value":9082.764922},{"valueType":"DOUBLE","timestamp":"1696670418","value":9082.4776},{"valueType":"DOUBLE","timestamp":"1696670359","value":9082.199045},{"valueType":"DOUBLE","timestamp":"1696670298","value":9081.938811},{"valueType":"DOUBLE","timestamp":"1696670238","value":9081.691607},{"valueType":"DOUBLE","timestamp":"1696670178","value":9081.425629},{"valueType":"DOUBLE","timestamp":"1696670118","value":9081.17503},{"valueType":"DOUBLE","timestamp":"1696670058","value":9080.91255},{"valueType":"DOUBLE","timestamp":"1696669999","value":9080.66628},{"valueType":"DOUBLE","timestamp":"1696669939","value":9080.523806},{"valueType":"DOUBLE","timestamp":"1696669879","value":9080.391038},{"valueType":"DOUBLE","timestamp":"1696669819","value":9080.235955},{"valueType":"DOUBLE","timestamp":"1696669758","value":9080.098145},{"valueType":"DOUBLE","timestamp":"1696669699","value":9079.944301},{"valueType":"DOUBLE","timestamp":"1696669639","value":9079.808913},{"valueType":"DOUBLE","timestamp":"1696669579","value":9079.656448},{"valueType":"DOUBLE","timestamp":"1696669519","value":9079.514645},{"valueType":"DOUBLE","timestamp":"1696669459","value":9079.316795},{"valueType":"DOUBLE","timestamp":"1696669398","value":9079.220241},{"valueType":"DOUBLE","timestamp":"1696669339","value":9079.080468},{"valueType":"DOUBLE","timestamp":"1696669279","value":9078.91658},{"valueType":"DOUBLE","timestamp":"1696669218","value":9078.746694},{"valueType":"DOUBLE","timestamp":"1696669158","value":9078.585117},{"valueType":"DOUBLE","timestamp":"1696669098","value":9078.430017},{"valueType":"DOUBLE","timestamp":"1696669038","value":9078.258876},{"valueType":"DOUBLE","timestamp":"1696668978","value":9078.132031},{"valueType":"DOUBLE","timestamp":"1696668918","value":9077.954992},{"valueType":"DOUBLE","timestamp":"1696668858","value":9077.820468},{"valueType":"DOUBLE","timestamp":"1696668798","value":9077.648834},{"valueType":"DOUBLE","timestamp":"1696668739","value":9077.426468},{"valueType":"DOUBLE","timestamp":"1696668679","value":9077.14214},{"valueType":"DOUBLE","timestamp":"1696668619","value":9076.838196},{"valueType":"DOUBLE","timestamp":"1696668558","value":9076.534536},{"valueType":"DOUBLE","timestamp":"1696668498","value":9076.341682},{"valueType":"DOUBLE","timestamp":"1696668438","value":9076.054748},{"valueType":"DOUBLE","timestamp":"1696668378","value":9075.716018},{"valueType":"DOUBLE","timestamp":"1696668318","value":9075.558516},{"valueType":"DOUBLE","timestamp":"1696668259","value":9075.285092},{"valueType":"DOUBLE","timestamp":"1696668199","value":9075.028367},{"valueType":"DOUBLE","timestamp":"1696668138","value":9074.715664},{"valueType":"DOUBLE","timestamp":"1696668078","value":9074.413045},{"valueType":"DOUBLE","timestamp":"1696668018","value":9074.094512},{"valueType":"DOUBLE","timestamp":"1696667958","value":9073.814382},{"valueType":"DOUBLE","timestamp":"1696667899","value":9073.554607},{"valueType":"DOUBLE","timestamp":"1696667838","value":9073.296614},{"valueType":"DOUBLE","timestamp":"1696667779","value":9073.013486},{"valueType":"DOUBLE","timestamp":"1696667718","value":9072.768156},{"valueType":"DOUBLE","timestamp":"1696667659","value":9072.475061},{"valueType":"DOUBLE","timestamp":"1696667598","value":9072.158273},{"valueType":"DOUBLE","timestamp":"1696667538","value":9072.036424},{"valueType":"DOUBLE","timestamp":"1696667478","value":9071.837392},{"valueType":"DOUBLE","timestamp":"1696667418","value":9071.612126},{"valueType":"DOUBLE","timestamp":"1696667358","value":9071.382986},{"valueType":"DOUBLE","timestamp":"1696667298","value":9071.196315},{"valueType":"DOUBLE","timestamp":"1696667238","value":9070.93929},{"valueType":"DOUBLE","timestamp":"1696667178","value":9070.811549},{"valueType":"DOUBLE","timestamp":"1696667118","value":9070.606218},{"valueType":"DOUBLE","timestamp":"1696667058","value":9070.284497},{"valueType":"DOUBLE","timestamp":"1696666998","value":9070.156685},{"valueType":"DOUBLE","timestamp":"1696666938","value":9069.965493},{"valueType":"DOUBLE","timestamp":"1696666878","value":9069.687261},{"valueType":"DOUBLE","timestamp":"1696666819","value":9069.538689},{"valueType":"DOUBLE","timestamp":"1696666758","value":9069.344841},{"valueType":"DOUBLE","timestamp":"1696666698","value":9069.111245},{"valueType":"DOUBLE","timestamp":"1696666638","value":9068.850954},{"valueType":"DOUBLE","timestamp":"1696666578","value":9068.42491},{"valueType":"DOUBLE","timestamp":"1696666519","value":9068.218622},{"valueType":"DOUBLE","timestamp":"1696666459","value":9067.936292},{"valueType":"DOUBLE","timestamp":"1696666398","value":9067.643475},{"valueType":"DOUBLE","timestamp":"1696666339","value":9067.333967},{"valueType":"DOUBLE","timestamp":"1696666279","value":9067.036085},{"valueType":"DOUBLE","timestamp":"1696666218","value":9066.745256},{"valueType":"DOUBLE","timestamp":"1696666158","value":9066.411365},{"valueType":"DOUBLE","timestamp":"1696666098","value":9066.193159},{"valueType":"DOUBLE","timestamp":"1696666039","value":9065.949934},{"valueType":"DOUBLE","timestamp":"1696665979","value":9065.57358},{"valueType":"DOUBLE","timestamp":"1696665918","value":9065.273003},{"valueType":"DOUBLE","timestamp":"1696665858","value":9065.001574},{"valueType":"DOUBLE","timestamp":"1696665799","value":9064.843686},{"valueType":"DOUBLE","timestamp":"1696665738","value":9064.475099},{"valueType":"DOUBLE","timestamp":"1696665678","value":9064.266916},{"valueType":"DOUBLE","timestamp":"1696665618","value":9064.014475},{"valueType":"DOUBLE","timestamp":"1696665558","value":9063.795307},{"valueType":"DOUBLE","timestamp":"1696665498","value":9063.443137},{"valueType":"DOUBLE","timestamp":"1696665438","value":9063.203228},{"valueType":"DOUBLE","timestamp":"1696665378","value":9062.886431},{"valueType":"DOUBLE","timestamp":"1696665318","value":9062.644859},{"valueType":"DOUBLE","timestamp":"1696665258","value":9062.30393},{"valueType":"DOUBLE","timestamp":"1696665199","value":9062.038334},{"valueType":"DOUBLE","timestamp":"1696665138","value":9061.751613},{"valueType":"DOUBLE","timestamp":"1696665078","value":9061.505482},{"valueType":"DOUBLE","timestamp":"1696665018","value":9061.202645},{"valueType":"DOUBLE","timestamp":"1696664958","value":9060.889933},{"valueType":"DOUBLE","timestamp":"1696664898","value":9060.618553},{"valueType":"DOUBLE","timestamp":"1696664838","value":9060.318785},{"valueType":"DOUBLE","timestamp":"1696664778","value":9060.084763},{"valueType":"DOUBLE","timestamp":"1696664718","value":9059.77242},{"valueType":"DOUBLE","timestamp":"1696664659","value":9059.514816},{"valueType":"DOUBLE","timestamp":"1696664598","value":9059.262153},{"valueType":"DOUBLE","timestamp":"1696664539","value":9059.032863},{"valueType":"DOUBLE","timestamp":"1696664479","value":9058.888222},{"valueType":"DOUBLE","timestamp":"1696664419","value":9058.708657},{"valueType":"DOUBLE","timestamp":"1696664358","value":9058.564025},{"valueType":"DOUBLE","timestamp":"1696664299","value":9058.323871},{"valueType":"DOUBLE","timestamp":"1696664238","value":9058.077233},{"valueType":"DOUBLE","timestamp":"1696664178","value":9057.869671},{"valueType":"DOUBLE","timestamp":"1696664118","value":9057.548388},{"valueType":"DOUBLE","timestamp":"1696664058","value":9057.222457},{"valueType":"DOUBLE","timestamp":"1696663998","value":9056.956263},{"valueType":"DOUBLE","timestamp":"1696663938","value":9056.656664},{"valueType":"DOUBLE","timestamp":"1696663879","value":9056.395632},{"valueType":"DOUBLE","timestamp":"1696663818","value":9056.123145},{"valueType":"DOUBLE","timestamp":"1696663758","value":9055.775524},{"valueType":"DOUBLE","timestamp":"1696663698","value":9055.591036},{"valueType":"DOUBLE","timestamp":"1696663638","value":9055.304763},{"valueType":"DOUBLE","timestamp":"1696663579","value":9055.034095},{"valueType":"DOUBLE","timestamp":"1696663518","value":9054.744023},{"valueType":"DOUBLE","timestamp":"1696663458","value":9054.449551},{"valueType":"DOUBLE","timestamp":"1696663398","value":9054.176831},{"valueType":"DOUBLE","timestamp":"1696663338","value":9053.902805},{"valueType":"DOUBLE","timestamp":"1696663278","value":9053.500685},{"valueType":"DOUBLE","timestamp":"1696663218","value":9053.21222},{"valueType":"DOUBLE","timestamp":"1696663158","value":9052.978677},{"valueType":"DOUBLE","timestamp":"1696663098","value":9052.675967},{"valueType":"DOUBLE","timestamp":"1696663038","value":9052.403107},{"valueType":"DOUBLE","timestamp":"1696662978","value":9052.128926},{"valueType":"DOUBLE","timestamp":"1696662918","value":9051.825506},{"valueType":"DOUBLE","timestamp":"1696662859","value":9051.586673},{"valueType":"DOUBLE","timestamp":"1696662799","value":9051.326262},{"valueType":"DOUBLE","timestamp":"1696662738","value":9051.000238},{"valueType":"DOUBLE","timestamp":"1696662679","value":9050.832349},{"valueType":"DOUBLE","timestamp":"1696662619","value":9050.542579},{"valueType":"DOUBLE","timestamp":"1696662559","value":9050.237976},{"valueType":"DOUBLE","timestamp":"1696662498","value":9050.007585},{"valueType":"DOUBLE","timestamp":"1696662438","value":9049.684581},{"valueType":"DOUBLE","timestamp":"1696662379","value":9049.509615},{"valueType":"DOUBLE","timestamp":"1696662318","value":9049.164046},{"valueType":"DOUBLE","timestamp":"1696662259","value":9049.020412},{"valueType":"DOUBLE","timestamp":"1696662198","value":9048.746341},{"valueType":"DOUBLE","timestamp":"1696662139","value":9048.421852},{"valueType":"DOUBLE","timestamp":"1696662078","value":9048.208553},{"valueType":"DOUBLE","timestamp":"1696662018","value":9047.919144},{"valueType":"DOUBLE","timestamp":"1696661959","value":9047.669087},{"valueType":"DOUBLE","timestamp":"1696661898","value":9047.388368},{"valueType":"DOUBLE","timestamp":"1696661838","value":9047.078552},{"valueType":"DOUBLE","timestamp":"1696661778","value":9046.820392},{"valueType":"DOUBLE","timestamp":"1696661718","value":9046.485283},{"valueType":"DOUBLE","timestamp":"1696661658","value":9046.215717},{"valueType":"DOUBLE","timestamp":"1696661598","value":9046.034474},{"valueType":"DOUBLE","timestamp":"1696661538","value":9045.741731},{"valueType":"DOUBLE","timestamp":"1696661478","value":9045.435485},{"valueType":"DOUBLE","timestamp":"1696661418","value":9045.174932},{"valueType":"DOUBLE","timestamp":"1696661358","value":9044.920098},{"valueType":"DOUBLE","timestamp":"1696661298","value":9044.626079},{"valueType":"DOUBLE","timestamp":"1696661238","value":9044.332807},{"valueType":"DOUBLE","timestamp":"1696661178","value":9044.030062},{"valueType":"DOUBLE","timestamp":"1696661118","value":9043.77036},{"valueType":"DOUBLE","timestamp":"1696661058","value":9043.495559},{"valueType":"DOUBLE","timestamp":"1696660998","value":9043.174238},{"valueType":"DOUBLE","timestamp":"1696660938","value":9042.890127},{"valueType":"DOUBLE","timestamp":"1696660878","value":9042.529691},{"valueType":"DOUBLE","timestamp":"1696660818","value":9042.325126},{"valueType":"DOUBLE","timestamp":"1696660759","value":9041.955796},{"valueType":"DOUBLE","timestamp":"1696660699","value":9041.79742},{"valueType":"DOUBLE","timestamp":"1696660638","value":9041.425601},{"valueType":"DOUBLE","timestamp":"1696660579","value":9041.199225},{"valueType":"DOUBLE","timestamp":"1696660518","value":9040.920653},{"valueType":"DOUBLE","timestamp":"1696660459","value":9040.620781},{"valueType":"DOUBLE","timestamp":"1696660399","value":9040.29998},{"valueType":"DOUBLE","timestamp":"1696660338","value":9040.100956},{"valueType":"DOUBLE","timestamp":"1696660278","value":9039.779109},{"valueType":"DOUBLE","timestamp":"1696660218","value":9039.409337},{"valueType":"DOUBLE","timestamp":"1696660159","value":9039.265357},{"valueType":"DOUBLE","timestamp":"1696660098","value":9038.877928},{"valueType":"DOUBLE","timestamp":"1696660038","value":9038.535843},{"valueType":"DOUBLE","timestamp":"1696659979","value":9038.339035},{"valueType":"DOUBLE","timestamp":"1696659918","value":9038.044179},{"valueType":"DOUBLE","timestamp":"1696659859","value":9037.773376},{"valueType":"DOUBLE","timestamp":"1696659798","value":9037.502317},{"valueType":"DOUBLE","timestamp":"1696659739","value":9037.218657},{"valueType":"DOUBLE","timestamp":"1696659678","value":9036.931187},{"valueType":"DOUBLE","timestamp":"1696659618","value":9036.649204},{"valueType":"DOUBLE","timestamp":"1696659558","value":9036.405491},{"valueType":"DOUBLE","timestamp":"1696659498","value":9036.116329},{"valueType":"DOUBLE","timestamp":"1696659438","value":9035.820597},{"valueType":"DOUBLE","timestamp":"1696659378","value":9035.559316},{"valueType":"DOUBLE","timestamp":"1696659319","value":9035.316717},{"valueType":"DOUBLE","timestamp":"1696659258","value":9034.948766},{"valueType":"DOUBLE","timestamp":"1696659198","value":9034.696285},{"valueType":"DOUBLE","timestamp":"1696659138","value":9034.515269},{"valueType":"DOUBLE","timestamp":"1696659078","value":9034.297737},{"valueType":"DOUBLE","timestamp":"1696659019","value":9034.05914},{"valueType":"DOUBLE","timestamp":"1696658958","value":9033.83566},{"valueType":"DOUBLE","timestamp":"1696658898","value":9033.454519},{"valueType":"DOUBLE","timestamp":"1696658838","value":9033.250092},{"valueType":"DOUBLE","timestamp":"1696658778","value":9032.982661},{"valueType":"DOUBLE","timestamp":"1696658718","value":9032.748526},{"valueType":"DOUBLE","timestamp":"1696658659","value":9032.510437},{"valueType":"DOUBLE","timestamp":"1696658599","value":9032.155597},{"valueType":"DOUBLE","timestamp":"1696658538","value":9031.922675},{"valueType":"DOUBLE","timestamp":"1696658479","value":9031.69953},{"valueType":"DOUBLE","timestamp":"1696658418","value":9031.421888},{"valueType":"DOUBLE","timestamp":"1696658359","value":9031.204125},{"valueType":"DOUBLE","timestamp":"1696658299","value":9030.875799},{"valueType":"DOUBLE","timestamp":"1696658238","value":9030.635091},{"valueType":"DOUBLE","timestamp":"1696658179","value":9030.39607},{"valueType":"DOUBLE","timestamp":"1696658118","value":9030.188613},{"valueType":"DOUBLE","timestamp":"1696658058","value":9029.87757},{"valueType":"DOUBLE","timestamp":"1696657999","value":9029.644048},{"valueType":"DOUBLE","timestamp":"1696657938","value":9029.353239},{"valueType":"DOUBLE","timestamp":"1696657878","value":9029.030081},{"valueType":"DOUBLE","timestamp":"1696657819","value":9028.803253},{"valueType":"DOUBLE","timestamp":"1696657758","value":9028.562566},{"valueType":"DOUBLE","timestamp":"1696657698","value":9028.265248},{"valueType":"DOUBLE","timestamp":"1696657638","value":9027.902259},{"valueType":"DOUBLE","timestamp":"1696657578","value":9027.659794},{"valueType":"DOUBLE","timestamp":"1696657518","value":9027.405458},{"valueType":"DOUBLE","timestamp":"1696657458","value":9027.187154},{"valueType":"DOUBLE","timestamp":"1696657398","value":9026.903839},{"valueType":"DOUBLE","timestamp":"1696657338","value":9026.612725},{"valueType":"DOUBLE","timestamp":"1696657278","value":9026.232755},{"valueType":"DOUBLE","timestamp":"1696657218","value":9026.039254},{"valueType":"DOUBLE","timestamp":"1696657158","value":9025.674173},{"valueType":"DOUBLE","timestamp":"1696657099","value":9025.495289},{"valueType":"DOUBLE","timestamp":"1696657038","value":9025.187504},{"valueType":"DOUBLE","timestamp":"1696656978","value":9024.94419},{"valueType":"DOUBLE","timestamp":"1696656918","value":9024.732692},{"valueType":"DOUBLE","timestamp":"1696656858","value":9024.398479},{"valueType":"DOUBLE","timestamp":"1696656798","value":9024.154234},{"valueType":"DOUBLE","timestamp":"1696656738","value":9023.911687},{"valueType":"DOUBLE","timestamp":"1696656678","value":9023.556028},{"valueType":"DOUBLE","timestamp":"1696656618","value":9023.38796},{"valueType":"DOUBLE","timestamp":"1696656558","value":9023.14944},{"valueType":"DOUBLE","timestamp":"1696656498","value":9022.864094},{"valueType":"DOUBLE","timestamp":"1696656438","value":9022.595185},{"valueType":"DOUBLE","timestamp":"1696656379","value":9022.355579},{"valueType":"DOUBLE","timestamp":"1696656319","value":9022.0564},{"valueType":"DOUBLE","timestamp":"1696656259","value":9021.772434},{"valueType":"DOUBLE","timestamp":"1696656199","value":9021.489917},{"valueType":"DOUBLE","timestamp":"1696656138","value":9021.210235},{"valueType":"DOUBLE","timestamp":"1696656079","value":9020.91888},{"valueType":"DOUBLE","timestamp":"1696656018","value":9020.684376},{"valueType":"DOUBLE","timestamp":"1696655958","value":9020.399103},{"valueType":"DOUBLE","timestamp":"1696655898","value":9020.229151},{"valueType":"DOUBLE","timestamp":"1696655839","value":9019.976483},{"valueType":"DOUBLE","timestamp":"1696655779","value":9019.687859},{"valueType":"DOUBLE","timestamp":"1696655719","value":9019.471524},{"valueType":"DOUBLE","timestamp":"1696655658","value":9019.168447},{"valueType":"DOUBLE","timestamp":"1696655598","value":9018.898807},{"valueType":"DOUBLE","timestamp":"1696655538","value":9018.659069},{"valueType":"DOUBLE","timestamp":"1696655478","value":9018.25678},{"valueType":"DOUBLE","timestamp":"1696655419","value":9018.100966},{"valueType":"DOUBLE","timestamp":"1696655359","value":9017.839884},{"valueType":"DOUBLE","timestamp":"1696655298","value":9017.56245},{"valueType":"DOUBLE","timestamp":"1696655238","value":9017.281308},{"valueType":"DOUBLE","timestamp":"1696655178","value":9016.990226},{"valueType":"DOUBLE","timestamp":"1696655118","value":9016.695184},{"valueType":"DOUBLE","timestamp":"1696655058","value":9016.437455},{"valueType":"DOUBLE","timestamp":"1696654999","value":9016.150596},{"valueType":"DOUBLE","timestamp":"1696654939","value":9015.851149},{"valueType":"DOUBLE","timestamp":"1696654878","value":9015.544832},{"valueType":"DOUBLE","timestamp":"1696654819","value":9015.234543},{"valueType":"DOUBLE","timestamp":"1696654758","value":9014.931465},{"valueType":"DOUBLE","timestamp":"1696654698","value":9014.665686},{"valueType":"DOUBLE","timestamp":"1696654638","value":9014.370811},{"valueType":"DOUBLE","timestamp":"1696654578","value":9013.984158},{"valueType":"DOUBLE","timestamp":"1696654518","value":9013.806759},{"valueType":"DOUBLE","timestamp":"1696654458","value":9013.474651},{"valueType":"DOUBLE","timestamp":"1696654398","value":9013.28843},{"valueType":"DOUBLE","timestamp":"1696654339","value":9012.968218},{"valueType":"DOUBLE","timestamp":"1696654279","value":9012.723909},{"valueType":"DOUBLE","timestamp":"1696654218","value":9012.447512},{"valueType":"DOUBLE","timestamp":"1696654159","value":9012.184762},{"valueType":"DOUBLE","timestamp":"1696654099","value":9011.899913},{"valueType":"DOUBLE","timestamp":"1696654038","value":9011.644537},{"valueType":"DOUBLE","timestamp":"1696653979","value":9011.361478},{"valueType":"DOUBLE","timestamp":"1696653919","value":9011.133876},{"valueType":"DOUBLE","timestamp":"1696653858","value":9010.865805},{"valueType":"DOUBLE","timestamp":"1696653799","value":9010.535955},{"valueType":"DOUBLE","timestamp":"1696653738","value":9010.296453},{"valueType":"DOUBLE","timestamp":"1696653678","value":9010.023882},{"valueType":"DOUBLE","timestamp":"1696653618","value":9009.666308},{"valueType":"DOUBLE","timestamp":"1696653559","value":9009.403986},{"valueType":"DOUBLE","timestamp":"1696653499","value":9009.108057},{"valueType":"DOUBLE","timestamp":"1696653438","value":9008.832953},{"valueType":"DOUBLE","timestamp":"1696653378","value":9008.531477},{"valueType":"DOUBLE","timestamp":"1696653318","value":9008.264508},{"valueType":"DOUBLE","timestamp":"1696653258","value":9007.855379},{"valueType":"DOUBLE","timestamp":"1696653199","value":9007.665255},{"valueType":"DOUBLE","timestamp":"1696653139","value":9007.286691},{"valueType":"DOUBLE","timestamp":"1696653078","value":9007.100729},{"valueType":"DOUBLE","timestamp":"1696653018","value":9006.767001},{"valueType":"DOUBLE","timestamp":"1696652958","value":9006.447311},{"valueType":"DOUBLE","timestamp":"1696652898","value":9006.175544},{"valueType":"DOUBLE","timestamp":"1696652838","value":9005.972842},{"valueType":"DOUBLE","timestamp":"1696652778","value":9005.703943},{"valueType":"DOUBLE","timestamp":"1696652718","value":9005.439297},{"valueType":"DOUBLE","timestamp":"1696652658","value":9005.180796},{"valueType":"DOUBLE","timestamp":"1696652598","value":9004.932093},{"valueType":"DOUBLE","timestamp":"1696652538","value":9004.679393},{"valueType":"DOUBLE","timestamp":"1696652478","value":9004.357226},{"valueType":"DOUBLE","timestamp":"1696652418","value":9004.099243},{"valueType":"DOUBLE","timestamp":"1696652358","value":9003.764455},{"valueType":"DOUBLE","timestamp":"1696652298","value":9003.559378},{"valueType":"DOUBLE","timestamp":"1696652238","value":9003.278049},{"valueType":"DOUBLE","timestamp":"1696652179","value":9003.041743},{"valueType":"DOUBLE","timestamp":"1696652119","value":9002.741519},{"valueType":"DOUBLE","timestamp":"1696652058","value":9002.499767},{"valueType":"DOUBLE","timestamp":"1696651999","value":9002.208473},{"valueType":"DOUBLE","timestamp":"1696651939","value":9001.939086},{"valueType":"DOUBLE","timestamp":"1696651879","value":9001.660835},{"valueType":"DOUBLE","timestamp":"1696651819","value":9001.365294},{"valueType":"DOUBLE","timestamp":"1696651759","value":9001.061306},{"valueType":"DOUBLE","timestamp":"1696651698","value":9000.778288},{"valueType":"DOUBLE","timestamp":"1696651639","value":9000.514824},{"valueType":"DOUBLE","timestamp":"1696651578","value":9000.224198},{"valueType":"DOUBLE","timestamp":"1696651518","value":8999.970993},{"valueType":"DOUBLE","timestamp":"1696651458","value":8999.67523},{"valueType":"DOUBLE","timestamp":"1696651398","value":8999.37317},{"valueType":"DOUBLE","timestamp":"1696651338","value":8999.132289},{"valueType":"DOUBLE","timestamp":"1696651278","value":8998.902205},{"valueType":"DOUBLE","timestamp":"1696651218","value":8998.627227},{"valueType":"DOUBLE","timestamp":"1696651158","value":8998.348675},{"valueType":"DOUBLE","timestamp":"1696651098","value":8998.046691},{"valueType":"DOUBLE","timestamp":"1696651038","value":8997.813384},{"valueType":"DOUBLE","timestamp":"1696650978","value":8997.542743},{"valueType":"DOUBLE","timestamp":"1696650919","value":8997.252618},{"valueType":"DOUBLE","timestamp":"1696650858","value":8996.892601},{"valueType":"DOUBLE","timestamp":"1696650798","value":8996.678423},{"valueType":"DOUBLE","timestamp":"1696650738","value":8996.421503},{"valueType":"DOUBLE","timestamp":"1696650678","value":8996.116871},{"valueType":"DOUBLE","timestamp":"1696650618","value":8995.895393},{"valueType":"DOUBLE","timestamp":"1696650558","value":8995.602358},{"valueType":"DOUBLE","timestamp":"1696650498","value":8995.379935},{"valueType":"DOUBLE","timestamp":"1696650439","value":8995.068183},{"valueType":"DOUBLE","timestamp":"1696650378","value":8994.797214},{"valueType":"DOUBLE","timestamp":"1696650318","value":8994.530127},{"valueType":"DOUBLE","timestamp":"1696650258","value":8994.296685},{"valueType":"DOUBLE","timestamp":"1696650198","value":8994.013554},{"valueType":"DOUBLE","timestamp":"1696650138","value":8993.692797},{"valueType":"DOUBLE","timestamp":"1696650078","value":8993.442257},{"valueType":"DOUBLE","timestamp":"1696650019","value":8993.175581},{"valueType":"DOUBLE","timestamp":"1696649959","value":8992.895392},{"valueType":"DOUBLE","timestamp":"1696649899","value":8992.649593},{"valueType":"DOUBLE","timestamp":"1696649839","value":8992.350875},{"valueType":"DOUBLE","timestamp":"1696649778","value":8992.059928},{"valueType":"DOUBLE","timestamp":"1696649718","value":8991.809944},{"valueType":"DOUBLE","timestamp":"1696649658","value":8991.524152},{"valueType":"DOUBLE","timestamp":"1696649599","value":8991.284753},{"valueType":"DOUBLE","timestamp":"1696649538","value":8990.944473},{"valueType":"DOUBLE","timestamp":"1696649478","value":8990.702346},{"valueType":"DOUBLE","timestamp":"1696649418","value":8990.436005},{"valueType":"DOUBLE","timestamp":"1696649359","value":8990.202309},{"valueType":"DOUBLE","timestamp":"1696649299","value":8989.841047},{"valueType":"DOUBLE","timestamp":"1696649239","value":8989.623875},{"valueType":"DOUBLE","timestamp":"1696649178","value":8989.362751},{"valueType":"DOUBLE","timestamp":"1696649118","value":8989.088377},{"valueType":"DOUBLE","timestamp":"1696649058","value":8988.864351},{"valueType":"DOUBLE","timestamp":"1696648998","value":8988.599459},{"valueType":"DOUBLE","timestamp":"1696648938","value":8988.298027},{"valueType":"DOUBLE","timestamp":"1696648878","value":8988.024542},{"valueType":"DOUBLE","timestamp":"1696648818","value":8987.794713},{"valueType":"DOUBLE","timestamp":"1696648758","value":8987.496098},{"valueType":"DOUBLE","timestamp":"1696648699","value":8987.228102},{"valueType":"DOUBLE","timestamp":"1696648638","value":8986.957166},{"valueType":"DOUBLE","timestamp":"1696648578","value":8986.626122},{"valueType":"DOUBLE","timestamp":"1696648519","value":8986.435171},{"valueType":"DOUBLE","timestamp":"1696648458","value":8986.080894},{"valueType":"DOUBLE","timestamp":"1696648398","value":8985.921971},{"valueType":"DOUBLE","timestamp":"1696648338","value":8985.593799},{"valueType":"DOUBLE","timestamp":"1696648278","value":8985.350111},{"valueType":"DOUBLE","timestamp":"1696648219","value":8985.049276},{"valueType":"DOUBLE","timestamp":"1696648158","value":8984.756145},{"valueType":"DOUBLE","timestamp":"1696648098","value":8984.483091},{"valueType":"DOUBLE","timestamp":"1696648038","value":8984.22974},{"valueType":"DOUBLE","timestamp":"1696647978","value":8983.882185},{"valueType":"DOUBLE","timestamp":"1696647919","value":8983.678587},{"valueType":"DOUBLE","timestamp":"1696647859","value":8983.387106},{"valueType":"DOUBLE","timestamp":"1696647799","value":8983.13764},{"valueType":"DOUBLE","timestamp":"1696647739","value":8982.826781},{"valueType":"DOUBLE","timestamp":"1696647679","value":8982.458098},{"valueType":"DOUBLE","timestamp":"1696647619","value":8982.268143},{"valueType":"DOUBLE","timestamp":"1696647558","value":8982.00815},{"valueType":"DOUBLE","timestamp":"1696647499","value":8981.725645},{"valueType":"DOUBLE","timestamp":"1696647438","value":8981.368038},{"valueType":"DOUBLE","timestamp":"1696647378","value":8981.103148},{"valueType":"DOUBLE","timestamp":"1696647319","value":8980.873918},{"valueType":"DOUBLE","timestamp":"1696647258","value":8980.592077},{"valueType":"DOUBLE","timestamp":"1696647198","value":8980.365048},{"valueType":"DOUBLE","timestamp":"1696647138","value":8980.062115},{"valueType":"DOUBLE","timestamp":"1696647078","value":8979.773042},{"valueType":"DOUBLE","timestamp":"1696647018","value":8979.50474},{"valueType":"DOUBLE","timestamp":"1696646958","value":8979.117606},{"valueType":"DOUBLE","timestamp":"1696646898","value":8978.796659},{"valueType":"DOUBLE","timestamp":"1696646838","value":8978.594325},{"valueType":"DOUBLE","timestamp":"1696646778","value":8978.325105},{"valueType":"DOUBLE","timestamp":"1696646719","value":8978.053121},{"valueType":"DOUBLE","timestamp":"1696646658","value":8977.750426},{"valueType":"DOUBLE","timestamp":"1696646598","value":8977.480727},{"valueType":"DOUBLE","timestamp":"1696646538","value":8977.19916},{"valueType":"DOUBLE","timestamp":"1696646478","value":8976.898983},{"valueType":"DOUBLE","timestamp":"1696646418","value":8976.607429},{"valueType":"DOUBLE","timestamp":"1696646358","value":8976.341709},{"valueType":"DOUBLE","timestamp":"1696646298","value":8976.097452},{"valueType":"DOUBLE","timestamp":"1696646238","value":8975.77796},{"valueType":"DOUBLE","timestamp":"1696646178","value":8975.512871},{"valueType":"DOUBLE","timestamp":"1696646118","value":8975.272948},{"valueType":"DOUBLE","timestamp":"1696646058","value":8974.981007},{"valueType":"DOUBLE","timestamp":"1696645998","value":8974.731522},{"valueType":"DOUBLE","timestamp":"1696645938","value":8974.470257},{"valueType":"DOUBLE","timestamp":"1696645878","value":8974.137547},{"valueType":"DOUBLE","timestamp":"1696645818","value":8973.931941},{"valueType":"DOUBLE","timestamp":"1696645758","value":8973.664143},{"valueType":"DOUBLE","timestamp":"1696645699","value":8973.399016},{"valueType":"DOUBLE","timestamp":"1696645639","value":8973.105852},{"valueType":"DOUBLE","timestamp":"1696645578","value":8972.943492},{"valueType":"DOUBLE","timestamp":"1696645518","value":8972.664397},{"valueType":"DOUBLE","timestamp":"1696645459","value":8972.419984},{"valueType":"DOUBLE","timestamp":"1696645398","value":8972.121479},{"valueType":"DOUBLE","timestamp":"1696645339","value":8971.892119},{"valueType":"DOUBLE","timestamp":"1696645279","value":8971.632685},{"valueType":"DOUBLE","timestamp":"1696645218","value":8971.321696},{"valueType":"DOUBLE","timestamp":"1696645158","value":8971.041032},{"valueType":"DOUBLE","timestamp":"1696645098","value":8970.771054},{"valueType":"DOUBLE","timestamp":"1696645038","value":8970.460259},{"valueType":"DOUBLE","timestamp":"1696644978","value":8970.215237},{"valueType":"DOUBLE","timestamp":"1696644919","value":8969.958468},{"valueType":"DOUBLE","timestamp":"1696644858","value":8969.610064},{"valueType":"DOUBLE","timestamp":"1696644798","value":8969.400412},{"valueType":"DOUBLE","timestamp":"1696644738","value":8969.071837},{"valueType":"DOUBLE","timestamp":"1696644678","value":8968.865857},{"valueType":"DOUBLE","timestamp":"1696644618","value":8968.584046},{"valueType":"DOUBLE","timestamp":"1696644559","value":8968.301858},{"valueType":"DOUBLE","timestamp":"1696644498","value":8968.014394},{"valueType":"DOUBLE","timestamp":"1696644438","value":8967.69651},{"valueType":"DOUBLE","timestamp":"1696644378","value":8967.462478},{"valueType":"DOUBLE","timestamp":"1696644318","value":8967.196731},{"valueType":"DOUBLE","timestamp":"1696644258","value":8966.935303},{"valueType":"DOUBLE","timestamp":"1696644198","value":8966.659945},{"valueType":"DOUBLE","timestamp":"1696644138","value":8966.38327},{"valueType":"DOUBLE","timestamp":"1696644078","value":8966.106625},{"valueType":"DOUBLE","timestamp":"1696644018","value":8965.758824},{"valueType":"DOUBLE","timestamp":"1696643958","value":8965.491056},{"valueType":"DOUBLE","timestamp":"1696643898","value":8965.288262},{"valueType":"DOUBLE","timestamp":"1696643839","value":8965.023035},{"valueType":"DOUBLE","timestamp":"1696643778","value":8964.776342},{"valueType":"DOUBLE","timestamp":"1696643718","value":8964.449628},{"valueType":"DOUBLE","timestamp":"1696643658","value":8964.192329},{"valueType":"DOUBLE","timestamp":"1696643598","value":8963.91055},{"valueType":"DOUBLE","timestamp":"1696643539","value":8963.637784},{"valueType":"DOUBLE","timestamp":"1696643479","value":8963.438746},{"valueType":"DOUBLE","timestamp":"1696643418","value":8963.179037},{"valueType":"DOUBLE","timestamp":"1696643359","value":8962.8974},{"valueType":"DOUBLE","timestamp":"1696643298","value":8962.578763},{"valueType":"DOUBLE","timestamp":"1696643239","value":8962.248632},{"valueType":"DOUBLE","timestamp":"1696643179","value":8962.005035},{"valueType":"DOUBLE","timestamp":"1696643119","value":8961.754219},{"valueType":"DOUBLE","timestamp":"1696643058","value":8961.421799},{"valueType":"DOUBLE","timestamp":"1696642998","value":8961.174901},{"valueType":"DOUBLE","timestamp":"1696642939","value":8960.953371},{"valueType":"DOUBLE","timestamp":"1696642878","value":8960.67256},{"valueType":"DOUBLE","timestamp":"1696642818","value":8960.366917},{"valueType":"DOUBLE","timestamp":"1696642759","value":8960.121627},{"valueType":"DOUBLE","timestamp":"1696642698","value":8959.883488},{"valueType":"DOUBLE","timestamp":"1696642638","value":8959.577686},{"valueType":"DOUBLE","timestamp":"1696642578","value":8959.244735},{"valueType":"DOUBLE","timestamp":"1696642518","value":8958.997011},{"valueType":"DOUBLE","timestamp":"1696642458","value":8958.753545},{"valueType":"DOUBLE","timestamp":"1696642398","value":8958.50233},{"valueType":"DOUBLE","timestamp":"1696642338","value":8958.209021},{"valueType":"DOUBLE","timestamp":"1696642278","value":8957.983978},{"valueType":"DOUBLE","timestamp":"1696642218","value":8957.715196},{"valueType":"DOUBLE","timestamp":"1696642158","value":8957.438679},{"valueType":"DOUBLE","timestamp":"1696642098","value":8957.208337},{"valueType":"DOUBLE","timestamp":"1696642038","value":8956.896591},{"valueType":"DOUBLE","timestamp":"1696641978","value":8956.637731},{"valueType":"DOUBLE","timestamp":"1696641918","value":8956.294281},{"valueType":"DOUBLE","timestamp":"1696641858","value":8956.129076},{"valueType":"DOUBLE","timestamp":"1696641799","value":8955.86945},{"valueType":"DOUBLE","timestamp":"1696641738","value":8955.603121},{"valueType":"DOUBLE","timestamp":"1696641678","value":8955.29302},{"valueType":"DOUBLE","timestamp":"1696641618","value":8955.022085},{"valueType":"DOUBLE","timestamp":"1696641558","value":8954.822158},{"valueType":"DOUBLE","timestamp":"1696641498","value":8954.540449},{"valueType":"DOUBLE","timestamp":"1696641438","value":8954.163781},{"valueType":"DOUBLE","timestamp":"1696641379","value":8953.964985},{"valueType":"DOUBLE","timestamp":"1696641319","value":8953.745274},{"valueType":"DOUBLE","timestamp":"1696641258","value":8953.430204},{"valueType":"DOUBLE","timestamp":"1696641199","value":8953.116903},{"valueType":"DOUBLE","timestamp":"1696641139","value":8952.776992},{"valueType":"DOUBLE","timestamp":"1696641078","value":8952.605261},{"valueType":"DOUBLE","timestamp":"1696641019","value":8952.324625},{"valueType":"DOUBLE","timestamp":"1696640958","value":8952.095047},{"valueType":"DOUBLE","timestamp":"1696640899","value":8951.827443},{"valueType":"DOUBLE","timestamp":"1696640838","value":8951.540823},{"valueType":"DOUBLE","timestamp":"1696640778","value":8951.23665},{"valueType":"DOUBLE","timestamp":"1696640718","value":8951.007546},{"valueType":"DOUBLE","timestamp":"1696640659","value":8950.761643},{"valueType":"DOUBLE","timestamp":"1696640599","value":8950.401451},{"valueType":"DOUBLE","timestamp":"1696640538","value":8950.209401},{"valueType":"DOUBLE","timestamp":"1696640478","value":8949.967709},{"valueType":"DOUBLE","timestamp":"1696640418","value":8949.728485},{"valueType":"DOUBLE","timestamp":"1696640359","value":8949.450195},{"valueType":"DOUBLE","timestamp":"1696640298","value":8949.114472},{"valueType":"DOUBLE","timestamp":"1696640238","value":8948.831304},{"valueType":"DOUBLE","timestamp":"1696640178","value":8948.577145},{"valueType":"DOUBLE","timestamp":"1696640118","value":8948.26052},{"valueType":"DOUBLE","timestamp":"1696640058","value":8948.079524},{"valueType":"DOUBLE","timestamp":"1696639998","value":8947.731341},{"valueType":"DOUBLE","timestamp":"1696639938","value":8947.549897},{"valueType":"DOUBLE","timestamp":"1696639878","value":8947.303415},{"valueType":"DOUBLE","timestamp":"1696639818","value":8946.994436},{"valueType":"DOUBLE","timestamp":"1696639758","value":8946.659388},{"valueType":"DOUBLE","timestamp":"1696639698","value":8946.49993},{"valueType":"DOUBLE","timestamp":"1696639638","value":8946.162941},{"valueType":"DOUBLE","timestamp":"1696639578","value":8945.918546},{"valueType":"DOUBLE","timestamp":"1696639518","value":8945.608464},{"valueType":"DOUBLE","timestamp":"1696639459","value":8945.346048},{"valueType":"DOUBLE","timestamp":"1696639398","value":8945.115371},{"valueType":"DOUBLE","timestamp":"1696639339","value":8944.815307},{"valueType":"DOUBLE","timestamp":"1696639279","value":8944.552405},{"valueType":"DOUBLE","timestamp":"1696639219","value":8944.291075},{"valueType":"DOUBLE","timestamp":"1696639158","value":8943.986722},{"valueType":"DOUBLE","timestamp":"1696639098","value":8943.635942},{"valueType":"DOUBLE","timestamp":"1696639038","value":8943.4596},{"valueType":"DOUBLE","timestamp":"1696638978","value":8943.118431},{"valueType":"DOUBLE","timestamp":"1696638919","value":8942.900838},{"valueType":"DOUBLE","timestamp":"1696638858","value":8942.542351},{"valueType":"DOUBLE","timestamp":"1696638799","value":8942.377203},{"valueType":"DOUBLE","timestamp":"1696638738","value":8942.041281},{"valueType":"DOUBLE","timestamp":"1696638678","value":8941.757866},{"valueType":"DOUBLE","timestamp":"1696638618","value":8941.510243},{"valueType":"DOUBLE","timestamp":"1696638559","value":8941.214863},{"valueType":"DOUBLE","timestamp":"1696638499","value":8940.918328},{"valueType":"DOUBLE","timestamp":"1696638438","value":8940.6217},{"valueType":"DOUBLE","timestamp":"1696638378","value":8940.332948},{"valueType":"DOUBLE","timestamp":"1696638318","value":8940.152708},{"valueType":"DOUBLE","timestamp":"1696638258","value":8939.918089},{"valueType":"DOUBLE","timestamp":"1696638198","value":8939.628591},{"valueType":"DOUBLE","timestamp":"1696638138","value":8939.359733},{"valueType":"DOUBLE","timestamp":"1696638078","value":8939.023271},{"valueType":"DOUBLE","timestamp":"1696638018","value":8938.695864},{"valueType":"DOUBLE","timestamp":"1696637958","value":8938.531901},{"valueType":"DOUBLE","timestamp":"1696637898","value":8938.246331},{"valueType":"DOUBLE","timestamp":"1696637838","value":8937.983761},{"valueType":"DOUBLE","timestamp":"1696637778","value":8937.683722},{"valueType":"DOUBLE","timestamp":"1696637718","value":8937.483995},{"valueType":"DOUBLE","timestamp":"1696637659","value":8937.181944},{"valueType":"DOUBLE","timestamp":"1696637598","value":8936.895332},{"valueType":"DOUBLE","timestamp":"1696637539","value":8936.659711},{"valueType":"DOUBLE","timestamp":"1696637479","value":8936.390781},{"valueType":"DOUBLE","timestamp":"1696637419","value":8936.081325},{"valueType":"DOUBLE","timestamp":"1696637358","value":8935.821398},{"valueType":"DOUBLE","timestamp":"1696637299","value":8935.518681},{"valueType":"DOUBLE","timestamp":"1696637238","value":8935.267995},{"valueType":"DOUBLE","timestamp":"1696637178","value":8934.984893},{"valueType":"DOUBLE","timestamp":"1696637119","value":8934.607036},{"valueType":"DOUBLE","timestamp":"1696637059","value":8934.421509},{"valueType":"DOUBLE","timestamp":"1696636998","value":8934.103312},{"valueType":"DOUBLE","timestamp":"1696636938","value":8933.835939},{"valueType":"DOUBLE","timestamp":"1696636878","value":8933.56254},{"valueType":"DOUBLE","timestamp":"1696636818","value":8933.318434},{"valueType":"DOUBLE","timestamp":"1696636758","value":8933.023403},{"valueType":"DOUBLE","timestamp":"1696636698","value":8932.667584},{"valueType":"DOUBLE","timestamp":"1696636638","value":8932.503877},{"valueType":"DOUBLE","timestamp":"1696636578","value":8932.174777},{"valueType":"DOUBLE","timestamp":"1696636519","value":8931.996837},{"valueType":"DOUBLE","timestamp":"1696636459","value":8931.706971},{"valueType":"DOUBLE","timestamp":"1696636398","value":8931.390346},{"valueType":"DOUBLE","timestamp":"1696636338","value":8931.06161},{"valueType":"DOUBLE","timestamp":"1696636278","value":8930.878026},{"valueType":"DOUBLE","timestamp":"1696636218","value":8930.595367},{"valueType":"DOUBLE","timestamp":"1696636158","value":8930.324723},{"valueType":"DOUBLE","timestamp":"1696636098","value":8930.041025},{"valueType":"DOUBLE","timestamp":"1696636038","value":8929.746996},{"valueType":"DOUBLE","timestamp":"1696635978","value":8929.373479},{"valueType":"DOUBLE","timestamp":"1696635918","value":8929.096476},{"valueType":"DOUBLE","timestamp":"1696635858","value":8928.810045},{"valueType":"DOUBLE","timestamp":"1696635798","value":8928.607272},{"valueType":"DOUBLE","timestamp":"1696635739","value":8928.289429},{"valueType":"DOUBLE","timestamp":"1696635678","value":8927.934718},{"valueType":"DOUBLE","timestamp":"1696635619","value":8927.73258},{"valueType":"DOUBLE","timestamp":"1696635558","value":8927.446235},{"valueType":"DOUBLE","timestamp":"1696635499","value":8927.146559},{"valueType":"DOUBLE","timestamp":"1696635438","value":8926.891736},{"valueType":"DOUBLE","timestamp":"1696635378","value":8926.618784},{"valueType":"DOUBLE","timestamp":"1696635318","value":8926.379832},{"valueType":"DOUBLE","timestamp":"1696635259","value":8926.065074},{"valueType":"DOUBLE","timestamp":"1696635198","value":8925.803243},{"valueType":"DOUBLE","timestamp":"1696635138","value":8925.433247},{"valueType":"DOUBLE","timestamp":"1696635078","value":8925.26041},{"valueType":"DOUBLE","timestamp":"1696635018","value":8924.940981},{"valueType":"DOUBLE","timestamp":"1696634958","value":8924.728208},{"valueType":"DOUBLE","timestamp":"1696634898","value":8924.442053},{"valueType":"DOUBLE","timestamp":"1696634838","value":8924.194439},{"valueType":"DOUBLE","timestamp":"1696634778","value":8923.886118},{"valueType":"DOUBLE","timestamp":"1696634718","value":8923.605863},{"valueType":"DOUBLE","timestamp":"1696634658","value":8923.315228},{"valueType":"DOUBLE","timestamp":"1696634598","value":8923.042323},{"valueType":"DOUBLE","timestamp":"1696634538","value":8922.812372},{"valueType":"DOUBLE","timestamp":"1696634478","value":8922.444535},{"valueType":"DOUBLE","timestamp":"1696634419","value":8922.248385},{"valueType":"DOUBLE","timestamp":"1696634358","value":8922.001214},{"valueType":"DOUBLE","timestamp":"1696634298","value":8921.741436},{"valueType":"DOUBLE","timestamp":"1696634238","value":8921.416995},{"valueType":"DOUBLE","timestamp":"1696634178","value":8921.201868},{"valueType":"DOUBLE","timestamp":"1696634119","value":8920.964815},{"valueType":"DOUBLE","timestamp":"1696634058","value":8920.618606},{"valueType":"DOUBLE","timestamp":"1696633998","value":8920.439579},{"valueType":"DOUBLE","timestamp":"1696633939","value":8920.151437},{"valueType":"DOUBLE","timestamp":"1696633879","value":8919.835774},{"valueType":"DOUBLE","timestamp":"1696633818","value":8919.520631},{"valueType":"DOUBLE","timestamp":"1696633758","value":8919.256119},{"valueType":"DOUBLE","timestamp":"1696633699","value":8919.068186},{"valueType":"DOUBLE","timestamp":"1696633638","value":8918.801298},{"valueType":"DOUBLE","timestamp":"1696633579","value":8918.536154},{"valueType":"DOUBLE","timestamp":"1696633518","value":8918.277297},{"valueType":"DOUBLE","timestamp":"1696633459","value":8917.90778},{"valueType":"DOUBLE","timestamp":"1696633398","value":8917.731459},{"valueType":"DOUBLE","timestamp":"1696633338","value":8917.400169},{"valueType":"DOUBLE","timestamp":"1696633278","value":8917.108206},{"valueType":"DOUBLE","timestamp":"1696633218","value":8916.83918},{"valueType":"DOUBLE","timestamp":"1696633158","value":8916.523775},{"valueType":"DOUBLE","timestamp":"1696633098","value":8916.170219},{"valueType":"DOUBLE","timestamp":"1696633038","value":8915.986781},{"valueType":"DOUBLE","timestamp":"1696632978","value":8915.680964},{"valueType":"DOUBLE","timestamp":"1696632918","value":8915.36488},{"valueType":"DOUBLE","timestamp":"1696632859","value":8915.077788},{"valueType":"DOUBLE","timestamp":"1696632799","value":8914.758925},{"valueType":"DOUBLE","timestamp":"1696632739","value":8914.499156},{"valueType":"DOUBLE","timestamp":"1696632678","value":8914.242919},{"valueType":"DOUBLE","timestamp":"1696632618","value":8913.911206},{"valueType":"DOUBLE","timestamp":"1696632558","value":8913.720078},{"valueType":"DOUBLE","timestamp":"1696632498","value":8913.434952},{"valueType":"DOUBLE","timestamp":"1696632438","value":8913.067918},{"valueType":"DOUBLE","timestamp":"1696632378","value":8912.759142},{"valueType":"DOUBLE","timestamp":"1696632318","value":8912.357742},{"valueType":"DOUBLE","timestamp":"1696632259","value":8912.168742},{"valueType":"DOUBLE","timestamp":"1696632199","value":8911.943846},{"valueType":"DOUBLE","timestamp":"1696632138","value":8911.661863},{"valueType":"DOUBLE","timestamp":"1696632079","value":8911.438604},{"valueType":"DOUBLE","timestamp":"1696632019","value":8911.163136},{"valueType":"DOUBLE","timestamp":"1696631958","value":8910.864693},{"valueType":"DOUBLE","timestamp":"1696631898","value":8910.558734},{"valueType":"DOUBLE","timestamp":"1696631838","value":8910.246494},{"valueType":"DOUBLE","timestamp":"1696631778","value":8909.888148},{"valueType":"DOUBLE","timestamp":"1696631718","value":8909.600735},{"valueType":"DOUBLE","timestamp":"1696631658","value":8909.333223},{"valueType":"DOUBLE","timestamp":"1696631598","value":8909.013836},{"valueType":"DOUBLE","timestamp":"1696631539","value":8908.872864},{"valueType":"DOUBLE","timestamp":"1696631478","value":8908.587308},{"valueType":"DOUBLE","timestamp":"1696631418","value":8908.30353},{"valueType":"DOUBLE","timestamp":"1696631358","value":8907.990481},{"valueType":"DOUBLE","timestamp":"1696631299","value":8907.682255},{"valueType":"DOUBLE","timestamp":"1696631238","value":8907.378878},{"valueType":"DOUBLE","timestamp":"1696631178","value":8907.135178},{"valueType":"DOUBLE","timestamp":"1696631118","value":8906.894744},{"valueType":"DOUBLE","timestamp":"1696631059","value":8906.55617},{"valueType":"DOUBLE","timestamp":"1696630998","value":8906.340932},{"valueType":"DOUBLE","timestamp":"1696630938","value":8905.961997},{"valueType":"DOUBLE","timestamp":"1696630878","value":8905.800885},{"valueType":"DOUBLE","timestamp":"1696630818","value":8905.541375},{"valueType":"DOUBLE","timestamp":"1696630758","value":8905.259853},{"valueType":"DOUBLE","timestamp":"1696630699","value":8904.965716},{"valueType":"DOUBLE","timestamp":"1696630638","value":8904.670352},{"valueType":"DOUBLE","timestamp":"1696630579","value":8904.417872},{"valueType":"DOUBLE","timestamp":"1696630519","value":8904.185696},{"valueType":"DOUBLE","timestamp":"1696630459","value":8903.881169},{"valueType":"DOUBLE","timestamp":"1696630399","value":8903.589647},{"valueType":"DOUBLE","timestamp":"1696630339","value":8903.342252},{"valueType":"DOUBLE","timestamp":"1696630279","value":8903.039071},{"valueType":"DOUBLE","timestamp":"1696630219","value":8902.745168},{"valueType":"DOUBLE","timestamp":"1696630159","value":8902.429503},{"valueType":"DOUBLE","timestamp":"1696630098","value":8902.238587},{"valueType":"DOUBLE","timestamp":"1696630038","value":8901.949348},{"valueType":"DOUBLE","timestamp":"1696629978","value":8901.650761},{"valueType":"DOUBLE","timestamp":"1696629918","value":8901.319635},{"valueType":"DOUBLE","timestamp":"1696629858","value":8901.074069},{"valueType":"DOUBLE","timestamp":"1696629798","value":8900.781142},{"valueType":"DOUBLE","timestamp":"1696629738","value":8900.596809},{"valueType":"DOUBLE","timestamp":"1696629678","value":8900.269553},{"valueType":"DOUBLE","timestamp":"1696629618","value":8900.090665},{"valueType":"DOUBLE","timestamp":"1696629558","value":8899.737443},{"valueType":"DOUBLE","timestamp":"1696629499","value":8899.572646},{"valueType":"DOUBLE","timestamp":"1696629438","value":8899.297879},{"valueType":"DOUBLE","timestamp":"1696629378","value":8899.021348},{"valueType":"DOUBLE","timestamp":"1696629318","value":8898.73096},{"valueType":"DOUBLE","timestamp":"1696629258","value":8898.426891},{"valueType":"DOUBLE","timestamp":"1696629198","value":8898.104007},{"valueType":"DOUBLE","timestamp":"1696629139","value":8897.822157},{"valueType":"DOUBLE","timestamp":"1696629078","value":8897.577772},{"valueType":"DOUBLE","timestamp":"1696629018","value":8897.366414},{"valueType":"DOUBLE","timestamp":"1696628958","value":8897.027699},{"valueType":"DOUBLE","timestamp":"1696628898","value":8896.799546},{"valueType":"DOUBLE","timestamp":"1696628838","value":8896.481611},{"valueType":"DOUBLE","timestamp":"1696628779","value":8896.316814},{"valueType":"DOUBLE","timestamp":"1696628719","value":8896.007373},{"valueType":"DOUBLE","timestamp":"1696628659","value":8895.724088},{"valueType":"DOUBLE","timestamp":"1696628599","value":8895.445972},{"valueType":"DOUBLE","timestamp":"1696628539","value":8895.206802},{"valueType":"DOUBLE","timestamp":"1696628479","value":8894.927315},{"valueType":"DOUBLE","timestamp":"1696628419","value":8894.62747},{"valueType":"DOUBLE","timestamp":"1696628359","value":8894.328651},{"valueType":"DOUBLE","timestamp":"1696628298","value":8894.045819},{"valueType":"DOUBLE","timestamp":"1696628238","value":8893.790511},{"valueType":"DOUBLE","timestamp":"1696628178","value":8893.490012},{"valueType":"DOUBLE","timestamp":"1696628118","value":8893.260808},{"valueType":"DOUBLE","timestamp":"1696628058","value":8892.854218},{"valueType":"DOUBLE","timestamp":"1696627998","value":8892.588263},{"valueType":"DOUBLE","timestamp":"1696627938","value":8892.239016},{"valueType":"DOUBLE","timestamp":"1696627878","value":8892.036206},{"valueType":"DOUBLE","timestamp":"1696627818","value":8891.76871},{"valueType":"DOUBLE","timestamp":"1696627758","value":8891.415661},{"valueType":"DOUBLE","timestamp":"1696627699","value":8891.125855},{"valueType":"DOUBLE","timestamp":"1696627638","value":8890.936688},{"valueType":"DOUBLE","timestamp":"1696627579","value":8890.681128},{"valueType":"DOUBLE","timestamp":"1696627518","value":8890.333004},{"valueType":"DOUBLE","timestamp":"1696627458","value":8890.142244},{"valueType":"DOUBLE","timestamp":"1696627398","value":8889.796291},{"valueType":"DOUBLE","timestamp":"1696627338","value":8889.542301},{"valueType":"DOUBLE","timestamp":"1696627278","value":8889.292555},{"valueType":"DOUBLE","timestamp":"1696627218","value":8888.954031},{"valueType":"DOUBLE","timestamp":"1696627158","value":8888.704577},{"valueType":"DOUBLE","timestamp":"1696627098","value":8888.328822},{"valueType":"DOUBLE","timestamp":"1696627038","value":8888.170841},{"valueType":"DOUBLE","timestamp":"1696626979","value":8887.842088},{"valueType":"DOUBLE","timestamp":"1696626919","value":8887.595182},{"valueType":"DOUBLE","timestamp":"1696626859","value":8887.328687},{"valueType":"DOUBLE","timestamp":"1696626798","value":8886.983187},{"valueType":"DOUBLE","timestamp":"1696626739","value":8886.774787},{"valueType":"DOUBLE","timestamp":"1696626679","value":8886.54834},{"valueType":"DOUBLE","timestamp":"1696626619","value":8886.298194},{"valueType":"DOUBLE","timestamp":"1696626559","value":8885.981156},{"valueType":"DOUBLE","timestamp":"1696626498","value":8885.728888},{"valueType":"DOUBLE","timestamp":"1696626439","value":8885.451514},{"valueType":"DOUBLE","timestamp":"1696626378","value":8885.024195},{"valueType":"DOUBLE","timestamp":"1696626318","value":8884.809237},{"valueType":"DOUBLE","timestamp":"1696626258","value":8884.547154},{"valueType":"DOUBLE","timestamp":"1696626199","value":8884.295038},{"valueType":"DOUBLE","timestamp":"1696626139","value":8884.031375},{"valueType":"DOUBLE","timestamp":"1696626078","value":8883.728666},{"valueType":"DOUBLE","timestamp":"1696626018","value":8883.432011},{"valueType":"DOUBLE","timestamp":"1696625958","value":8883.164442},{"valueType":"DOUBLE","timestamp":"1696625898","value":8882.877736},{"valueType":"DOUBLE","timestamp":"1696625839","value":8882.544346},{"valueType":"DOUBLE","timestamp":"1696625778","value":8882.405319},{"valueType":"DOUBLE","timestamp":"1696625718","value":8882.103879},{"valueType":"DOUBLE","timestamp":"1696625658","value":8881.813157},{"valueType":"DOUBLE","timestamp":"1696625598","value":8881.549588},{"valueType":"DOUBLE","timestamp":"1696625539","value":8881.268076},{"valueType":"DOUBLE","timestamp":"1696625478","value":8880.92427},{"valueType":"DOUBLE","timestamp":"1696625418","value":8880.687493},{"valueType":"DOUBLE","timestamp":"1696625359","value":8880.412666},{"valueType":"DOUBLE","timestamp":"1696625299","value":8880.081469},{"valueType":"DOUBLE","timestamp":"1696625238","value":8879.843033},{"valueType":"DOUBLE","timestamp":"1696625179","value":8879.605573},{"valueType":"DOUBLE","timestamp":"1696625119","value":8879.344399},{"valueType":"DOUBLE","timestamp":"1696625058","value":8879.088468},{"valueType":"DOUBLE","timestamp":"1696624998","value":8878.819067},{"valueType":"DOUBLE","timestamp":"1696624938","value":8878.59806},{"valueType":"DOUBLE","timestamp":"1696624878","value":8878.312227},{"valueType":"DOUBLE","timestamp":"1696624819","value":8878.028916},{"valueType":"DOUBLE","timestamp":"1696624758","value":8877.808635},{"valueType":"DOUBLE","timestamp":"1696624698","value":8877.407959},{"valueType":"DOUBLE","timestamp":"1696624638","value":8877.256417},{"valueType":"DOUBLE","timestamp":"1696624578","value":8876.927994},{"valueType":"DOUBLE","timestamp":"1696624518","value":8876.719749},{"valueType":"DOUBLE","timestamp":"1696624459","value":8876.430842},{"valueType":"DOUBLE","timestamp":"1696624398","value":8876.175005},{"valueType":"DOUBLE","timestamp":"1696624338","value":8875.875515},{"valueType":"DOUBLE","timestamp":"1696624278","value":8875.629359},{"valueType":"DOUBLE","timestamp":"1696624218","value":8875.346966},{"valueType":"DOUBLE","timestamp":"1696624158","value":8875.097665},{"valueType":"DOUBLE","timestamp":"1696624098","value":8874.796044},{"valueType":"DOUBLE","timestamp":"1696624038","value":8874.574103},{"valueType":"DOUBLE","timestamp":"1696623978","value":8874.242896},{"valueType":"DOUBLE","timestamp":"1696623918","value":8874.001476},{"valueType":"DOUBLE","timestamp":"1696623858","value":8873.713522},{"valueType":"DOUBLE","timestamp":"1696623798","value":8873.434474},{"valueType":"DOUBLE","timestamp":"1696623738","value":8873.198091},{"valueType":"DOUBLE","timestamp":"1696623678","value":8872.896353},{"valueType":"DOUBLE","timestamp":"1696623619","value":8872.619811},{"valueType":"DOUBLE","timestamp":"1696623559","value":8872.319114},{"valueType":"DOUBLE","timestamp":"1696623499","value":8871.993457},{"valueType":"DOUBLE","timestamp":"1696623439","value":8871.731479},{"valueType":"DOUBLE","timestamp":"1696623379","value":8871.485711},{"valueType":"DOUBLE","timestamp":"1696623319","value":8871.224423},{"valueType":"DOUBLE","timestamp":"1696623259","value":8870.975189},{"valueType":"DOUBLE","timestamp":"1696623198","value":8870.684401},{"valueType":"DOUBLE","timestamp":"1696623138","value":8870.394869},{"valueType":"DOUBLE","timestamp":"1696623078","value":8870.088477},{"valueType":"DOUBLE","timestamp":"1696623019","value":8869.871656},{"valueType":"DOUBLE","timestamp":"1696622959","value":8869.508194},{"valueType":"DOUBLE","timestamp":"1696622898","value":8869.22045},{"valueType":"DOUBLE","timestamp":"1696622838","value":8868.911133},{"valueType":"DOUBLE","timestamp":"1696622778","value":8868.540916},{"valueType":"DOUBLE","timestamp":"1696622718","value":8868.253398},{"valueType":"DOUBLE","timestamp":"1696622658","value":8867.950744},{"valueType":"DOUBLE","timestamp":"1696622598","value":8867.746372},{"valueType":"DOUBLE","timestamp":"1696622538","value":8867.465625},{"valueType":"DOUBLE","timestamp":"1696622478","value":8867.230237},{"valueType":"DOUBLE","timestamp":"1696622418","value":8866.900502},{"valueType":"DOUBLE","timestamp":"1696622358","value":8866.643832},{"valueType":"DOUBLE","timestamp":"1696622298","value":8866.358151},{"valueType":"DOUBLE","timestamp":"1696622238","value":8866.157922},{"valueType":"DOUBLE","timestamp":"1696622178","value":8865.764407},{"valueType":"DOUBLE","timestamp":"1696622118","value":8865.565787},{"valueType":"DOUBLE","timestamp":"1696622058","value":8865.263193},{"valueType":"DOUBLE","timestamp":"1696621998","value":8864.974996},{"valueType":"DOUBLE","timestamp":"1696621938","value":8864.74202},{"valueType":"DOUBLE","timestamp":"1696621878","value":8864.491922},{"valueType":"DOUBLE","timestamp":"1696621819","value":8864.078145},{"valueType":"DOUBLE","timestamp":"1696621758","value":8863.827737},{"valueType":"DOUBLE","timestamp":"1696621698","value":8863.526376},{"valueType":"DOUBLE","timestamp":"1696621638","value":8863.292203},{"valueType":"DOUBLE","timestamp":"1696621579","value":8862.953698},{"valueType":"DOUBLE","timestamp":"1696621519","value":8862.647297},{"valueType":"DOUBLE","timestamp":"1696621459","value":8862.389141},{"valueType":"DOUBLE","timestamp":"1696621398","value":8861.709992},{"valueType":"DOUBLE","timestamp":"1696621338","value":8861.450499},{"valueType":"DOUBLE","timestamp":"1696621279","value":8861.189939},{"valueType":"DOUBLE","timestamp":"1696621218","value":8860.876471},{"valueType":"DOUBLE","timestamp":"1696621158","value":8860.643423},{"valueType":"DOUBLE","timestamp":"1696621098","value":8860.310306},{"valueType":"DOUBLE","timestamp":"1696621038","value":8860.081009},{"valueType":"DOUBLE","timestamp":"1696620978","value":8859.868917},{"valueType":"DOUBLE","timestamp":"1696620918","value":8859.605954},{"valueType":"DOUBLE","timestamp":"1696620858","value":8859.300758},{"valueType":"DOUBLE","timestamp":"1696620799","value":8859.002679},{"valueType":"DOUBLE","timestamp":"1696620738","value":8858.834616},{"valueType":"DOUBLE","timestamp":"1696620678","value":8858.532346},{"valueType":"DOUBLE","timestamp":"1696620618","value":8858.164137},{"valueType":"DOUBLE","timestamp":"1696620558","value":8857.944885},{"valueType":"DOUBLE","timestamp":"1696620498","value":8857.632381},{"valueType":"DOUBLE","timestamp":"1696620438","value":8857.244274},{"valueType":"DOUBLE","timestamp":"1696620378","value":8857.013016},{"valueType":"DOUBLE","timestamp":"1696620318","value":8856.618421},{"valueType":"DOUBLE","timestamp":"1696620258","value":8856.441823},{"valueType":"DOUBLE","timestamp":"1696620198","value":8856.154764},{"valueType":"DOUBLE","timestamp":"1696620138","value":8855.848205},{"valueType":"DOUBLE","timestamp":"1696620078","value":8855.710284},{"valueType":"DOUBLE","timestamp":"1696620019","value":8855.434281},{"valueType":"DOUBLE","timestamp":"1696619958","value":8855.128411},{"valueType":"DOUBLE","timestamp":"1696619898","value":8854.870071},{"valueType":"DOUBLE","timestamp":"1696619839","value":8854.626629},{"valueType":"DOUBLE","timestamp":"1696619778","value":8854.258092},{"valueType":"DOUBLE","timestamp":"1696619718","value":8854.119055},{"valueType":"DOUBLE","timestamp":"1696619658","value":8853.820409},{"valueType":"DOUBLE","timestamp":"1696619599","value":8853.477704},{"valueType":"DOUBLE","timestamp":"1696619538","value":8853.314476},{"valueType":"DOUBLE","timestamp":"1696619478","value":8853.0991},{"valueType":"DOUBLE","timestamp":"1696619419","value":8852.798639},{"valueType":"DOUBLE","timestamp":"1696619358","value":8852.541393},{"valueType":"DOUBLE","timestamp":"1696619298","value":8852.314942},{"valueType":"DOUBLE","timestamp":"1696619238","value":8851.991937},{"valueType":"DOUBLE","timestamp":"1696619178","value":8851.640197},{"valueType":"DOUBLE","timestamp":"1696619118","value":8851.420493},{"valueType":"DOUBLE","timestamp":"1696619058","value":8851.111859},{"valueType":"DOUBLE","timestamp":"1696618998","value":8850.823931},{"valueType":"DOUBLE","timestamp":"1696618938","value":8850.529808},{"valueType":"DOUBLE","timestamp":"1696618878","value":8850.221341},{"valueType":"DOUBLE","timestamp":"1696618818","value":8849.861441},{"valueType":"DOUBLE","timestamp":"1696618758","value":8849.660936},{"valueType":"DOUBLE","timestamp":"1696618698","value":8849.32271},{"valueType":"DOUBLE","timestamp":"1696618639","value":8849.030013},{"valueType":"DOUBLE","timestamp":"1696618578","value":8848.757547},{"valueType":"DOUBLE","timestamp":"1696618519","value":8848.460256},{"valueType":"DOUBLE","timestamp":"1696618458","value":8848.200826},{"valueType":"DOUBLE","timestamp":"1696618398","value":8847.879717},{"valueType":"DOUBLE","timestamp":"1696618339","value":8847.655557},{"valueType":"DOUBLE","timestamp":"1696618279","value":8847.335993},{"valueType":"DOUBLE","timestamp":"1696618218","value":8847.015121},{"valueType":"DOUBLE","timestamp":"1696618159","value":8846.757661},{"valueType":"DOUBLE","timestamp":"1696618098","value":8846.493359},{"valueType":"DOUBLE","timestamp":"1696618038","value":8846.234613},{"valueType":"DOUBLE","timestamp":"1696617978","value":8845.975007},{"valueType":"DOUBLE","timestamp":"1696617919","value":8845.650452},{"valueType":"DOUBLE","timestamp":"1696617859","value":8845.376859},{"valueType":"DOUBLE","timestamp":"1696617799","value":8845.136008},{"valueType":"DOUBLE","timestamp":"1696617738","value":8844.882444},{"valueType":"DOUBLE","timestamp":"1696617679","value":8844.471244},{"valueType":"DOUBLE","timestamp":"1696617619","value":8844.292466},{"valueType":"DOUBLE","timestamp":"1696617559","value":8844.016778},{"valueType":"DOUBLE","timestamp":"1696617498","value":8843.797783},{"valueType":"DOUBLE","timestamp":"1696617438","value":8843.501662},{"valueType":"DOUBLE","timestamp":"1696617379","value":8843.165126},{"valueType":"DOUBLE","timestamp":"1696617319","value":8842.919211},{"valueType":"DOUBLE","timestamp":"1696617258","value":8842.671261},{"valueType":"DOUBLE","timestamp":"1696617198","value":8842.403058},{"valueType":"DOUBLE","timestamp":"1696617139","value":8842.086508},{"valueType":"DOUBLE","timestamp":"1696617078","value":8841.827685},{"valueType":"DOUBLE","timestamp":"1696617018","value":8841.486842},{"valueType":"DOUBLE","timestamp":"1696616958","value":8841.226453},{"valueType":"DOUBLE","timestamp":"1696616898","value":8840.906702},{"valueType":"DOUBLE","timestamp":"1696616838","value":8840.658639},{"valueType":"DOUBLE","timestamp":"1696616778","value":8840.394997},{"valueType":"DOUBLE","timestamp":"1696616718","value":8840.065872},{"valueType":"DOUBLE","timestamp":"1696616658","value":8839.768156},{"valueType":"DOUBLE","timestamp":"1696616598","value":8839.491312},{"valueType":"DOUBLE","timestamp":"1696616538","value":8839.25213},{"valueType":"DOUBLE","timestamp":"1696616478","value":8838.992635},{"valueType":"DOUBLE","timestamp":"1696616418","value":8838.616611},{"valueType":"DOUBLE","timestamp":"1696616358","value":8838.365366},{"valueType":"DOUBLE","timestamp":"1696616298","value":8838.01651},{"valueType":"DOUBLE","timestamp":"1696616238","value":8837.706132},{"valueType":"DOUBLE","timestamp":"1696616178","value":8837.534223},{"valueType":"DOUBLE","timestamp":"1696616118","value":8837.243982},{"valueType":"DOUBLE","timestamp":"1696616058","value":8836.920631},{"valueType":"DOUBLE","timestamp":"1696615999","value":8836.608151},{"valueType":"DOUBLE","timestamp":"1696615939","value":8836.337426},{"valueType":"DOUBLE","timestamp":"1696615879","value":8836.04037},{"valueType":"DOUBLE","timestamp":"1696615819","value":8835.763827},{"valueType":"DOUBLE","timestamp":"1696615759","value":8835.453426},{"valueType":"DOUBLE","timestamp":"1696615699","value":8835.190384},{"valueType":"DOUBLE","timestamp":"1696615638","value":8834.878379},{"valueType":"DOUBLE","timestamp":"1696615579","value":8834.569493},{"valueType":"DOUBLE","timestamp":"1696615519","value":8834.284225},{"valueType":"DOUBLE","timestamp":"1696701860","value":156.103695},{"valueType":"DOUBLE","timestamp":"1696701800","value":155.713071},{"valueType":"DOUBLE","timestamp":"1696701740","value":155.469191},{"valueType":"DOUBLE","timestamp":"1696701680","value":155.157787},{"valueType":"DOUBLE","timestamp":"1696701620","value":154.841472},{"valueType":"DOUBLE","timestamp":"1696701560","value":154.535683},{"valueType":"DOUBLE","timestamp":"1696701500","value":154.15861},{"valueType":"DOUBLE","timestamp":"1696701440","value":153.898793},{"valueType":"DOUBLE","timestamp":"1696701380","value":153.310129},{"valueType":"DOUBLE","timestamp":"1696701320","value":153.016203},{"valueType":"DOUBLE","timestamp":"1696701260","value":152.680948},{"valueType":"DOUBLE","timestamp":"1696701200","value":152.108389},{"valueType":"DOUBLE","timestamp":"1696701140","value":151.815516},{"valueType":"DOUBLE","timestamp":"1696701080","value":151.509154},{"valueType":"DOUBLE","timestamp":"1696701020","value":151.149289},{"valueType":"DOUBLE","timestamp":"1696700960","value":150.796208},{"valueType":"DOUBLE","timestamp":"1696700900","value":150.490698},{"valueType":"DOUBLE","timestamp":"1696700840","value":150.019581},{"valueType":"DOUBLE","timestamp":"1696700780","value":149.723269},{"valueType":"DOUBLE","timestamp":"1696700720","value":149.407634},{"valueType":"DOUBLE","timestamp":"1696700660","value":148.892131},{"valueType":"DOUBLE","timestamp":"1696700600","value":148.332355},{"valueType":"DOUBLE","timestamp":"1696700540","value":147.722443},{"valueType":"DOUBLE","timestamp":"1696700480","value":146.752861},{"valueType":"DOUBLE","timestamp":"1696700420","value":146.371945},{"valueType":"DOUBLE","timestamp":"1696700360","value":146.101076},{"valueType":"DOUBLE","timestamp":"1696700300","value":144.710614},{"valueType":"DOUBLE","timestamp":"1696700240","value":144.311848},{"valueType":"DOUBLE","timestamp":"1696700180","value":143.841321},{"valueType":"DOUBLE","timestamp":"1696700120","value":143.522907},{"valueType":"DOUBLE","timestamp":"1696700060","value":143.114222},{"valueType":"DOUBLE","timestamp":"1696700000","value":142.697549},{"valueType":"DOUBLE","timestamp":"1696699940","value":141.840091},{"valueType":"DOUBLE","timestamp":"1696699880","value":141.354643},{"valueType":"DOUBLE","timestamp":"1696699820","value":140.816944},{"valueType":"DOUBLE","timestamp":"1696699760","value":140.402577},{"valueType":"DOUBLE","timestamp":"1696699700","value":140.118422},{"valueType":"DOUBLE","timestamp":"1696699640","value":139.824149},{"valueType":"DOUBLE","timestamp":"1696699580","value":139.569496},{"valueType":"DOUBLE","timestamp":"1696699520","value":139.089775},{"valueType":"DOUBLE","timestamp":"1696699460","value":138.728449},{"valueType":"DOUBLE","timestamp":"1696699400","value":138.085269},{"valueType":"DOUBLE","timestamp":"1696699340","value":137.722442},{"valueType":"DOUBLE","timestamp":"1696699280","value":137.307881},{"valueType":"DOUBLE","timestamp":"1696699220","value":136.988719},{"valueType":"DOUBLE","timestamp":"1696699160","value":136.62626},{"valueType":"DOUBLE","timestamp":"1696699100","value":136.232374},{"valueType":"DOUBLE","timestamp":"1696699040","value":135.737245},{"valueType":"DOUBLE","timestamp":"1696698980","value":135.324642},{"valueType":"DOUBLE","timestamp":"1696698920","value":134.861148},{"valueType":"DOUBLE","timestamp":"1696698860","value":134.576063},{"valueType":"DOUBLE","timestamp":"1696698800","value":133.817902},{"valueType":"DOUBLE","timestamp":"1696698740","value":133.496319},{"valueType":"DOUBLE","timestamp":"1696698680","value":133.111392},{"valueType":"DOUBLE","timestamp":"1696698620","value":132.562973},{"valueType":"DOUBLE","timestamp":"1696698560","value":132.044339},{"valueType":"DOUBLE","timestamp":"1696698500","value":131.695694},{"valueType":"DOUBLE","timestamp":"1696698440","value":131.246929},{"valueType":"DOUBLE","timestamp":"1696698380","value":130.890734},{"valueType":"DOUBLE","timestamp":"1696698320","value":130.230898},{"valueType":"DOUBLE","timestamp":"1696698260","value":129.7761},{"valueType":"DOUBLE","timestamp":"1696698200","value":129.489444},{"valueType":"DOUBLE","timestamp":"1696698140","value":129.034662},{"valueType":"DOUBLE","timestamp":"1696698080","value":128.632599},{"valueType":"DOUBLE","timestamp":"1696698020","value":128.118968},{"valueType":"DOUBLE","timestamp":"1696697960","value":127.746669},{"valueType":"DOUBLE","timestamp":"1696697900","value":127.347383},{"valueType":"DOUBLE","timestamp":"1696697840","value":126.971491},{"valueType":"DOUBLE","timestamp":"1696697780","value":126.533934},{"valueType":"DOUBLE","timestamp":"1696697720","value":125.999535},{"valueType":"DOUBLE","timestamp":"1696697660","value":125.617383},{"valueType":"DOUBLE","timestamp":"1696697600","value":125.313752},{"valueType":"DOUBLE","timestamp":"1696697540","value":124.927838},{"valueType":"DOUBLE","timestamp":"1696697480","value":124.464319},{"valueType":"DOUBLE","timestamp":"1696697420","value":123.565843},{"valueType":"DOUBLE","timestamp":"1696697360","value":123.209461},{"valueType":"DOUBLE","timestamp":"1696697300","value":122.536517},{"valueType":"DOUBLE","timestamp":"1696697240","value":122.163944},{"valueType":"DOUBLE","timestamp":"1696697180","value":121.661495},{"valueType":"DOUBLE","timestamp":"1696697120","value":121.141725},{"valueType":"DOUBLE","timestamp":"1696697060","value":119.890193},{"valueType":"DOUBLE","timestamp":"1696697000","value":119.266001},{"valueType":"DOUBLE","timestamp":"1696696940","value":118.893148},{"valueType":"DOUBLE","timestamp":"1696696880","value":117.464004},{"valueType":"DOUBLE","timestamp":"1696696820","value":117.151027},{"valueType":"DOUBLE","timestamp":"1696696760","value":116.227647},{"valueType":"DOUBLE","timestamp":"1696696700","value":115.338888},{"valueType":"DOUBLE","timestamp":"1696696640","value":115.031933},{"valueType":"DOUBLE","timestamp":"1696696580","value":114.276843},{"valueType":"DOUBLE","timestamp":"1696696520","value":113.782457},{"valueType":"DOUBLE","timestamp":"1696696460","value":113.414751},{"valueType":"DOUBLE","timestamp":"1696696400","value":112.450929},{"valueType":"DOUBLE","timestamp":"1696696340","value":112.104953},{"valueType":"DOUBLE","timestamp":"1696696280","value":111.494174},{"valueType":"DOUBLE","timestamp":"1696696220","value":111.012931},{"valueType":"DOUBLE","timestamp":"1696696160","value":110.564385},{"valueType":"DOUBLE","timestamp":"1696696100","value":109.925154},{"valueType":"DOUBLE","timestamp":"1696696040","value":109.438076},{"valueType":"DOUBLE","timestamp":"1696695980","value":108.619937},{"valueType":"DOUBLE","timestamp":"1696695920","value":108.111007},{"valueType":"DOUBLE","timestamp":"1696695860","value":107.700203},{"valueType":"DOUBLE","timestamp":"1696695800","value":107.346341},{"valueType":"DOUBLE","timestamp":"1696695740","value":106.775376},{"valueType":"DOUBLE","timestamp":"1696695680","value":106.316315},{"valueType":"DOUBLE","timestamp":"1696695620","value":105.720483},{"valueType":"DOUBLE","timestamp":"1696695560","value":105.325306},{"valueType":"DOUBLE","timestamp":"1696695500","value":104.711768},{"valueType":"DOUBLE","timestamp":"1696695440","value":104.320317},{"valueType":"DOUBLE","timestamp":"1696695380","value":103.856419},{"valueType":"DOUBLE","timestamp":"1696695320","value":103.309065},{"valueType":"DOUBLE","timestamp":"1696695260","value":102.739278},{"valueType":"DOUBLE","timestamp":"1696695200","value":102.26771},{"valueType":"DOUBLE","timestamp":"1696695140","value":101.86271},{"valueType":"DOUBLE","timestamp":"1696695080","value":101.363059},{"valueType":"DOUBLE","timestamp":"1696695020","value":100.860933},{"valueType":"DOUBLE","timestamp":"1696694960","value":100.171606},{"valueType":"DOUBLE","timestamp":"1696694900","value":99.521873},{"valueType":"DOUBLE","timestamp":"1696694840","value":99.118024},{"valueType":"DOUBLE","timestamp":"1696694780","value":98.533312},{"valueType":"DOUBLE","timestamp":"1696694720","value":98.054928},{"valueType":"DOUBLE","timestamp":"1696694660","value":97.529311},{"valueType":"DOUBLE","timestamp":"1696694600","value":97.055815},{"valueType":"DOUBLE","timestamp":"1696694540","value":96.500469},{"valueType":"DOUBLE","timestamp":"1696694480","value":95.545043},{"valueType":"DOUBLE","timestamp":"1696694420","value":94.904475},{"valueType":"DOUBLE","timestamp":"1696694360","value":94.451697},{"valueType":"DOUBLE","timestamp":"1696694300","value":92.884069},{"valueType":"DOUBLE","timestamp":"1696694240","value":92.43561},{"valueType":"DOUBLE","timestamp":"1696694180","value":91.941482},{"valueType":"DOUBLE","timestamp":"1696694120","value":90.155556},{"valueType":"DOUBLE","timestamp":"1696694060","value":89.597507},{"valueType":"DOUBLE","timestamp":"1696694000","value":89.046532},{"valueType":"DOUBLE","timestamp":"1696693940","value":88.130384},{"valueType":"DOUBLE","timestamp":"1696693880","value":87.188683},{"valueType":"DOUBLE","timestamp":"1696693820","value":86.40741},{"valueType":"DOUBLE","timestamp":"1696693760","value":85.775002},{"valueType":"DOUBLE","timestamp":"1696693700","value":85.306328},{"valueType":"DOUBLE","timestamp":"1696693640","value":84.569495},{"valueType":"DOUBLE","timestamp":"1696693580","value":83.535196},{"valueType":"DOUBLE","timestamp":"1696693520","value":82.781868},{"valueType":"DOUBLE","timestamp":"1696693460","value":81.863146},{"valueType":"DOUBLE","timestamp":"1696693400","value":80.977774},{"valueType":"DOUBLE","timestamp":"1696693340","value":80.356434},{"valueType":"DOUBLE","timestamp":"1696693280","value":79.63084},{"valueType":"DOUBLE","timestamp":"1696693220","value":78.589579},{"valueType":"DOUBLE","timestamp":"1696693160","value":77.835957},{"valueType":"DOUBLE","timestamp":"1696693100","value":77.166537},{"valueType":"DOUBLE","timestamp":"1696693040","value":76.582045},{"valueType":"DOUBLE","timestamp":"1696692980","value":75.951684},{"valueType":"DOUBLE","timestamp":"1696692920","value":75.358972},{"valueType":"DOUBLE","timestamp":"1696692860","value":75.192589},{"valueType":"DOUBLE","timestamp":"1696692800","value":75.007073},{"valueType":"DOUBLE","timestamp":"1696692740","value":74.857262},{"valueType":"DOUBLE","timestamp":"1696692680","value":74.686079},{"valueType":"DOUBLE","timestamp":"1696692620","value":74.526346},{"valueType":"DOUBLE","timestamp":"1696692560","value":74.310275},{"valueType":"DOUBLE","timestamp":"1696692500","value":74.176547},{"valueType":"DOUBLE","timestamp":"1696692440","value":73.449745},{"valueType":"DOUBLE","timestamp":"1696692380","value":73.277969},{"valueType":"DOUBLE","timestamp":"1696692320","value":73.134883},{"valueType":"DOUBLE","timestamp":"1696692260","value":72.448449},{"valueType":"DOUBLE","timestamp":"1696692200","value":71.559847},{"valueType":"DOUBLE","timestamp":"1696692140","value":71.423972},{"valueType":"DOUBLE","timestamp":"1696692080","value":71.241765},{"valueType":"DOUBLE","timestamp":"1696692020","value":71.0383},{"valueType":"DOUBLE","timestamp":"1696691960","value":70.766159},{"valueType":"DOUBLE","timestamp":"1696691900","value":70.468386},{"valueType":"DOUBLE","timestamp":"1696691840","value":70.238752},{"valueType":"DOUBLE","timestamp":"1696691780","value":70.078076},{"valueType":"DOUBLE","timestamp":"1696691720","value":69.837177},{"valueType":"DOUBLE","timestamp":"1696691660","value":69.599481},{"valueType":"DOUBLE","timestamp":"1696691600","value":69.39548},{"valueType":"DOUBLE","timestamp":"1696691540","value":69.245801},{"valueType":"DOUBLE","timestamp":"1696691480","value":69.062069},{"valueType":"DOUBLE","timestamp":"1696691420","value":68.591509},{"valueType":"DOUBLE","timestamp":"1696691360","value":68.408777},{"valueType":"DOUBLE","timestamp":"1696691300","value":68.2782},{"valueType":"DOUBLE","timestamp":"1696691240","value":68.126997},{"valueType":"DOUBLE","timestamp":"1696691180","value":67.957902},{"valueType":"DOUBLE","timestamp":"1696691120","value":67.705211},{"valueType":"DOUBLE","timestamp":"1696691060","value":67.485925},{"valueType":"DOUBLE","timestamp":"1696691000","value":67.331199},{"valueType":"DOUBLE","timestamp":"1696690940","value":67.133122},{"valueType":"DOUBLE","timestamp":"1696690880","value":66.953609},{"valueType":"DOUBLE","timestamp":"1696690820","value":66.774481},{"valueType":"DOUBLE","timestamp":"1696690760","value":66.271787},{"valueType":"DOUBLE","timestamp":"1696690700","value":66.135355},{"valueType":"DOUBLE","timestamp":"1696690640","value":65.95111},{"valueType":"DOUBLE","timestamp":"1696690580","value":65.306543},{"valueType":"DOUBLE","timestamp":"1696690520","value":65.12996},{"valueType":"DOUBLE","timestamp":"1696690460","value":64.975094},{"valueType":"DOUBLE","timestamp":"1696690400","value":64.817679},{"valueType":"DOUBLE","timestamp":"1696690340","value":64.667631},{"valueType":"DOUBLE","timestamp":"1696690280","value":64.497342},{"valueType":"DOUBLE","timestamp":"1696690220","value":64.332175},{"valueType":"DOUBLE","timestamp":"1696690160","value":64.191842},{"valueType":"DOUBLE","timestamp":"1696690100","value":64.005122},{"valueType":"DOUBLE","timestamp":"1696690040","value":63.781451},{"valueType":"DOUBLE","timestamp":"1696689980","value":63.63248},{"valueType":"DOUBLE","timestamp":"1696689920","value":63.362358},{"valueType":"DOUBLE","timestamp":"1696689860","value":63.106398},{"valueType":"DOUBLE","timestamp":"1696689800","value":62.936932},{"valueType":"DOUBLE","timestamp":"1696689740","value":62.781661},{"valueType":"DOUBLE","timestamp":"1696689680","value":62.525545},{"valueType":"DOUBLE","timestamp":"1696689620","value":62.377842},{"valueType":"DOUBLE","timestamp":"1696689560","value":62.220046},{"valueType":"DOUBLE","timestamp":"1696689500","value":62.055752},{"valueType":"DOUBLE","timestamp":"1696689440","value":61.891733},{"valueType":"DOUBLE","timestamp":"1696689380","value":61.552194},{"valueType":"DOUBLE","timestamp":"1696689320","value":61.396275},{"valueType":"DOUBLE","timestamp":"1696689260","value":61.245621},{"valueType":"DOUBLE","timestamp":"1696689200","value":61.06954},{"valueType":"DOUBLE","timestamp":"1696689140","value":60.86994},{"valueType":"DOUBLE","timestamp":"1696689080","value":60.634161},{"valueType":"DOUBLE","timestamp":"1696689020","value":60.409267},{"valueType":"DOUBLE","timestamp":"1696688960","value":60.185767},{"valueType":"DOUBLE","timestamp":"1696688900","value":60.012555},{"valueType":"DOUBLE","timestamp":"1696688840","value":59.569961},{"valueType":"DOUBLE","timestamp":"1696688780","value":59.355859},{"valueType":"DOUBLE","timestamp":"1696688720","value":59.029562},{"valueType":"DOUBLE","timestamp":"1696688660","value":58.835707},{"valueType":"DOUBLE","timestamp":"1696688600","value":58.665252},{"valueType":"DOUBLE","timestamp":"1696688540","value":58.485448},{"valueType":"DOUBLE","timestamp":"1696688480","value":58.333336},{"valueType":"DOUBLE","timestamp":"1696688420","value":58.150326},{"valueType":"DOUBLE","timestamp":"1696688360","value":57.92191},{"valueType":"DOUBLE","timestamp":"1696688300","value":57.677816},{"valueType":"DOUBLE","timestamp":"1696688240","value":57.236703},{"valueType":"DOUBLE","timestamp":"1696688180","value":57.055484},{"valueType":"DOUBLE","timestamp":"1696688120","value":56.777837},{"valueType":"DOUBLE","timestamp":"1696688060","value":56.534626},{"valueType":"DOUBLE","timestamp":"1696688000","value":56.340746},{"valueType":"DOUBLE","timestamp":"1696687940","value":56.108284},{"valueType":"DOUBLE","timestamp":"1696687880","value":55.923998},{"valueType":"DOUBLE","timestamp":"1696687820","value":55.699505},{"valueType":"DOUBLE","timestamp":"1696687760","value":55.389167},{"valueType":"DOUBLE","timestamp":"1696687700","value":55.238015},{"valueType":"DOUBLE","timestamp":"1696687640","value":54.991907},{"valueType":"DOUBLE","timestamp":"1696687580","value":54.431337},{"valueType":"DOUBLE","timestamp":"1696687520","value":54.261201},{"valueType":"DOUBLE","timestamp":"1696687460","value":54.073655},{"valueType":"DOUBLE","timestamp":"1696687400","value":53.762809},{"valueType":"DOUBLE","timestamp":"1696687340","value":53.588688},{"valueType":"DOUBLE","timestamp":"1696687280","value":53.36608},{"valueType":"DOUBLE","timestamp":"1696687220","value":53.154416},{"valueType":"DOUBLE","timestamp":"1696687160","value":52.955926},{"valueType":"DOUBLE","timestamp":"1696687100","value":52.733556},{"valueType":"DOUBLE","timestamp":"1696687040","value":52.495887},{"valueType":"DOUBLE","timestamp":"1696686980","value":52.180396},{"valueType":"DOUBLE","timestamp":"1696686920","value":52.030571},{"valueType":"DOUBLE","timestamp":"1696686860","value":51.825816},{"valueType":"DOUBLE","timestamp":"1696686800","value":51.568522},{"valueType":"DOUBLE","timestamp":"1696686740","value":51.331799},{"valueType":"DOUBLE","timestamp":"1696686680","value":51.09257},{"valueType":"DOUBLE","timestamp":"1696686620","value":50.881639},{"valueType":"DOUBLE","timestamp":"1696686560","value":50.324934},{"valueType":"DOUBLE","timestamp":"1696686500","value":50.095311},{"valueType":"DOUBLE","timestamp":"1696686440","value":49.808199},{"valueType":"DOUBLE","timestamp":"1696686380","value":49.280268},{"valueType":"DOUBLE","timestamp":"1696686320","value":48.803688},{"valueType":"DOUBLE","timestamp":"1696686260","value":47.9875},{"valueType":"DOUBLE","timestamp":"1696686200","value":47.315922},{"valueType":"DOUBLE","timestamp":"1696686140","value":46.901918},{"valueType":"DOUBLE","timestamp":"1696686080","value":46.598665},{"valueType":"DOUBLE","timestamp":"1696686020","value":46.285818},{"valueType":"DOUBLE","timestamp":"1696685960","value":45.809277},{"valueType":"DOUBLE","timestamp":"1696685900","value":44.731628},{"valueType":"DOUBLE","timestamp":"1696685840","value":43.016149},{"valueType":"DOUBLE","timestamp":"1696685780","value":41.65745},{"valueType":"DOUBLE","timestamp":"1696685720","value":39.756641},{"valueType":"DOUBLE","timestamp":"1696685660","value":39.179281},{"valueType":"DOUBLE","timestamp":"1696685600","value":36.416066},{"valueType":"DOUBLE","timestamp":"1696685540","value":35.246754},{"valueType":"DOUBLE","timestamp":"1696685480","value":34.837716},{"valueType":"DOUBLE","timestamp":"1696685420","value":34.543959},{"valueType":"DOUBLE","timestamp":"1696685360","value":34.152003},{"valueType":"DOUBLE","timestamp":"1696685300","value":33.88434},{"valueType":"DOUBLE","timestamp":"1696685240","value":33.560757},{"valueType":"DOUBLE","timestamp":"1696685180","value":33.127838},{"valueType":"DOUBLE","timestamp":"1696685120","value":32.654281},{"valueType":"DOUBLE","timestamp":"1696685060","value":31.911734},{"valueType":"DOUBLE","timestamp":"1696685000","value":31.285319},{"valueType":"DOUBLE","timestamp":"1696684940","value":30.732062},{"valueType":"DOUBLE","timestamp":"1696684880","value":30.349973},{"valueType":"DOUBLE","timestamp":"1696684820","value":29.776083},{"valueType":"DOUBLE","timestamp":"1696684760","value":29.221108},{"valueType":"DOUBLE","timestamp":"1696684700","value":28.335843},{"valueType":"DOUBLE","timestamp":"1696684640","value":26.509335},{"valueType":"DOUBLE","timestamp":"1696684580","value":11.095525}]}