{"podName":"ledgerwriter-f6cc7889d-rczj4","containerName":"ledgerwriter","nodeName":null,"metricType":"kubernetes.io/container/cpu/core_usage_time","metrics":[{"valueType":"DOUBLE","timestamp":"1696785260","value":514.867293},{"valueType":"DOUBLE","timestamp":"1696785200","value":514.743219},{"valueType":"DOUBLE","timestamp":"1696785140","value":514.614864},{"valueType":"DOUBLE","timestamp":"1696785080","value":514.494593},{"valueType":"DOUBLE","timestamp":"1696785020","value":514.384607},{"valueType":"DOUBLE","timestamp":"1696784960","value":514.253373},{"valueType":"DOUBLE","timestamp":"1696784900","value":514.121555},{"valueType":"DOUBLE","timestamp":"1696784840","value":514.012391},{"valueType":"DOUBLE","timestamp":"1696784780","value":513.885025},{"valueType":"DOUBLE","timestamp":"1696784720","value":513.773386},{"valueType":"DOUBLE","timestamp":"1696784660","value":513.656886},{"valueType":"DOUBLE","timestamp":"1696784600","value":513.540803},{"valueType":"DOUBLE","timestamp":"1696784540","value":513.412738},{"valueType":"DOUBLE","timestamp":"1696784480","value":513.29059},{"valueType":"DOUBLE","timestamp":"1696784420","value":513.186255},{"valueType":"DOUBLE","timestamp":"1696784360","value":513.071198},{"valueType":"DOUBLE","timestamp":"1696784300","value":512.946913},{"valueType":"DOUBLE","timestamp":"1696784240","value":512.800531},{"valueType":"DOUBLE","timestamp":"1696784180","value":512.626403},{"valueType":"DOUBLE","timestamp":"1696784120","value":512.47225},{"valueType":"DOUBLE","timestamp":"1696784060","value":512.341021},{"valueType":"DOUBLE","timestamp":"1696784000","value":512.20341},{"valueType":"DOUBLE","timestamp":"1696783940","value":512.078305},{"valueType":"DOUBLE","timestamp":"1696783880","value":511.963349},{"valueType":"DOUBLE","timestamp":"1696783820","value":511.840969},{"valueType":"DOUBLE","timestamp":"1696783760","value":511.720773},{"valueType":"DOUBLE","timestamp":"1696783700","value":511.590169},{"valueType":"DOUBLE","timestamp":"1696783640","value":511.478798},{"valueType":"DOUBLE","timestamp":"1696783580","value":511.363672},{"valueType":"DOUBLE","timestamp":"1696783520","value":511.232784},{"valueType":"DOUBLE","timestamp":"1696783460","value":511.117475},{"valueType":"DOUBLE","timestamp":"1696783400","value":511.010294},{"valueType":"DOUBLE","timestamp":"1696783340","value":510.855321},{"valueType":"DOUBLE","timestamp":"1696783280","value":510.734003},{"valueType":"DOUBLE","timestamp":"1696783220","value":510.610988},{"valueType":"DOUBLE","timestamp":"1696783160","value":510.502048},{"valueType":"DOUBLE","timestamp":"1696783100","value":510.394451},{"valueType":"DOUBLE","timestamp":"1696783040","value":510.264871},{"valueType":"DOUBLE","timestamp":"1696782980","value":510.157156},{"valueType":"DOUBLE","timestamp":"1696782920","value":510.015696},{"valueType":"DOUBLE","timestamp":"1696782860","value":509.902163},{"valueType":"DOUBLE","timestamp":"1696782800","value":509.786019},{"valueType":"DOUBLE","timestamp":"1696782740","value":509.660307},{"valueType":"DOUBLE","timestamp":"1696782680","value":509.53458},{"valueType":"DOUBLE","timestamp":"1696782620","value":509.420556},{"valueType":"DOUBLE","timestamp":"1696782560","value":509.295493},{"valueType":"DOUBLE","timestamp":"1696782500","value":509.170136},{"valueType":"DOUBLE","timestamp":"1696782440","value":509.033318},{"valueType":"DOUBLE","timestamp":"1696782380","value":508.912017},{"valueType":"DOUBLE","timestamp":"1696782320","value":508.742886},{"valueType":"DOUBLE","timestamp":"1696782260","value":508.615109},{"valueType":"DOUBLE","timestamp":"1696782200","value":508.475408},{"valueType":"DOUBLE","timestamp":"1696782140","value":508.351997},{"valueType":"DOUBLE","timestamp":"1696782080","value":508.217834},{"valueType":"DOUBLE","timestamp":"1696782020","value":508.109996},{"valueType":"DOUBLE","timestamp":"1696781960","value":507.986465},{"valueType":"DOUBLE","timestamp":"1696781900","value":507.86343},{"valueType":"DOUBLE","timestamp":"1696781840","value":507.746608},{"valueType":"DOUBLE","timestamp":"1696781780","value":507.641824},{"valueType":"DOUBLE","timestamp":"1696781720","value":507.512919},{"valueType":"DOUBLE","timestamp":"1696781660","value":507.38564},{"valueType":"DOUBLE","timestamp":"1696781600","value":507.260084},{"valueType":"DOUBLE","timestamp":"1696781540","value":507.15943},{"valueType":"DOUBLE","timestamp":"1696781480","value":507.042552},{"valueType":"DOUBLE","timestamp":"1696781420","value":506.899415},{"valueType":"DOUBLE","timestamp":"1696781360","value":506.792432},{"valueType":"DOUBLE","timestamp":"1696781300","value":506.663297},{"valueType":"DOUBLE","timestamp":"1696781240","value":506.549224},{"valueType":"DOUBLE","timestamp":"1696781180","value":506.42735},{"valueType":"DOUBLE","timestamp":"1696781120","value":506.288872},{"valueType":"DOUBLE","timestamp":"1696781060","value":506.187373},{"valueType":"DOUBLE","timestamp":"1696781000","value":506.048069},{"valueType":"DOUBLE","timestamp":"1696780940","value":505.941737},{"valueType":"DOUBLE","timestamp":"1696780880","value":505.803602},{"valueType":"DOUBLE","timestamp":"1696780820","value":505.677337},{"valueType":"DOUBLE","timestamp":"1696780760","value":505.564094},{"valueType":"DOUBLE","timestamp":"1696780700","value":505.455615},{"valueType":"DOUBLE","timestamp":"1696780640","value":505.315676},{"valueType":"DOUBLE","timestamp":"1696780580","value":505.174001},{"valueType":"DOUBLE","timestamp":"1696780520","value":505.027194},{"valueType":"DOUBLE","timestamp":"1696780460","value":504.85492},{"valueType":"DOUBLE","timestamp":"1696780400","value":504.740792},{"valueType":"DOUBLE","timestamp":"1696780340","value":504.610327},{"valueType":"DOUBLE","timestamp":"1696780280","value":504.493899},{"valueType":"DOUBLE","timestamp":"1696780220","value":504.376912},{"valueType":"DOUBLE","timestamp":"1696780160","value":504.263086},{"valueType":"DOUBLE","timestamp":"1696780100","value":504.149542},{"valueType":"DOUBLE","timestamp":"1696780040","value":503.999923},{"valueType":"DOUBLE","timestamp":"1696779980","value":503.884796},{"valueType":"DOUBLE","timestamp":"1696779920","value":503.756588},{"valueType":"DOUBLE","timestamp":"1696779860","value":503.516709},{"valueType":"DOUBLE","timestamp":"1696779800","value":503.238358},{"valueType":"DOUBLE","timestamp":"1696779740","value":502.995361},{"valueType":"DOUBLE","timestamp":"1696779680","value":502.720629},{"valueType":"DOUBLE","timestamp":"1696779620","value":502.530489},{"valueType":"DOUBLE","timestamp":"1696779560","value":502.279242},{"valueType":"DOUBLE","timestamp":"1696779500","value":502.057577},{"valueType":"DOUBLE","timestamp":"1696779440","value":501.829574},{"valueType":"DOUBLE","timestamp":"1696779380","value":501.570724},{"valueType":"DOUBLE","timestamp":"1696779320","value":501.313534},{"valueType":"DOUBLE","timestamp":"1696779260","value":501.13102},{"valueType":"DOUBLE","timestamp":"1696779200","value":500.799347},{"valueType":"DOUBLE","timestamp":"1696779140","value":500.573068},{"valueType":"DOUBLE","timestamp":"1696779080","value":500.328678},{"valueType":"DOUBLE","timestamp":"1696779020","value":500.08517},{"valueType":"DOUBLE","timestamp":"1696778960","value":499.831569},{"valueType":"DOUBLE","timestamp":"1696778900","value":499.498708},{"valueType":"DOUBLE","timestamp":"1696778840","value":499.283967},{"valueType":"DOUBLE","timestamp":"1696778780","value":499.035588},{"valueType":"DOUBLE","timestamp":"1696778720","value":498.738476},{"valueType":"DOUBLE","timestamp":"1696778660","value":498.515322},{"valueType":"DOUBLE","timestamp":"1696778600","value":498.289193},{"valueType":"DOUBLE","timestamp":"1696778540","value":498.026832},{"valueType":"DOUBLE","timestamp":"1696778480","value":497.769547},{"valueType":"DOUBLE","timestamp":"1696778420","value":497.53959},{"valueType":"DOUBLE","timestamp":"1696778360","value":497.299766},{"valueType":"DOUBLE","timestamp":"1696778300","value":497.061842},{"valueType":"DOUBLE","timestamp":"1696778240","value":496.794378},{"valueType":"DOUBLE","timestamp":"1696778180","value":496.539349},{"valueType":"DOUBLE","timestamp":"1696778120","value":496.27291},{"valueType":"DOUBLE","timestamp":"1696778060","value":496.077125},{"valueType":"DOUBLE","timestamp":"1696778000","value":495.824398},{"valueType":"DOUBLE","timestamp":"1696777940","value":495.618431},{"valueType":"DOUBLE","timestamp":"1696777880","value":495.386676},{"valueType":"DOUBLE","timestamp":"1696777820","value":495.173899},{"valueType":"DOUBLE","timestamp":"1696777760","value":494.91758},{"valueType":"DOUBLE","timestamp":"1696777700","value":494.659385},{"valueType":"DOUBLE","timestamp":"1696777640","value":494.442569},{"valueType":"DOUBLE","timestamp":"1696777580","value":494.194456},{"valueType":"DOUBLE","timestamp":"1696777520","value":493.921101},{"valueType":"DOUBLE","timestamp":"1696777460","value":493.68747},{"valueType":"DOUBLE","timestamp":"1696777400","value":493.490873},{"valueType":"DOUBLE","timestamp":"1696777340","value":493.199571},{"valueType":"DOUBLE","timestamp":"1696777280","value":492.9645},{"valueType":"DOUBLE","timestamp":"1696777220","value":492.748442},{"valueType":"DOUBLE","timestamp":"1696777160","value":492.473142},{"valueType":"DOUBLE","timestamp":"1696777100","value":492.188143},{"valueType":"DOUBLE","timestamp":"1696777040","value":491.984014},{"valueType":"DOUBLE","timestamp":"1696776980","value":491.693678},{"valueType":"DOUBLE","timestamp":"1696776920","value":491.44703},{"valueType":"DOUBLE","timestamp":"1696776860","value":491.160437},{"valueType":"DOUBLE","timestamp":"1696776800","value":490.811835},{"valueType":"DOUBLE","timestamp":"1696776740","value":490.582718},{"valueType":"DOUBLE","timestamp":"1696776680","value":490.334822},{"valueType":"DOUBLE","timestamp":"1696776620","value":490.065358},{"valueType":"DOUBLE","timestamp":"1696776560","value":489.82216},{"valueType":"DOUBLE","timestamp":"1696776500","value":489.546682},{"valueType":"DOUBLE","timestamp":"1696776440","value":489.358059},{"valueType":"DOUBLE","timestamp":"1696776380","value":489.117223},{"valueType":"DOUBLE","timestamp":"1696776320","value":488.896676},{"valueType":"DOUBLE","timestamp":"1696776260","value":488.639142},{"valueType":"DOUBLE","timestamp":"1696776200","value":488.385488},{"valueType":"DOUBLE","timestamp":"1696776140","value":488.171378},{"valueType":"DOUBLE","timestamp":"1696776080","value":487.910824},{"valueType":"DOUBLE","timestamp":"1696776020","value":487.66838},{"valueType":"DOUBLE","timestamp":"1696775960","value":487.447583},{"valueType":"DOUBLE","timestamp":"1696775900","value":487.176718},{"valueType":"DOUBLE","timestamp":"1696775840","value":486.901269},{"valueType":"DOUBLE","timestamp":"1696775780","value":486.600399},{"valueType":"DOUBLE","timestamp":"1696775720","value":486.355651},{"valueType":"DOUBLE","timestamp":"1696775660","value":486.143314},{"valueType":"DOUBLE","timestamp":"1696775600","value":485.899241},{"valueType":"DOUBLE","timestamp":"1696775540","value":485.671482},{"valueType":"DOUBLE","timestamp":"1696775480","value":485.43162},{"valueType":"DOUBLE","timestamp":"1696775420","value":485.197487},{"valueType":"DOUBLE","timestamp":"1696775360","value":484.931248},{"valueType":"DOUBLE","timestamp":"1696775300","value":484.722812},{"valueType":"DOUBLE","timestamp":"1696775240","value":484.405879},{"valueType":"DOUBLE","timestamp":"1696775180","value":484.148378},{"valueType":"DOUBLE","timestamp":"1696775120","value":483.834304},{"valueType":"DOUBLE","timestamp":"1696775060","value":483.593766},{"valueType":"DOUBLE","timestamp":"1696775000","value":483.322162},{"valueType":"DOUBLE","timestamp":"1696774940","value":483.091873},{"valueType":"DOUBLE","timestamp":"1696774880","value":482.867427},{"valueType":"DOUBLE","timestamp":"1696774820","value":482.644749},{"valueType":"DOUBLE","timestamp":"1696774760","value":482.393808},{"valueType":"DOUBLE","timestamp":"1696774700","value":482.158823},{"valueType":"DOUBLE","timestamp":"1696774640","value":481.93264},{"valueType":"DOUBLE","timestamp":"1696774580","value":481.731854},{"valueType":"DOUBLE","timestamp":"1696774520","value":481.500752},{"valueType":"DOUBLE","timestamp":"1696774460","value":481.270038},{"valueType":"DOUBLE","timestamp":"1696774400","value":481.002663},{"valueType":"DOUBLE","timestamp":"1696774340","value":480.74116},{"valueType":"DOUBLE","timestamp":"1696774280","value":480.528831},{"valueType":"DOUBLE","timestamp":"1696774220","value":480.313855},{"valueType":"DOUBLE","timestamp":"1696774160","value":480.012572},{"valueType":"DOUBLE","timestamp":"1696774100","value":479.820885},{"valueType":"DOUBLE","timestamp":"1696774040","value":479.577698},{"valueType":"DOUBLE","timestamp":"1696773980","value":479.337062},{"valueType":"DOUBLE","timestamp":"1696773920","value":479.073347},{"valueType":"DOUBLE","timestamp":"1696773860","value":478.843296},{"valueType":"DOUBLE","timestamp":"1696773800","value":478.590219},{"valueType":"DOUBLE","timestamp":"1696773740","value":478.336741},{"valueType":"DOUBLE","timestamp":"1696773680","value":478.102168},{"valueType":"DOUBLE","timestamp":"1696773620","value":477.836741},{"valueType":"DOUBLE","timestamp":"1696773560","value":477.593601},{"valueType":"DOUBLE","timestamp":"1696773500","value":477.329013},{"valueType":"DOUBLE","timestamp":"1696773440","value":477.093935},{"valueType":"DOUBLE","timestamp":"1696773380","value":476.790105},{"valueType":"DOUBLE","timestamp":"1696773320","value":476.576019},{"valueType":"DOUBLE","timestamp":"1696773260","value":476.344844},{"valueType":"DOUBLE","timestamp":"1696773200","value":476.082165},{"valueType":"DOUBLE","timestamp":"1696773140","value":475.833477},{"valueType":"DOUBLE","timestamp":"1696773080","value":475.577937},{"valueType":"DOUBLE","timestamp":"1696773020","value":475.326663},{"valueType":"DOUBLE","timestamp":"1696772960","value":475.099019},{"valueType":"DOUBLE","timestamp":"1696772900","value":474.818871},{"valueType":"DOUBLE","timestamp":"1696772840","value":474.626237},{"valueType":"DOUBLE","timestamp":"1696772780","value":474.407644},{"valueType":"DOUBLE","timestamp":"1696772720","value":474.149019},{"valueType":"DOUBLE","timestamp":"1696772660","value":473.917996},{"valueType":"DOUBLE","timestamp":"1696772600","value":473.648398},{"valueType":"DOUBLE","timestamp":"1696772540","value":473.432782},{"valueType":"DOUBLE","timestamp":"1696772480","value":473.186978},{"valueType":"DOUBLE","timestamp":"1696772420","value":472.9414},{"valueType":"DOUBLE","timestamp":"1696772360","value":472.722151},{"valueType":"DOUBLE","timestamp":"1696772300","value":472.483887},{"valueType":"DOUBLE","timestamp":"1696772240","value":472.22688},{"valueType":"DOUBLE","timestamp":"1696772180","value":471.983427},{"valueType":"DOUBLE","timestamp":"1696772120","value":471.771107},{"valueType":"DOUBLE","timestamp":"1696772060","value":471.518658},{"valueType":"DOUBLE","timestamp":"1696772000","value":471.241103},{"valueType":"DOUBLE","timestamp":"1696771940","value":471.034398},{"valueType":"DOUBLE","timestamp":"1696771880","value":470.794487},{"valueType":"DOUBLE","timestamp":"1696771820","value":470.541505},{"valueType":"DOUBLE","timestamp":"1696771760","value":470.283424},{"valueType":"DOUBLE","timestamp":"1696771700","value":470.068186},{"valueType":"DOUBLE","timestamp":"1696771640","value":469.812138},{"valueType":"DOUBLE","timestamp":"1696771580","value":469.579325},{"valueType":"DOUBLE","timestamp":"1696771520","value":469.305002},{"valueType":"DOUBLE","timestamp":"1696771460","value":469.0287},{"valueType":"DOUBLE","timestamp":"1696771400","value":468.766912},{"valueType":"DOUBLE","timestamp":"1696771340","value":468.557122},{"valueType":"DOUBLE","timestamp":"1696771280","value":468.30492},{"valueType":"DOUBLE","timestamp":"1696771220","value":468.051678},{"valueType":"DOUBLE","timestamp":"1696771160","value":467.731721},{"valueType":"DOUBLE","timestamp":"1696771100","value":467.517802},{"valueType":"DOUBLE","timestamp":"1696771040","value":467.240423},{"valueType":"DOUBLE","timestamp":"1696770980","value":467.011511},{"valueType":"DOUBLE","timestamp":"1696770920","value":466.755685},{"valueType":"DOUBLE","timestamp":"1696770860","value":466.485843},{"valueType":"DOUBLE","timestamp":"1696770800","value":466.238007},{"valueType":"DOUBLE","timestamp":"1696770740","value":466.000142},{"valueType":"DOUBLE","timestamp":"1696770680","value":465.771775},{"valueType":"DOUBLE","timestamp":"1696770620","value":465.503296},{"valueType":"DOUBLE","timestamp":"1696770560","value":465.232451},{"valueType":"DOUBLE","timestamp":"1696770500","value":464.82339},{"valueType":"DOUBLE","timestamp":"1696770440","value":464.573211},{"valueType":"DOUBLE","timestamp":"1696770380","value":464.343214},{"valueType":"DOUBLE","timestamp":"1696770320","value":464.117509},{"valueType":"DOUBLE","timestamp":"1696770260","value":463.849107},{"valueType":"DOUBLE","timestamp":"1696770200","value":463.636604},{"valueType":"DOUBLE","timestamp":"1696770140","value":463.414473},{"valueType":"DOUBLE","timestamp":"1696770080","value":463.141133},{"valueType":"DOUBLE","timestamp":"1696770020","value":462.944904},{"valueType":"DOUBLE","timestamp":"1696769960","value":462.674992},{"valueType":"DOUBLE","timestamp":"1696769900","value":462.409069},{"valueType":"DOUBLE","timestamp":"1696769840","value":462.109392},{"valueType":"DOUBLE","timestamp":"1696769780","value":461.858979},{"valueType":"DOUBLE","timestamp":"1696769720","value":461.605315},{"valueType":"DOUBLE","timestamp":"1696769660","value":461.381344},{"valueType":"DOUBLE","timestamp":"1696769600","value":461.155963},{"valueType":"DOUBLE","timestamp":"1696769540","value":460.862138},{"valueType":"DOUBLE","timestamp":"1696769480","value":460.621887},{"valueType":"DOUBLE","timestamp":"1696769420","value":460.320813},{"valueType":"DOUBLE","timestamp":"1696769360","value":460.08204},{"valueType":"DOUBLE","timestamp":"1696769300","value":459.819828},{"valueType":"DOUBLE","timestamp":"1696769240","value":459.571097},{"valueType":"DOUBLE","timestamp":"1696769180","value":459.324372},{"valueType":"DOUBLE","timestamp":"1696769120","value":459.039645},{"valueType":"DOUBLE","timestamp":"1696769060","value":458.755203},{"valueType":"DOUBLE","timestamp":"1696769000","value":458.519198},{"valueType":"DOUBLE","timestamp":"1696768940","value":458.243325},{"valueType":"DOUBLE","timestamp":"1696768880","value":458.013693},{"valueType":"DOUBLE","timestamp":"1696768820","value":457.760281},{"valueType":"DOUBLE","timestamp":"1696768760","value":457.503598},{"valueType":"DOUBLE","timestamp":"1696768700","value":457.303023},{"valueType":"DOUBLE","timestamp":"1696768640","value":457.050566},{"valueType":"DOUBLE","timestamp":"1696768580","value":456.866418},{"valueType":"DOUBLE","timestamp":"1696768520","value":456.602232}]}