{"podName":"ledgerwriter-f6cc7889d-rczj4","containerName":"ledgerwriter","nodeName":null,"metricType":"kubernetes.io/container/restart_count","metrics":[{"valueType":"INT64","timestamp":"1696785201"},{"valueType":"INT64","timestamp":"1696785141"},{"valueType":"INT64","timestamp":"1696785081"},{"valueType":"INT64","timestamp":"1696785021"},{"valueType":"INT64","timestamp":"1696784961"},{"valueType":"INT64","timestamp":"1696784901"},{"valueType":"INT64","timestamp":"1696784841"},{"valueType":"INT64","timestamp":"1696784781"},{"valueType":"INT64","timestamp":"1696784721"},{"valueType":"INT64","timestamp":"1696784661"},{"valueType":"INT64","timestamp":"1696784601"},{"valueType":"INT64","timestamp":"1696784541"},{"valueType":"INT64","timestamp":"1696784481"},{"valueType":"INT64","timestamp":"1696784421"},{"valueType":"INT64","timestamp":"1696784361"},{"valueType":"INT64","timestamp":"1696784301"},{"valueType":"INT64","timestamp":"1696784241"},{"valueType":"INT64","timestamp":"1696784181"},{"valueType":"INT64","timestamp":"1696784121"},{"valueType":"INT64","timestamp":"1696784061"},{"valueType":"INT64","timestamp":"1696784001"},{"valueType":"INT64","timestamp":"1696783941"},{"valueType":"INT64","timestamp":"1696783881"},{"valueType":"INT64","timestamp":"1696783821"},{"valueType":"INT64","timestamp":"1696783761"},{"valueType":"INT64","timestamp":"1696783701"},{"valueType":"INT64","timestamp":"1696783641"},{"valueType":"INT64","timestamp":"1696783581"},{"valueType":"INT64","timestamp":"1696783521"},{"valueType":"INT64","timestamp":"1696783461"},{"valueType":"INT64","timestamp":"1696783401"},{"valueType":"INT64","timestamp":"1696783341"},{"valueType":"INT64","timestamp":"1696783281"},{"valueType":"INT64","timestamp":"1696783221"},{"valueType":"INT64","timestamp":"1696783161"},{"valueType":"INT64","timestamp":"1696783101"},{"valueType":"INT64","timestamp":"1696783041"},{"valueType":"INT64","timestamp":"1696782981"},{"valueType":"INT64","timestamp":"1696782921"},{"valueType":"INT64","timestamp":"1696782861"},{"valueType":"INT64","timestamp":"1696782801"},{"valueType":"INT64","timestamp":"1696782741"},{"valueType":"INT64","timestamp":"1696782681"},{"valueType":"INT64","timestamp":"1696782621"},{"valueType":"INT64","timestamp":"1696782561"},{"valueType":"INT64","timestamp":"1696782501"},{"valueType":"INT64","timestamp":"1696782441"},{"valueType":"INT64","timestamp":"1696782381"},{"valueType":"INT64","timestamp":"1696782321"},{"valueType":"INT64","timestamp":"1696782261"},{"valueType":"INT64","timestamp":"1696782201"},{"valueType":"INT64","timestamp":"1696782141"},{"valueType":"INT64","timestamp":"1696782081"},{"valueType":"INT64","timestamp":"1696782021"},{"valueType":"INT64","timestamp":"1696781961"},{"valueType":"INT64","timestamp":"1696781901"},{"valueType":"INT64","timestamp":"1696781841"},{"valueType":"INT64","timestamp":"1696781781"},{"valueType":"INT64","timestamp":"1696781721"},{"valueType":"INT64","timestamp":"1696781661"},{"valueType":"INT64","timestamp":"1696781601"},{"valueType":"INT64","timestamp":"1696781541"},{"valueType":"INT64","timestamp":"1696781481"},{"valueType":"INT64","timestamp":"1696781421"},{"valueType":"INT64","timestamp":"1696781361"},{"valueType":"INT64","timestamp":"1696781301"},{"valueType":"INT64","timestamp":"1696781241"},{"valueType":"INT64","timestamp":"1696781181"},{"valueType":"INT64","timestamp":"1696781121"},{"valueType":"INT64","timestamp":"1696781061"},{"valueType":"INT64","timestamp":"1696781001"},{"valueType":"INT64","timestamp":"1696780941"},{"valueType":"INT64","timestamp":"1696780881"},{"valueType":"INT64","timestamp":"1696780821"},{"valueType":"INT64","timestamp":"1696780761"},{"valueType":"INT64","timestamp":"1696780701"},{"valueType":"INT64","timestamp":"1696780641"},{"valueType":"INT64","timestamp":"1696780581"},{"valueType":"INT64","timestamp":"1696780521"},{"valueType":"INT64","timestamp":"1696780461"},{"valueType":"INT64","timestamp":"1696780401"},{"valueType":"INT64","timestamp":"1696780341"},{"valueType":"INT64","timestamp":"1696780281"},{"valueType":"INT64","timestamp":"1696780221"},{"valueType":"INT64","timestamp":"1696780161"},{"valueType":"INT64","timestamp":"1696780101"},{"valueType":"INT64","timestamp":"1696780041"},{"valueType":"INT64","timestamp":"1696779981"},{"valueType":"INT64","timestamp":"1696779921"},{"valueType":"INT64","timestamp":"1696779861"},{"valueType":"INT64","timestamp":"1696779801"},{"valueType":"INT64","timestamp":"1696779741"},{"valueType":"INT64","timestamp":"1696779681"},{"valueType":"INT64","timestamp":"1696779621"},{"valueType":"INT64","timestamp":"1696779561"},{"valueType":"INT64","timestamp":"1696779501"},{"valueType":"INT64","timestamp":"1696779441"},{"valueType":"INT64","timestamp":"1696779381"},{"valueType":"INT64","timestamp":"1696779321"},{"valueType":"INT64","timestamp":"1696779261"},{"valueType":"INT64","timestamp":"1696779201"},{"valueType":"INT64","timestamp":"1696779141"},{"valueType":"INT64","timestamp":"1696779081"},{"valueType":"INT64","timestamp":"1696779021"},{"valueType":"INT64","timestamp":"1696778961"},{"valueType":"INT64","timestamp":"1696778901"},{"valueType":"INT64","timestamp":"1696778841"},{"valueType":"INT64","timestamp":"1696778781"},{"valueType":"INT64","timestamp":"1696778721"},{"valueType":"INT64","timestamp":"1696778661"},{"valueType":"INT64","timestamp":"1696778601"},{"valueType":"INT64","timestamp":"1696778541"},{"valueType":"INT64","timestamp":"1696778481"},{"valueType":"INT64","timestamp":"1696778421"},{"valueType":"INT64","timestamp":"1696778361"},{"valueType":"INT64","timestamp":"1696778301"},{"valueType":"INT64","timestamp":"1696778241"},{"valueType":"INT64","timestamp":"1696778181"},{"valueType":"INT64","timestamp":"1696778121"},{"valueType":"INT64","timestamp":"1696778061"},{"valueType":"INT64","timestamp":"1696778001"},{"valueType":"INT64","timestamp":"1696777941"},{"valueType":"INT64","timestamp":"1696777881"},{"valueType":"INT64","timestamp":"1696777821"},{"valueType":"INT64","timestamp":"1696777761"},{"valueType":"INT64","timestamp":"1696777701"},{"valueType":"INT64","timestamp":"1696777641"},{"valueType":"INT64","timestamp":"1696777581"},{"valueType":"INT64","timestamp":"1696777521"},{"valueType":"INT64","timestamp":"1696777461"},{"valueType":"INT64","timestamp":"1696777401"},{"valueType":"INT64","timestamp":"1696777341"},{"valueType":"INT64","timestamp":"1696777281"},{"valueType":"INT64","timestamp":"1696777221"},{"valueType":"INT64","timestamp":"1696777161"},{"valueType":"INT64","timestamp":"1696777101"},{"valueType":"INT64","timestamp":"1696777041"},{"valueType":"INT64","timestamp":"1696776981"},{"valueType":"INT64","timestamp":"1696776921"},{"valueType":"INT64","timestamp":"1696776861"},{"valueType":"INT64","timestamp":"1696776801"},{"valueType":"INT64","timestamp":"1696776741"},{"valueType":"INT64","timestamp":"1696776681"},{"valueType":"INT64","timestamp":"1696776621"},{"valueType":"INT64","timestamp":"1696776561"},{"valueType":"INT64","timestamp":"1696776501"},{"valueType":"INT64","timestamp":"1696776441"},{"valueType":"INT64","timestamp":"1696776381"},{"valueType":"INT64","timestamp":"1696776321"},{"valueType":"INT64","timestamp":"1696776261"},{"valueType":"INT64","timestamp":"1696776201"},{"valueType":"INT64","timestamp":"1696776141"},{"valueType":"INT64","timestamp":"1696776081"},{"valueType":"INT64","timestamp":"1696776021"},{"valueType":"INT64","timestamp":"1696775961"},{"valueType":"INT64","timestamp":"1696775901"},{"valueType":"INT64","timestamp":"1696775841"},{"valueType":"INT64","timestamp":"1696775781"},{"valueType":"INT64","timestamp":"1696775721"},{"valueType":"INT64","timestamp":"1696775661"},{"valueType":"INT64","timestamp":"1696775601"},{"valueType":"INT64","timestamp":"1696775541"},{"valueType":"INT64","timestamp":"1696775481"},{"valueType":"INT64","timestamp":"1696775421"},{"valueType":"INT64","timestamp":"1696775361"},{"valueType":"INT64","timestamp":"1696775301"},{"valueType":"INT64","timestamp":"1696775241"},{"valueType":"INT64","timestamp":"1696775181"},{"valueType":"INT64","timestamp":"1696775121"},{"valueType":"INT64","timestamp":"1696775061"},{"valueType":"INT64","timestamp":"1696775001"},{"valueType":"INT64","timestamp":"1696774941"},{"valueType":"INT64","timestamp":"1696774881"},{"valueType":"INT64","timestamp":"1696774821"},{"valueType":"INT64","timestamp":"1696774761"},{"valueType":"INT64","timestamp":"1696774701"},{"valueType":"INT64","timestamp":"1696774641"},{"valueType":"INT64","timestamp":"1696774581"},{"valueType":"INT64","timestamp":"1696774521"},{"valueType":"INT64","timestamp":"1696774461"},{"valueType":"INT64","timestamp":"1696774401"},{"valueType":"INT64","timestamp":"1696774341"},{"valueType":"INT64","timestamp":"1696774281"},{"valueType":"INT64","timestamp":"1696774221"},{"valueType":"INT64","timestamp":"1696774161"},{"valueType":"INT64","timestamp":"1696774101"},{"valueType":"INT64","timestamp":"1696774041"},{"valueType":"INT64","timestamp":"1696773981"},{"valueType":"INT64","timestamp":"1696773921"},{"valueType":"INT64","timestamp":"1696773861"},{"valueType":"INT64","timestamp":"1696773801"},{"valueType":"INT64","timestamp":"1696773741"},{"valueType":"INT64","timestamp":"1696773681"},{"valueType":"INT64","timestamp":"1696773621"},{"valueType":"INT64","timestamp":"1696773561"},{"valueType":"INT64","timestamp":"1696773501"},{"valueType":"INT64","timestamp":"1696773441"},{"valueType":"INT64","timestamp":"1696773381"},{"valueType":"INT64","timestamp":"1696773321"},{"valueType":"INT64","timestamp":"1696773261"},{"valueType":"INT64","timestamp":"1696773201"},{"valueType":"INT64","timestamp":"1696773141"},{"valueType":"INT64","timestamp":"1696773081"},{"valueType":"INT64","timestamp":"1696773021"},{"valueType":"INT64","timestamp":"1696772961"},{"valueType":"INT64","timestamp":"1696772901"},{"valueType":"INT64","timestamp":"1696772841"},{"valueType":"INT64","timestamp":"1696772781"},{"valueType":"INT64","timestamp":"1696772721"},{"valueType":"INT64","timestamp":"1696772661"},{"valueType":"INT64","timestamp":"1696772601"},{"valueType":"INT64","timestamp":"1696772541"},{"valueType":"INT64","timestamp":"1696772481"},{"valueType":"INT64","timestamp":"1696772421"},{"valueType":"INT64","timestamp":"1696772361"},{"valueType":"INT64","timestamp":"1696772301"},{"valueType":"INT64","timestamp":"1696772241"},{"valueType":"INT64","timestamp":"1696772181"},{"valueType":"INT64","timestamp":"1696772121"},{"valueType":"INT64","timestamp":"1696772061"},{"valueType":"INT64","timestamp":"1696772001"},{"valueType":"INT64","timestamp":"1696771941"},{"valueType":"INT64","timestamp":"1696771881"},{"valueType":"INT64","timestamp":"1696771821"},{"valueType":"INT64","timestamp":"1696771761"},{"valueType":"INT64","timestamp":"1696771701"},{"valueType":"INT64","timestamp":"1696771641"},{"valueType":"INT64","timestamp":"1696771581"},{"valueType":"INT64","timestamp":"1696771521"},{"valueType":"INT64","timestamp":"1696771461"},{"valueType":"INT64","timestamp":"1696771401"},{"valueType":"INT64","timestamp":"1696771341"},{"valueType":"INT64","timestamp":"1696771281"},{"valueType":"INT64","timestamp":"1696771221"},{"valueType":"INT64","timestamp":"1696771161"},{"valueType":"INT64","timestamp":"1696771101"},{"valueType":"INT64","timestamp":"1696771041"},{"valueType":"INT64","timestamp":"1696770981"},{"valueType":"INT64","timestamp":"1696770921"},{"valueType":"INT64","timestamp":"1696770861"},{"valueType":"INT64","timestamp":"1696770801"},{"valueType":"INT64","timestamp":"1696770741"},{"valueType":"INT64","timestamp":"1696770681"},{"valueType":"INT64","timestamp":"1696770621"},{"valueType":"INT64","timestamp":"1696770561"},{"valueType":"INT64","timestamp":"1696770501"},{"valueType":"INT64","timestamp":"1696770441"},{"valueType":"INT64","timestamp":"1696770381"},{"valueType":"INT64","timestamp":"1696770321"},{"valueType":"INT64","timestamp":"1696770261"},{"valueType":"INT64","timestamp":"1696770201"},{"valueType":"INT64","timestamp":"1696770141"},{"valueType":"INT64","timestamp":"1696770081"},{"valueType":"INT64","timestamp":"1696770021"},{"valueType":"INT64","timestamp":"1696769961"},{"valueType":"INT64","timestamp":"1696769901"},{"valueType":"INT64","timestamp":"1696769841"},{"valueType":"INT64","timestamp":"1696769781"},{"valueType":"INT64","timestamp":"1696769721"},{"valueType":"INT64","timestamp":"1696769661"},{"valueType":"INT64","timestamp":"1696769601"},{"valueType":"INT64","timestamp":"1696769541"},{"valueType":"INT64","timestamp":"1696769481"},{"valueType":"INT64","timestamp":"1696769421"},{"valueType":"INT64","timestamp":"1696769361"},{"valueType":"INT64","timestamp":"1696769301"},{"valueType":"INT64","timestamp":"1696769241"},{"valueType":"INT64","timestamp":"1696769181"},{"valueType":"INT64","timestamp":"1696769121"},{"valueType":"INT64","timestamp":"1696769061"},{"valueType":"INT64","timestamp":"1696769001"},{"valueType":"INT64","timestamp":"1696768941"},{"valueType":"INT64","timestamp":"1696768881"},{"valueType":"INT64","timestamp":"1696768821"},{"valueType":"INT64","timestamp":"1696768761"},{"valueType":"INT64","timestamp":"1696768701"},{"valueType":"INT64","timestamp":"1696768641"},{"valueType":"INT64","timestamp":"1696768581"},{"valueType":"INT64","timestamp":"1696768521"}]}