{"podName":"ledgerwriter-f6cc7889d-rczj4","containerName":"ledgerwriter","nodeName":null,"metricType":"kubernetes.io/container/memory/used_bytes","metrics":[{"valueType":"INT64","timestamp":"1696785200"},{"valueType":"INT64","timestamp":"1696785140"},{"valueType":"INT64","timestamp":"1696785080"},{"valueType":"INT64","timestamp":"1696785020"},{"valueType":"INT64","timestamp":"1696784960"},{"valueType":"INT64","timestamp":"1696784900"},{"valueType":"INT64","timestamp":"1696784840"},{"valueType":"INT64","timestamp":"1696784780"},{"valueType":"INT64","timestamp":"1696784720"},{"valueType":"INT64","timestamp":"1696784660"},{"valueType":"INT64","timestamp":"1696784600"},{"valueType":"INT64","timestamp":"1696784540"},{"valueType":"INT64","timestamp":"1696784480"},{"valueType":"INT64","timestamp":"1696784420"},{"valueType":"INT64","timestamp":"1696784360"},{"valueType":"INT64","timestamp":"1696784300"},{"valueType":"INT64","timestamp":"1696784240"},{"valueType":"INT64","timestamp":"1696784180"},{"valueType":"INT64","timestamp":"1696784120"},{"valueType":"INT64","timestamp":"1696784060"},{"valueType":"INT64","timestamp":"1696784000"},{"valueType":"INT64","timestamp":"1696783940"},{"valueType":"INT64","timestamp":"1696783880"},{"valueType":"INT64","timestamp":"1696783820"},{"valueType":"INT64","timestamp":"1696783760"},{"valueType":"INT64","timestamp":"1696783700"},{"valueType":"INT64","timestamp":"1696783640"},{"valueType":"INT64","timestamp":"1696783580"},{"valueType":"INT64","timestamp":"1696783520"},{"valueType":"INT64","timestamp":"1696783460"},{"valueType":"INT64","timestamp":"1696783400"},{"valueType":"INT64","timestamp":"1696783340"},{"valueType":"INT64","timestamp":"1696783280"},{"valueType":"INT64","timestamp":"1696783220"},{"valueType":"INT64","timestamp":"1696783160"},{"valueType":"INT64","timestamp":"1696783100"},{"valueType":"INT64","timestamp":"1696783040"},{"valueType":"INT64","timestamp":"1696782980"},{"valueType":"INT64","timestamp":"1696782920"},{"valueType":"INT64","timestamp":"1696782860"},{"valueType":"INT64","timestamp":"1696782800"},{"valueType":"INT64","timestamp":"1696782740"},{"valueType":"INT64","timestamp":"1696782680"},{"valueType":"INT64","timestamp":"1696782620"},{"valueType":"INT64","timestamp":"1696782560"},{"valueType":"INT64","timestamp":"1696782500"},{"valueType":"INT64","timestamp":"1696782440"},{"valueType":"INT64","timestamp":"1696782380"},{"valueType":"INT64","timestamp":"1696782320"},{"valueType":"INT64","timestamp":"1696782260"},{"valueType":"INT64","timestamp":"1696782200"},{"valueType":"INT64","timestamp":"1696782140"},{"valueType":"INT64","timestamp":"1696782080"},{"valueType":"INT64","timestamp":"1696782020"},{"valueType":"INT64","timestamp":"1696781960"},{"valueType":"INT64","timestamp":"1696781900"},{"valueType":"INT64","timestamp":"1696781840"},{"valueType":"INT64","timestamp":"1696781780"},{"valueType":"INT64","timestamp":"1696781720"},{"valueType":"INT64","timestamp":"1696781660"},{"valueType":"INT64","timestamp":"1696781600"},{"valueType":"INT64","timestamp":"1696781540"},{"valueType":"INT64","timestamp":"1696781480"},{"valueType":"INT64","timestamp":"1696781420"},{"valueType":"INT64","timestamp":"1696781360"},{"valueType":"INT64","timestamp":"1696781300"},{"valueType":"INT64","timestamp":"1696781240"},{"valueType":"INT64","timestamp":"1696781180"},{"valueType":"INT64","timestamp":"1696781120"},{"valueType":"INT64","timestamp":"1696781060"},{"valueType":"INT64","timestamp":"1696781000"},{"valueType":"INT64","timestamp":"1696780940"},{"valueType":"INT64","timestamp":"1696780880"},{"valueType":"INT64","timestamp":"1696780820"},{"valueType":"INT64","timestamp":"1696780760"},{"valueType":"INT64","timestamp":"1696780700"},{"valueType":"INT64","timestamp":"1696780640"},{"valueType":"INT64","timestamp":"1696780580"},{"valueType":"INT64","timestamp":"1696780520"},{"valueType":"INT64","timestamp":"1696780460"},{"valueType":"INT64","timestamp":"1696780400"},{"valueType":"INT64","timestamp":"1696780340"},{"valueType":"INT64","timestamp":"1696780280"},{"valueType":"INT64","timestamp":"1696780220"},{"valueType":"INT64","timestamp":"1696780160"},{"valueType":"INT64","timestamp":"1696780100"},{"valueType":"INT64","timestamp":"1696780040"},{"valueType":"INT64","timestamp":"1696779980"},{"valueType":"INT64","timestamp":"1696779920"},{"valueType":"INT64","timestamp":"1696779860"},{"valueType":"INT64","timestamp":"1696779800"},{"valueType":"INT64","timestamp":"1696779740"},{"valueType":"INT64","timestamp":"1696779680"},{"valueType":"INT64","timestamp":"1696779620"},{"valueType":"INT64","timestamp":"1696779560"},{"valueType":"INT64","timestamp":"1696779500"},{"valueType":"INT64","timestamp":"1696779440"},{"valueType":"INT64","timestamp":"1696779380"},{"valueType":"INT64","timestamp":"1696779320"},{"valueType":"INT64","timestamp":"1696779260"},{"valueType":"INT64","timestamp":"1696779200"},{"valueType":"INT64","timestamp":"1696779140"},{"valueType":"INT64","timestamp":"1696779080"},{"valueType":"INT64","timestamp":"1696779020"},{"valueType":"INT64","timestamp":"1696778960"},{"valueType":"INT64","timestamp":"1696778900"},{"valueType":"INT64","timestamp":"1696778840"},{"valueType":"INT64","timestamp":"1696778780"},{"valueType":"INT64","timestamp":"1696778720"},{"valueType":"INT64","timestamp":"1696778660"},{"valueType":"INT64","timestamp":"1696778600"},{"valueType":"INT64","timestamp":"1696778540"},{"valueType":"INT64","timestamp":"1696778480"},{"valueType":"INT64","timestamp":"1696778420"},{"valueType":"INT64","timestamp":"1696778360"},{"valueType":"INT64","timestamp":"1696778300"},{"valueType":"INT64","timestamp":"1696778240"},{"valueType":"INT64","timestamp":"1696778180"},{"valueType":"INT64","timestamp":"1696778120"},{"valueType":"INT64","timestamp":"1696778060"},{"valueType":"INT64","timestamp":"1696778000"},{"valueType":"INT64","timestamp":"1696777940"},{"valueType":"INT64","timestamp":"1696777880"},{"valueType":"INT64","timestamp":"1696777820"},{"valueType":"INT64","timestamp":"1696777760"},{"valueType":"INT64","timestamp":"1696777700"},{"valueType":"INT64","timestamp":"1696777640"},{"valueType":"INT64","timestamp":"1696777580"},{"valueType":"INT64","timestamp":"1696777520"},{"valueType":"INT64","timestamp":"1696777460"},{"valueType":"INT64","timestamp":"1696777400"},{"valueType":"INT64","timestamp":"1696777340"},{"valueType":"INT64","timestamp":"1696777280"},{"valueType":"INT64","timestamp":"1696777220"},{"valueType":"INT64","timestamp":"1696777160"},{"valueType":"INT64","timestamp":"1696777100"},{"valueType":"INT64","timestamp":"1696777040"},{"valueType":"INT64","timestamp":"1696776980"},{"valueType":"INT64","timestamp":"1696776920"},{"valueType":"INT64","timestamp":"1696776860"},{"valueType":"INT64","timestamp":"1696776800"},{"valueType":"INT64","timestamp":"1696776740"},{"valueType":"INT64","timestamp":"1696776680"},{"valueType":"INT64","timestamp":"1696776620"},{"valueType":"INT64","timestamp":"1696776560"},{"valueType":"INT64","timestamp":"1696776500"},{"valueType":"INT64","timestamp":"1696776440"},{"valueType":"INT64","timestamp":"1696776380"},{"valueType":"INT64","timestamp":"1696776320"},{"valueType":"INT64","timestamp":"1696776260"},{"valueType":"INT64","timestamp":"1696776200"},{"valueType":"INT64","timestamp":"1696776140"},{"valueType":"INT64","timestamp":"1696776080"},{"valueType":"INT64","timestamp":"1696776020"},{"valueType":"INT64","timestamp":"1696775960"},{"valueType":"INT64","timestamp":"1696775900"},{"valueType":"INT64","timestamp":"1696775840"},{"valueType":"INT64","timestamp":"1696775780"},{"valueType":"INT64","timestamp":"1696775720"},{"valueType":"INT64","timestamp":"1696775660"},{"valueType":"INT64","timestamp":"1696775600"},{"valueType":"INT64","timestamp":"1696775540"},{"valueType":"INT64","timestamp":"1696775480"},{"valueType":"INT64","timestamp":"1696775420"},{"valueType":"INT64","timestamp":"1696775360"},{"valueType":"INT64","timestamp":"1696775300"},{"valueType":"INT64","timestamp":"1696775240"},{"valueType":"INT64","timestamp":"1696775180"},{"valueType":"INT64","timestamp":"1696775120"},{"valueType":"INT64","timestamp":"1696775060"},{"valueType":"INT64","timestamp":"1696775000"},{"valueType":"INT64","timestamp":"1696774940"},{"valueType":"INT64","timestamp":"1696774880"},{"valueType":"INT64","timestamp":"1696774820"},{"valueType":"INT64","timestamp":"1696774760"},{"valueType":"INT64","timestamp":"1696774700"},{"valueType":"INT64","timestamp":"1696774640"},{"valueType":"INT64","timestamp":"1696774580"},{"valueType":"INT64","timestamp":"1696774520"},{"valueType":"INT64","timestamp":"1696774460"},{"valueType":"INT64","timestamp":"1696774400"},{"valueType":"INT64","timestamp":"1696774340"},{"valueType":"INT64","timestamp":"1696774280"},{"valueType":"INT64","timestamp":"1696774220"},{"valueType":"INT64","timestamp":"1696774160"},{"valueType":"INT64","timestamp":"1696774100"},{"valueType":"INT64","timestamp":"1696774040"},{"valueType":"INT64","timestamp":"1696773980"},{"valueType":"INT64","timestamp":"1696773920"},{"valueType":"INT64","timestamp":"1696773860"},{"valueType":"INT64","timestamp":"1696773800"},{"valueType":"INT64","timestamp":"1696773740"},{"valueType":"INT64","timestamp":"1696773680"},{"valueType":"INT64","timestamp":"1696773620"},{"valueType":"INT64","timestamp":"1696773560"},{"valueType":"INT64","timestamp":"1696773500"},{"valueType":"INT64","timestamp":"1696773440"},{"valueType":"INT64","timestamp":"1696773380"},{"valueType":"INT64","timestamp":"1696773320"},{"valueType":"INT64","timestamp":"1696773260"},{"valueType":"INT64","timestamp":"1696773200"},{"valueType":"INT64","timestamp":"1696773140"},{"valueType":"INT64","timestamp":"1696773080"},{"valueType":"INT64","timestamp":"1696773020"},{"valueType":"INT64","timestamp":"1696772960"},{"valueType":"INT64","timestamp":"1696772900"},{"valueType":"INT64","timestamp":"1696772840"},{"valueType":"INT64","timestamp":"1696772780"},{"valueType":"INT64","timestamp":"1696772720"},{"valueType":"INT64","timestamp":"1696772660"},{"valueType":"INT64","timestamp":"1696772600"},{"valueType":"INT64","timestamp":"1696772540"},{"valueType":"INT64","timestamp":"1696772480"},{"valueType":"INT64","timestamp":"1696772420"},{"valueType":"INT64","timestamp":"1696772360"},{"valueType":"INT64","timestamp":"1696772300"},{"valueType":"INT64","timestamp":"1696772240"},{"valueType":"INT64","timestamp":"1696772180"},{"valueType":"INT64","timestamp":"1696772120"},{"valueType":"INT64","timestamp":"1696772060"},{"valueType":"INT64","timestamp":"1696772000"},{"valueType":"INT64","timestamp":"1696771940"},{"valueType":"INT64","timestamp":"1696771880"},{"valueType":"INT64","timestamp":"1696771820"},{"valueType":"INT64","timestamp":"1696771760"},{"valueType":"INT64","timestamp":"1696771700"},{"valueType":"INT64","timestamp":"1696771640"},{"valueType":"INT64","timestamp":"1696771580"},{"valueType":"INT64","timestamp":"1696771520"},{"valueType":"INT64","timestamp":"1696771460"},{"valueType":"INT64","timestamp":"1696771400"},{"valueType":"INT64","timestamp":"1696771340"},{"valueType":"INT64","timestamp":"1696771280"},{"valueType":"INT64","timestamp":"1696771220"},{"valueType":"INT64","timestamp":"1696771160"},{"valueType":"INT64","timestamp":"1696771100"},{"valueType":"INT64","timestamp":"1696771040"},{"valueType":"INT64","timestamp":"1696770980"},{"valueType":"INT64","timestamp":"1696770920"},{"valueType":"INT64","timestamp":"1696770860"},{"valueType":"INT64","timestamp":"1696770800"},{"valueType":"INT64","timestamp":"1696770740"},{"valueType":"INT64","timestamp":"1696770680"},{"valueType":"INT64","timestamp":"1696770620"},{"valueType":"INT64","timestamp":"1696770560"},{"valueType":"INT64","timestamp":"1696770500"},{"valueType":"INT64","timestamp":"1696770440"},{"valueType":"INT64","timestamp":"1696770380"},{"valueType":"INT64","timestamp":"1696770320"},{"valueType":"INT64","timestamp":"1696770260"},{"valueType":"INT64","timestamp":"1696770200"},{"valueType":"INT64","timestamp":"1696770140"},{"valueType":"INT64","timestamp":"1696770080"},{"valueType":"INT64","timestamp":"1696770020"},{"valueType":"INT64","timestamp":"1696769960"},{"valueType":"INT64","timestamp":"1696769900"},{"valueType":"INT64","timestamp":"1696769840"},{"valueType":"INT64","timestamp":"1696769780"},{"valueType":"INT64","timestamp":"1696769720"},{"valueType":"INT64","timestamp":"1696769660"},{"valueType":"INT64","timestamp":"1696769600"},{"valueType":"INT64","timestamp":"1696769540"},{"valueType":"INT64","timestamp":"1696769480"},{"valueType":"INT64","timestamp":"1696769420"},{"valueType":"INT64","timestamp":"1696769360"},{"valueType":"INT64","timestamp":"1696769300"},{"valueType":"INT64","timestamp":"1696769240"},{"valueType":"INT64","timestamp":"1696769180"},{"valueType":"INT64","timestamp":"1696769120"},{"valueType":"INT64","timestamp":"1696769060"},{"valueType":"INT64","timestamp":"1696769000"},{"valueType":"INT64","timestamp":"1696768940"},{"valueType":"INT64","timestamp":"1696768880"},{"valueType":"INT64","timestamp":"1696768820"},{"valueType":"INT64","timestamp":"1696768760"},{"valueType":"INT64","timestamp":"1696768700"},{"valueType":"INT64","timestamp":"1696768640"},{"valueType":"INT64","timestamp":"1696768580"},{"valueType":"INT64","timestamp":"1696768520"},{"valueType":"INT64","timestamp":"1696785200"},{"valueType":"INT64","timestamp":"1696785140"},{"valueType":"INT64","timestamp":"1696785080"},{"valueType":"INT64","timestamp":"1696785020"},{"valueType":"INT64","timestamp":"1696784960"},{"valueType":"INT64","timestamp":"1696784900"},{"valueType":"INT64","timestamp":"1696784840"},{"valueType":"INT64","timestamp":"1696784780"},{"valueType":"INT64","timestamp":"1696784720"},{"valueType":"INT64","timestamp":"1696784660"},{"valueType":"INT64","timestamp":"1696784600"},{"valueType":"INT64","timestamp":"1696784540"},{"valueType":"INT64","timestamp":"1696784480"},{"valueType":"INT64","timestamp":"1696784420"},{"valueType":"INT64","timestamp":"1696784360"},{"valueType":"INT64","timestamp":"1696784300"},{"valueType":"INT64","timestamp":"1696784240"},{"valueType":"INT64","timestamp":"1696784180"},{"valueType":"INT64","timestamp":"1696784120"},{"valueType":"INT64","timestamp":"1696784060"},{"valueType":"INT64","timestamp":"1696784000"},{"valueType":"INT64","timestamp":"1696783940"},{"valueType":"INT64","timestamp":"1696783880"},{"valueType":"INT64","timestamp":"1696783820"},{"valueType":"INT64","timestamp":"1696783760"},{"valueType":"INT64","timestamp":"1696783700"},{"valueType":"INT64","timestamp":"1696783640"},{"valueType":"INT64","timestamp":"1696783580"},{"valueType":"INT64","timestamp":"1696783520"},{"valueType":"INT64","timestamp":"1696783460"},{"valueType":"INT64","timestamp":"1696783400"},{"valueType":"INT64","timestamp":"1696783340"},{"valueType":"INT64","timestamp":"1696783280"},{"valueType":"INT64","timestamp":"1696783220"},{"valueType":"INT64","timestamp":"1696783160"},{"valueType":"INT64","timestamp":"1696783100"},{"valueType":"INT64","timestamp":"1696783040"},{"valueType":"INT64","timestamp":"1696782980"},{"valueType":"INT64","timestamp":"1696782920"},{"valueType":"INT64","timestamp":"1696782860"},{"valueType":"INT64","timestamp":"1696782800"},{"valueType":"INT64","timestamp":"1696782740"},{"valueType":"INT64","timestamp":"1696782680"},{"valueType":"INT64","timestamp":"1696782620"},{"valueType":"INT64","timestamp":"1696782560"},{"valueType":"INT64","timestamp":"1696782500"},{"valueType":"INT64","timestamp":"1696782440"},{"valueType":"INT64","timestamp":"1696782380"},{"valueType":"INT64","timestamp":"1696782320"},{"valueType":"INT64","timestamp":"1696782260"},{"valueType":"INT64","timestamp":"1696782200"},{"valueType":"INT64","timestamp":"1696782140"},{"valueType":"INT64","timestamp":"1696782080"},{"valueType":"INT64","timestamp":"1696782020"},{"valueType":"INT64","timestamp":"1696781960"},{"valueType":"INT64","timestamp":"1696781900"},{"valueType":"INT64","timestamp":"1696781840"},{"valueType":"INT64","timestamp":"1696781780"},{"valueType":"INT64","timestamp":"1696781720"},{"valueType":"INT64","timestamp":"1696781660"},{"valueType":"INT64","timestamp":"1696781600"},{"valueType":"INT64","timestamp":"1696781540"},{"valueType":"INT64","timestamp":"1696781480"},{"valueType":"INT64","timestamp":"1696781420"},{"valueType":"INT64","timestamp":"1696781360"},{"valueType":"INT64","timestamp":"1696781300"},{"valueType":"INT64","timestamp":"1696781240"},{"valueType":"INT64","timestamp":"1696781180"},{"valueType":"INT64","timestamp":"1696781120"},{"valueType":"INT64","timestamp":"1696781060"},{"valueType":"INT64","timestamp":"1696781000"},{"valueType":"INT64","timestamp":"1696780940"},{"valueType":"INT64","timestamp":"1696780880"},{"valueType":"INT64","timestamp":"1696780820"},{"valueType":"INT64","timestamp":"1696780760"},{"valueType":"INT64","timestamp":"1696780700"},{"valueType":"INT64","timestamp":"1696780640"},{"valueType":"INT64","timestamp":"1696780580"},{"valueType":"INT64","timestamp":"1696780520"},{"valueType":"INT64","timestamp":"1696780460"},{"valueType":"INT64","timestamp":"1696780400"},{"valueType":"INT64","timestamp":"1696780340"},{"valueType":"INT64","timestamp":"1696780280"},{"valueType":"INT64","timestamp":"1696780220"},{"valueType":"INT64","timestamp":"1696780160"},{"valueType":"INT64","timestamp":"1696780100"},{"valueType":"INT64","timestamp":"1696780040"},{"valueType":"INT64","timestamp":"1696779980"},{"valueType":"INT64","timestamp":"1696779920"},{"valueType":"INT64","timestamp":"1696779860"},{"valueType":"INT64","timestamp":"1696779800"},{"valueType":"INT64","timestamp":"1696779740"},{"valueType":"INT64","timestamp":"1696779680"},{"valueType":"INT64","timestamp":"1696779620"},{"valueType":"INT64","timestamp":"1696779560"},{"valueType":"INT64","timestamp":"1696779500"},{"valueType":"INT64","timestamp":"1696779440"},{"valueType":"INT64","timestamp":"1696779380"},{"valueType":"INT64","timestamp":"1696779320"},{"valueType":"INT64","timestamp":"1696779260"},{"valueType":"INT64","timestamp":"1696779200"},{"valueType":"INT64","timestamp":"1696779140"},{"valueType":"INT64","timestamp":"1696779080"},{"valueType":"INT64","timestamp":"1696779020"},{"valueType":"INT64","timestamp":"1696778960"},{"valueType":"INT64","timestamp":"1696778900"},{"valueType":"INT64","timestamp":"1696778840"},{"valueType":"INT64","timestamp":"1696778780"},{"valueType":"INT64","timestamp":"1696778720"},{"valueType":"INT64","timestamp":"1696778660"},{"valueType":"INT64","timestamp":"1696778600"},{"valueType":"INT64","timestamp":"1696778540"},{"valueType":"INT64","timestamp":"1696778480"},{"valueType":"INT64","timestamp":"1696778420"},{"valueType":"INT64","timestamp":"1696778360"},{"valueType":"INT64","timestamp":"1696778300"},{"valueType":"INT64","timestamp":"1696778240"},{"valueType":"INT64","timestamp":"1696778180"},{"valueType":"INT64","timestamp":"1696778120"},{"valueType":"INT64","timestamp":"1696778060"},{"valueType":"INT64","timestamp":"1696778000"},{"valueType":"INT64","timestamp":"1696777940"},{"valueType":"INT64","timestamp":"1696777880"},{"valueType":"INT64","timestamp":"1696777820"},{"valueType":"INT64","timestamp":"1696777760"},{"valueType":"INT64","timestamp":"1696777700"},{"valueType":"INT64","timestamp":"1696777640"},{"valueType":"INT64","timestamp":"1696777580"},{"valueType":"INT64","timestamp":"1696777520"},{"valueType":"INT64","timestamp":"1696777460"},{"valueType":"INT64","timestamp":"1696777400"},{"valueType":"INT64","timestamp":"1696777340"},{"valueType":"INT64","timestamp":"1696777280"},{"valueType":"INT64","timestamp":"1696777220"},{"valueType":"INT64","timestamp":"1696777160"},{"valueType":"INT64","timestamp":"1696777100"},{"valueType":"INT64","timestamp":"1696777040"},{"valueType":"INT64","timestamp":"1696776980"},{"valueType":"INT64","timestamp":"1696776920"},{"valueType":"INT64","timestamp":"1696776860"},{"valueType":"INT64","timestamp":"1696776800"},{"valueType":"INT64","timestamp":"1696776740"},{"valueType":"INT64","timestamp":"1696776680"},{"valueType":"INT64","timestamp":"1696776620"},{"valueType":"INT64","timestamp":"1696776560"},{"valueType":"INT64","timestamp":"1696776500"},{"valueType":"INT64","timestamp":"1696776440"},{"valueType":"INT64","timestamp":"1696776380"},{"valueType":"INT64","timestamp":"1696776320"},{"valueType":"INT64","timestamp":"1696776260"},{"valueType":"INT64","timestamp":"1696776200"},{"valueType":"INT64","timestamp":"1696776140"},{"valueType":"INT64","timestamp":"1696776080"},{"valueType":"INT64","timestamp":"1696776020"},{"valueType":"INT64","timestamp":"1696775960"},{"valueType":"INT64","timestamp":"1696775900"},{"valueType":"INT64","timestamp":"1696775840"},{"valueType":"INT64","timestamp":"1696775780"},{"valueType":"INT64","timestamp":"1696775720"},{"valueType":"INT64","timestamp":"1696775660"},{"valueType":"INT64","timestamp":"1696775600"},{"valueType":"INT64","timestamp":"1696775540"},{"valueType":"INT64","timestamp":"1696775480"},{"valueType":"INT64","timestamp":"1696775420"},{"valueType":"INT64","timestamp":"1696775360"},{"valueType":"INT64","timestamp":"1696775300"},{"valueType":"INT64","timestamp":"1696775240"},{"valueType":"INT64","timestamp":"1696775180"},{"valueType":"INT64","timestamp":"1696775120"},{"valueType":"INT64","timestamp":"1696775060"},{"valueType":"INT64","timestamp":"1696775000"},{"valueType":"INT64","timestamp":"1696774940"},{"valueType":"INT64","timestamp":"1696774880"},{"valueType":"INT64","timestamp":"1696774820"},{"valueType":"INT64","timestamp":"1696774760"},{"valueType":"INT64","timestamp":"1696774700"},{"valueType":"INT64","timestamp":"1696774640"},{"valueType":"INT64","timestamp":"1696774580"},{"valueType":"INT64","timestamp":"1696774520"},{"valueType":"INT64","timestamp":"1696774460"},{"valueType":"INT64","timestamp":"1696774400"},{"valueType":"INT64","timestamp":"1696774340"},{"valueType":"INT64","timestamp":"1696774280"},{"valueType":"INT64","timestamp":"1696774220"},{"valueType":"INT64","timestamp":"1696774160"},{"valueType":"INT64","timestamp":"1696774100"},{"valueType":"INT64","timestamp":"1696774040"},{"valueType":"INT64","timestamp":"1696773980"},{"valueType":"INT64","timestamp":"1696773920"},{"valueType":"INT64","timestamp":"1696773860"},{"valueType":"INT64","timestamp":"1696773800"},{"valueType":"INT64","timestamp":"1696773740"},{"valueType":"INT64","timestamp":"1696773680"},{"valueType":"INT64","timestamp":"1696773620"},{"valueType":"INT64","timestamp":"1696773560"},{"valueType":"INT64","timestamp":"1696773500"},{"valueType":"INT64","timestamp":"1696773440"},{"valueType":"INT64","timestamp":"1696773380"},{"valueType":"INT64","timestamp":"1696773320"},{"valueType":"INT64","timestamp":"1696773260"},{"valueType":"INT64","timestamp":"1696773200"},{"valueType":"INT64","timestamp":"1696773140"},{"valueType":"INT64","timestamp":"1696773080"},{"valueType":"INT64","timestamp":"1696773020"},{"valueType":"INT64","timestamp":"1696772960"},{"valueType":"INT64","timestamp":"1696772900"},{"valueType":"INT64","timestamp":"1696772840"},{"valueType":"INT64","timestamp":"1696772780"},{"valueType":"INT64","timestamp":"1696772720"},{"valueType":"INT64","timestamp":"1696772660"},{"valueType":"INT64","timestamp":"1696772600"},{"valueType":"INT64","timestamp":"1696772540"},{"valueType":"INT64","timestamp":"1696772480"},{"valueType":"INT64","timestamp":"1696772420"},{"valueType":"INT64","timestamp":"1696772360"},{"valueType":"INT64","timestamp":"1696772300"},{"valueType":"INT64","timestamp":"1696772240"},{"valueType":"INT64","timestamp":"1696772180"},{"valueType":"INT64","timestamp":"1696772120"},{"valueType":"INT64","timestamp":"1696772060"},{"valueType":"INT64","timestamp":"1696772000"},{"valueType":"INT64","timestamp":"1696771940"},{"valueType":"INT64","timestamp":"1696771880"},{"valueType":"INT64","timestamp":"1696771820"},{"valueType":"INT64","timestamp":"1696771760"},{"valueType":"INT64","timestamp":"1696771700"},{"valueType":"INT64","timestamp":"1696771640"},{"valueType":"INT64","timestamp":"1696771580"},{"valueType":"INT64","timestamp":"1696771520"},{"valueType":"INT64","timestamp":"1696771460"},{"valueType":"INT64","timestamp":"1696771400"},{"valueType":"INT64","timestamp":"1696771340"},{"valueType":"INT64","timestamp":"1696771280"},{"valueType":"INT64","timestamp":"1696771220"},{"valueType":"INT64","timestamp":"1696771160"},{"valueType":"INT64","timestamp":"1696771100"},{"valueType":"INT64","timestamp":"1696771040"},{"valueType":"INT64","timestamp":"1696770980"},{"valueType":"INT64","timestamp":"1696770920"},{"valueType":"INT64","timestamp":"1696770860"},{"valueType":"INT64","timestamp":"1696770800"},{"valueType":"INT64","timestamp":"1696770740"},{"valueType":"INT64","timestamp":"1696770680"},{"valueType":"INT64","timestamp":"1696770620"},{"valueType":"INT64","timestamp":"1696770560"},{"valueType":"INT64","timestamp":"1696770500"},{"valueType":"INT64","timestamp":"1696770440"},{"valueType":"INT64","timestamp":"1696770380"},{"valueType":"INT64","timestamp":"1696770320"},{"valueType":"INT64","timestamp":"1696770260"},{"valueType":"INT64","timestamp":"1696770200"},{"valueType":"INT64","timestamp":"1696770140"},{"valueType":"INT64","timestamp":"1696770080"},{"valueType":"INT64","timestamp":"1696770020"},{"valueType":"INT64","timestamp":"1696769960"},{"valueType":"INT64","timestamp":"1696769900"},{"valueType":"INT64","timestamp":"1696769840"},{"valueType":"INT64","timestamp":"1696769780"},{"valueType":"INT64","timestamp":"1696769720"},{"valueType":"INT64","timestamp":"1696769660"},{"valueType":"INT64","timestamp":"1696769600"},{"valueType":"INT64","timestamp":"1696769540"},{"valueType":"INT64","timestamp":"1696769480"},{"valueType":"INT64","timestamp":"1696769420"},{"valueType":"INT64","timestamp":"1696769360"},{"valueType":"INT64","timestamp":"1696769300"},{"valueType":"INT64","timestamp":"1696769240"},{"valueType":"INT64","timestamp":"1696769180"},{"valueType":"INT64","timestamp":"1696769120"},{"valueType":"INT64","timestamp":"1696769060"},{"valueType":"INT64","timestamp":"1696769000"},{"valueType":"INT64","timestamp":"1696768940"},{"valueType":"INT64","timestamp":"1696768880"},{"valueType":"INT64","timestamp":"1696768820"},{"valueType":"INT64","timestamp":"1696768760"},{"valueType":"INT64","timestamp":"1696768700"},{"valueType":"INT64","timestamp":"1696768640"},{"valueType":"INT64","timestamp":"1696768580"},{"valueType":"INT64","timestamp":"1696768520"}]}