{"podName":"ledger-db-0","containerName":"postgres","nodeName":null,"metricType":"kubernetes.io/container/cpu/core_usage_time","metrics":[{"valueType":"DOUBLE","timestamp":"1696785202","value":13866.68667},{"valueType":"DOUBLE","timestamp":"1696785142","value":13866.345324},{"valueType":"DOUBLE","timestamp":"1696785082","value":13865.931755},{"valueType":"DOUBLE","timestamp":"1696785022","value":13865.612816},{"valueType":"DOUBLE","timestamp":"1696784962","value":13865.23685},{"valueType":"DOUBLE","timestamp":"1696784902","value":13864.88343},{"valueType":"DOUBLE","timestamp":"1696784842","value":13864.568265},{"valueType":"DOUBLE","timestamp":"1696784782","value":13864.186722},{"valueType":"DOUBLE","timestamp":"1696784722","value":13863.858197},{"valueType":"DOUBLE","timestamp":"1696784662","value":13863.511114},{"valueType":"DOUBLE","timestamp":"1696784602","value":13863.099738},{"valueType":"DOUBLE","timestamp":"1696784542","value":13862.858845},{"valueType":"DOUBLE","timestamp":"1696784482","value":13862.419808},{"valueType":"DOUBLE","timestamp":"1696784422","value":13862.093933},{"valueType":"DOUBLE","timestamp":"1696784362","value":13861.771272},{"valueType":"DOUBLE","timestamp":"1696784302","value":13861.429114},{"valueType":"DOUBLE","timestamp":"1696784242","value":13861.081377},{"valueType":"DOUBLE","timestamp":"1696784182","value":13860.792409},{"valueType":"DOUBLE","timestamp":"1696784122","value":13860.365104},{"valueType":"DOUBLE","timestamp":"1696784062","value":13860.006415},{"valueType":"DOUBLE","timestamp":"1696784002","value":13859.714485},{"valueType":"DOUBLE","timestamp":"1696783942","value":13859.364885},{"valueType":"DOUBLE","timestamp":"1696783882","value":13858.997254},{"valueType":"DOUBLE","timestamp":"1696783822","value":13858.704834},{"valueType":"DOUBLE","timestamp":"1696783762","value":13858.310958},{"valueType":"DOUBLE","timestamp":"1696783702","value":13857.976265},{"valueType":"DOUBLE","timestamp":"1696783642","value":13857.558105},{"valueType":"DOUBLE","timestamp":"1696783582","value":13857.254571},{"valueType":"DOUBLE","timestamp":"1696783522","value":13856.926388},{"valueType":"DOUBLE","timestamp":"1696783462","value":13856.614321},{"valueType":"DOUBLE","timestamp":"1696783402","value":13856.289983},{"valueType":"DOUBLE","timestamp":"1696783342","value":13855.936507},{"valueType":"DOUBLE","timestamp":"1696783282","value":13855.579051},{"valueType":"DOUBLE","timestamp":"1696783222","value":13855.229174},{"valueType":"DOUBLE","timestamp":"1696783162","value":13854.84342},{"valueType":"DOUBLE","timestamp":"1696783102","value":13854.510158},{"valueType":"DOUBLE","timestamp":"1696783042","value":13854.169032},{"valueType":"DOUBLE","timestamp":"1696782982","value":13853.822509},{"valueType":"DOUBLE","timestamp":"1696782922","value":13853.51755},{"valueType":"DOUBLE","timestamp":"1696782862","value":13853.188694},{"valueType":"DOUBLE","timestamp":"1696782802","value":13852.785722},{"valueType":"DOUBLE","timestamp":"1696782742","value":13852.436679},{"valueType":"DOUBLE","timestamp":"1696782682","value":13852.071879},{"valueType":"DOUBLE","timestamp":"1696782622","value":13851.708036},{"valueType":"DOUBLE","timestamp":"1696782562","value":13851.404922},{"valueType":"DOUBLE","timestamp":"1696782502","value":13851.077815},{"valueType":"DOUBLE","timestamp":"1696782442","value":13850.755874},{"valueType":"DOUBLE","timestamp":"1696782382","value":13850.391256},{"valueType":"DOUBLE","timestamp":"1696782322","value":13849.988929},{"valueType":"DOUBLE","timestamp":"1696782262","value":13849.615492},{"valueType":"DOUBLE","timestamp":"1696782202","value":13849.25825},{"valueType":"DOUBLE","timestamp":"1696782142","value":13848.979541},{"valueType":"DOUBLE","timestamp":"1696782082","value":13848.565098},{"valueType":"DOUBLE","timestamp":"1696782022","value":13848.278725},{"valueType":"DOUBLE","timestamp":"1696781962","value":13847.922447},{"valueType":"DOUBLE","timestamp":"1696781902","value":13847.611743},{"valueType":"DOUBLE","timestamp":"1696781842","value":13847.210832},{"valueType":"DOUBLE","timestamp":"1696781782","value":13846.904604},{"valueType":"DOUBLE","timestamp":"1696781722","value":13846.489411},{"valueType":"DOUBLE","timestamp":"1696781662","value":13846.161258},{"valueType":"DOUBLE","timestamp":"1696781602","value":13845.866691},{"valueType":"DOUBLE","timestamp":"1696781542","value":13845.487178},{"valueType":"DOUBLE","timestamp":"1696781482","value":13845.179512},{"valueType":"DOUBLE","timestamp":"1696781422","value":13844.854834},{"valueType":"DOUBLE","timestamp":"1696781362","value":13844.406081},{"valueType":"DOUBLE","timestamp":"1696781302","value":13844.122762},{"valueType":"DOUBLE","timestamp":"1696781242","value":13843.750873},{"valueType":"DOUBLE","timestamp":"1696781182","value":13843.405117},{"valueType":"DOUBLE","timestamp":"1696781122","value":13843.030338},{"valueType":"DOUBLE","timestamp":"1696781062","value":13842.714583},{"valueType":"DOUBLE","timestamp":"1696781002","value":13842.352648},{"valueType":"DOUBLE","timestamp":"1696780942","value":13842.032648},{"valueType":"DOUBLE","timestamp":"1696780882","value":13841.672408},{"valueType":"DOUBLE","timestamp":"1696780822","value":13841.293552},{"valueType":"DOUBLE","timestamp":"1696780762","value":13840.992955},{"valueType":"DOUBLE","timestamp":"1696780702","value":13840.582616},{"valueType":"DOUBLE","timestamp":"1696780642","value":13840.317115},{"valueType":"DOUBLE","timestamp":"1696780582","value":13839.926202},{"valueType":"DOUBLE","timestamp":"1696780522","value":13839.556732},{"valueType":"DOUBLE","timestamp":"1696780462","value":13839.191354},{"valueType":"DOUBLE","timestamp":"1696780402","value":13838.834315},{"valueType":"DOUBLE","timestamp":"1696780342","value":13838.514315},{"valueType":"DOUBLE","timestamp":"1696780282","value":13838.125108},{"valueType":"DOUBLE","timestamp":"1696780222","value":13837.775265},{"valueType":"DOUBLE","timestamp":"1696780162","value":13837.433683},{"valueType":"DOUBLE","timestamp":"1696780102","value":13837.056324},{"valueType":"DOUBLE","timestamp":"1696780042","value":13836.727801},{"valueType":"DOUBLE","timestamp":"1696779982","value":13836.298301},{"valueType":"DOUBLE","timestamp":"1696779922","value":13835.958058},{"valueType":"DOUBLE","timestamp":"1696779862","value":13835.531712},{"valueType":"DOUBLE","timestamp":"1696779802","value":13835.167419},{"valueType":"DOUBLE","timestamp":"1696779742","value":13834.604127},{"valueType":"DOUBLE","timestamp":"1696779682","value":13834.19114},{"valueType":"DOUBLE","timestamp":"1696779622","value":13833.65161},{"valueType":"DOUBLE","timestamp":"1696779562","value":13833.287909},{"valueType":"DOUBLE","timestamp":"1696779502","value":13832.794009},{"valueType":"DOUBLE","timestamp":"1696779442","value":13832.303179},{"valueType":"DOUBLE","timestamp":"1696779382","value":13831.944446},{"valueType":"DOUBLE","timestamp":"1696779322","value":13831.498705},{"valueType":"DOUBLE","timestamp":"1696779262","value":13831.094459},{"valueType":"DOUBLE","timestamp":"1696779202","value":13830.517193},{"valueType":"DOUBLE","timestamp":"1696779142","value":13830.068573},{"valueType":"DOUBLE","timestamp":"1696779082","value":13829.556971},{"valueType":"DOUBLE","timestamp":"1696779022","value":13829.162724},{"valueType":"DOUBLE","timestamp":"1696778962","value":13828.714517},{"valueType":"DOUBLE","timestamp":"1696778902","value":13828.199349},{"valueType":"DOUBLE","timestamp":"1696778842","value":13827.847713},{"valueType":"DOUBLE","timestamp":"1696778782","value":13827.287932},{"valueType":"DOUBLE","timestamp":"1696778722","value":13826.894041},{"valueType":"DOUBLE","timestamp":"1696778662","value":13826.42397},{"valueType":"DOUBLE","timestamp":"1696778602","value":13825.903126},{"valueType":"DOUBLE","timestamp":"1696778542","value":13825.440522},{"valueType":"DOUBLE","timestamp":"1696778482","value":13824.916887},{"valueType":"DOUBLE","timestamp":"1696778422","value":13824.534029},{"valueType":"DOUBLE","timestamp":"1696778362","value":13824.063871},{"valueType":"DOUBLE","timestamp":"1696778302","value":13823.569855},{"valueType":"DOUBLE","timestamp":"1696778242","value":13823.226446},{"valueType":"DOUBLE","timestamp":"1696778182","value":13822.736626},{"valueType":"DOUBLE","timestamp":"1696778122","value":13822.182021},{"valueType":"DOUBLE","timestamp":"1696778062","value":13821.752712},{"valueType":"DOUBLE","timestamp":"1696778002","value":13821.287012},{"valueType":"DOUBLE","timestamp":"1696777942","value":13820.811338},{"valueType":"DOUBLE","timestamp":"1696777882","value":13820.4066},{"valueType":"DOUBLE","timestamp":"1696777822","value":13820.026377},{"valueType":"DOUBLE","timestamp":"1696777762","value":13819.559573},{"valueType":"DOUBLE","timestamp":"1696777702","value":13819.095305},{"valueType":"DOUBLE","timestamp":"1696777642","value":13818.632475},{"valueType":"DOUBLE","timestamp":"1696777582","value":13818.142379},{"valueType":"DOUBLE","timestamp":"1696777522","value":13817.773655},{"valueType":"DOUBLE","timestamp":"1696777462","value":13817.278433},{"valueType":"DOUBLE","timestamp":"1696777402","value":13816.841473},{"valueType":"DOUBLE","timestamp":"1696777342","value":13816.391608},{"valueType":"DOUBLE","timestamp":"1696777282","value":13815.833423},{"valueType":"DOUBLE","timestamp":"1696777222","value":13815.375863},{"valueType":"DOUBLE","timestamp":"1696777162","value":13814.983707},{"valueType":"DOUBLE","timestamp":"1696777102","value":13814.622039},{"valueType":"DOUBLE","timestamp":"1696777042","value":13814.168479},{"valueType":"DOUBLE","timestamp":"1696776982","value":13813.598426},{"valueType":"DOUBLE","timestamp":"1696776922","value":13813.149425},{"valueType":"DOUBLE","timestamp":"1696776862","value":13812.702113},{"valueType":"DOUBLE","timestamp":"1696776802","value":13812.222049},{"valueType":"DOUBLE","timestamp":"1696776742","value":13811.694005},{"valueType":"DOUBLE","timestamp":"1696776682","value":13811.320508},{"valueType":"DOUBLE","timestamp":"1696776622","value":13810.763036},{"valueType":"DOUBLE","timestamp":"1696776562","value":13810.334787},{"valueType":"DOUBLE","timestamp":"1696776502","value":13809.913374},{"valueType":"DOUBLE","timestamp":"1696776442","value":13809.43518},{"valueType":"DOUBLE","timestamp":"1696776382","value":13809.005879},{"valueType":"DOUBLE","timestamp":"1696776322","value":13808.512675},{"valueType":"DOUBLE","timestamp":"1696776262","value":13808.149197},{"valueType":"DOUBLE","timestamp":"1696776202","value":13807.604533},{"valueType":"DOUBLE","timestamp":"1696776142","value":13807.204212},{"valueType":"DOUBLE","timestamp":"1696776082","value":13806.632697},{"valueType":"DOUBLE","timestamp":"1696776022","value":13806.229027},{"valueType":"DOUBLE","timestamp":"1696775962","value":13805.818239},{"valueType":"DOUBLE","timestamp":"1696775902","value":13805.356709},{"valueType":"DOUBLE","timestamp":"1696775842","value":13804.78586},{"valueType":"DOUBLE","timestamp":"1696775782","value":13804.376966},{"valueType":"DOUBLE","timestamp":"1696775722","value":13803.987153},{"valueType":"DOUBLE","timestamp":"1696775662","value":13803.416406},{"valueType":"DOUBLE","timestamp":"1696775602","value":13803.012132},{"valueType":"DOUBLE","timestamp":"1696775542","value":13802.589901},{"valueType":"DOUBLE","timestamp":"1696775482","value":13802.126132},{"valueType":"DOUBLE","timestamp":"1696775422","value":13801.697516},{"valueType":"DOUBLE","timestamp":"1696775362","value":13801.197675},{"valueType":"DOUBLE","timestamp":"1696775302","value":13800.80138},{"valueType":"DOUBLE","timestamp":"1696775242","value":13800.317691},{"valueType":"DOUBLE","timestamp":"1696775182","value":13799.776376},{"valueType":"DOUBLE","timestamp":"1696775122","value":13799.287101},{"valueType":"DOUBLE","timestamp":"1696775062","value":13798.862452},{"valueType":"DOUBLE","timestamp":"1696775002","value":13798.382797},{"valueType":"DOUBLE","timestamp":"1696774942","value":13798.001915},{"valueType":"DOUBLE","timestamp":"1696774882","value":13797.540197},{"valueType":"DOUBLE","timestamp":"1696774822","value":13797.026619},{"valueType":"DOUBLE","timestamp":"1696774762","value":13796.583607},{"valueType":"DOUBLE","timestamp":"1696774702","value":13796.193073},{"valueType":"DOUBLE","timestamp":"1696774642","value":13795.738797},{"valueType":"DOUBLE","timestamp":"1696774582","value":13795.23999},{"valueType":"DOUBLE","timestamp":"1696774522","value":13794.755132},{"valueType":"DOUBLE","timestamp":"1696774462","value":13794.320901},{"valueType":"DOUBLE","timestamp":"1696774402","value":13793.955587},{"valueType":"DOUBLE","timestamp":"1696774342","value":13793.495113},{"valueType":"DOUBLE","timestamp":"1696774282","value":13792.983636},{"valueType":"DOUBLE","timestamp":"1696774222","value":13792.516572},{"valueType":"DOUBLE","timestamp":"1696774162","value":13792.129529},{"valueType":"DOUBLE","timestamp":"1696774102","value":13791.655319},{"valueType":"DOUBLE","timestamp":"1696774042","value":13791.168772},{"valueType":"DOUBLE","timestamp":"1696773982","value":13790.733243},{"valueType":"DOUBLE","timestamp":"1696773922","value":13790.259692},{"valueType":"DOUBLE","timestamp":"1696773862","value":13789.798101},{"valueType":"DOUBLE","timestamp":"1696773802","value":13789.36272},{"valueType":"DOUBLE","timestamp":"1696773742","value":13788.905377},{"valueType":"DOUBLE","timestamp":"1696773682","value":13788.457223},{"valueType":"DOUBLE","timestamp":"1696773622","value":13787.951204},{"valueType":"DOUBLE","timestamp":"1696773562","value":13787.561569},{"valueType":"DOUBLE","timestamp":"1696773502","value":13787.12864},{"valueType":"DOUBLE","timestamp":"1696773442","value":13786.578795},{"valueType":"DOUBLE","timestamp":"1696773382","value":13786.104347},{"valueType":"DOUBLE","timestamp":"1696773322","value":13785.59543},{"valueType":"DOUBLE","timestamp":"1696773262","value":13785.214551},{"valueType":"DOUBLE","timestamp":"1696773202","value":13784.801679},{"valueType":"DOUBLE","timestamp":"1696773142","value":13784.369535},{"valueType":"DOUBLE","timestamp":"1696773082","value":13783.840871},{"valueType":"DOUBLE","timestamp":"1696773022","value":13783.410849},{"valueType":"DOUBLE","timestamp":"1696772962","value":13782.915482},{"valueType":"DOUBLE","timestamp":"1696772902","value":13782.49947},{"valueType":"DOUBLE","timestamp":"1696772842","value":13782.042043},{"valueType":"DOUBLE","timestamp":"1696772782","value":13781.568762},{"valueType":"DOUBLE","timestamp":"1696772722","value":13781.131533},{"valueType":"DOUBLE","timestamp":"1696772662","value":13780.742758},{"valueType":"DOUBLE","timestamp":"1696772602","value":13780.32342},{"valueType":"DOUBLE","timestamp":"1696772542","value":13779.788509},{"valueType":"DOUBLE","timestamp":"1696772482","value":13779.391872},{"valueType":"DOUBLE","timestamp":"1696772422","value":13778.858344},{"valueType":"DOUBLE","timestamp":"1696772362","value":13778.385345},{"valueType":"DOUBLE","timestamp":"1696772302","value":13777.974923},{"valueType":"DOUBLE","timestamp":"1696772242","value":13777.553404},{"valueType":"DOUBLE","timestamp":"1696772182","value":13777.027591},{"valueType":"DOUBLE","timestamp":"1696772122","value":13776.520068},{"valueType":"DOUBLE","timestamp":"1696772062","value":13776.115605},{"valueType":"DOUBLE","timestamp":"1696772002","value":13775.659163},{"valueType":"DOUBLE","timestamp":"1696771942","value":13775.157488},{"valueType":"DOUBLE","timestamp":"1696771882","value":13774.773731},{"valueType":"DOUBLE","timestamp":"1696771822","value":13774.329819},{"valueType":"DOUBLE","timestamp":"1696771762","value":13773.878229},{"valueType":"DOUBLE","timestamp":"1696771702","value":13773.386913},{"valueType":"DOUBLE","timestamp":"1696771642","value":13772.883742},{"valueType":"DOUBLE","timestamp":"1696771582","value":13772.393565},{"valueType":"DOUBLE","timestamp":"1696771522","value":13772.017423},{"valueType":"DOUBLE","timestamp":"1696771462","value":13771.499859},{"valueType":"DOUBLE","timestamp":"1696771402","value":13771.057483},{"valueType":"DOUBLE","timestamp":"1696771342","value":13770.574126},{"valueType":"DOUBLE","timestamp":"1696771282","value":13770.137302},{"valueType":"DOUBLE","timestamp":"1696771222","value":13769.664576},{"valueType":"DOUBLE","timestamp":"1696771162","value":13769.284398},{"valueType":"DOUBLE","timestamp":"1696771102","value":13768.771514},{"valueType":"DOUBLE","timestamp":"1696771042","value":13768.348342},{"valueType":"DOUBLE","timestamp":"1696770982","value":13767.845784},{"valueType":"DOUBLE","timestamp":"1696770922","value":13767.518883},{"valueType":"DOUBLE","timestamp":"1696770862","value":13767.065698},{"valueType":"DOUBLE","timestamp":"1696770802","value":13766.540326},{"valueType":"DOUBLE","timestamp":"1696770742","value":13766.022666},{"valueType":"DOUBLE","timestamp":"1696770682","value":13765.52601},{"valueType":"DOUBLE","timestamp":"1696770622","value":13765.069767},{"valueType":"DOUBLE","timestamp":"1696770562","value":13764.73415},{"valueType":"DOUBLE","timestamp":"1696770502","value":13764.292337},{"valueType":"DOUBLE","timestamp":"1696770442","value":13763.850368},{"valueType":"DOUBLE","timestamp":"1696770382","value":13763.251945},{"valueType":"DOUBLE","timestamp":"1696770322","value":13762.848807},{"valueType":"DOUBLE","timestamp":"1696770262","value":13762.349695},{"valueType":"DOUBLE","timestamp":"1696770202","value":13761.911268},{"valueType":"DOUBLE","timestamp":"1696770142","value":13761.450853},{"valueType":"DOUBLE","timestamp":"1696770082","value":13760.997963},{"valueType":"DOUBLE","timestamp":"1696770022","value":13760.650386},{"valueType":"DOUBLE","timestamp":"1696769962","value":13760.219578},{"valueType":"DOUBLE","timestamp":"1696769902","value":13759.669885},{"valueType":"DOUBLE","timestamp":"1696769842","value":13759.179583},{"valueType":"DOUBLE","timestamp":"1696769782","value":13758.682927},{"valueType":"DOUBLE","timestamp":"1696769722","value":13758.198187},{"valueType":"DOUBLE","timestamp":"1696769662","value":13757.74064},{"valueType":"DOUBLE","timestamp":"1696769602","value":13757.387395},{"valueType":"DOUBLE","timestamp":"1696769542","value":13756.825209},{"valueType":"DOUBLE","timestamp":"1696769482","value":13756.360878},{"valueType":"DOUBLE","timestamp":"1696769422","value":13755.872811},{"valueType":"DOUBLE","timestamp":"1696769362","value":13755.480985},{"valueType":"DOUBLE","timestamp":"1696769302","value":13755.084187},{"valueType":"DOUBLE","timestamp":"1696769242","value":13754.600343},{"valueType":"DOUBLE","timestamp":"1696769182","value":13754.118062},{"valueType":"DOUBLE","timestamp":"1696769122","value":13753.680324},{"valueType":"DOUBLE","timestamp":"1696769062","value":13753.223574},{"valueType":"DOUBLE","timestamp":"1696769002","value":13752.71888},{"valueType":"DOUBLE","timestamp":"1696768942","value":13752.295297},{"valueType":"DOUBLE","timestamp":"1696768882","value":13751.770457},{"valueType":"DOUBLE","timestamp":"1696768822","value":13751.39767},{"valueType":"DOUBLE","timestamp":"1696768762","value":13750.929876},{"valueType":"DOUBLE","timestamp":"1696768702","value":13750.485773},{"valueType":"DOUBLE","timestamp":"1696768642","value":13750.020308},{"valueType":"DOUBLE","timestamp":"1696768582","value":13749.537582},{"valueType":"DOUBLE","timestamp":"1696768522","value":13749.028107}]}