{"podName":"ledger-db-0","containerName":"postgres","nodeName":null,"metricType":"kubernetes.io/container/cpu/core_usage_time","metrics":[{"valueType":"DOUBLE","timestamp":"1696701862","value":13238.796691},{"valueType":"DOUBLE","timestamp":"1696701802","value":13238.236877},{"valueType":"DOUBLE","timestamp":"1696701742","value":13237.770464},{"valueType":"DOUBLE","timestamp":"1696701682","value":13237.251403},{"valueType":"DOUBLE","timestamp":"1696701622","value":13236.795594},{"valueType":"DOUBLE","timestamp":"1696701562","value":13236.368881},{"valueType":"DOUBLE","timestamp":"1696701502","value":13235.918039},{"valueType":"DOUBLE","timestamp":"1696701442","value":13235.466368},{"valueType":"DOUBLE","timestamp":"1696701382","value":13234.947651},{"valueType":"DOUBLE","timestamp":"1696701322","value":13234.412693},{"valueType":"DOUBLE","timestamp":"1696701262","value":13234.033123},{"valueType":"DOUBLE","timestamp":"1696701202","value":13233.496776},{"valueType":"DOUBLE","timestamp":"1696701142","value":13233.139857},{"valueType":"DOUBLE","timestamp":"1696701082","value":13232.607555},{"valueType":"DOUBLE","timestamp":"1696701022","value":13232.029168},{"valueType":"DOUBLE","timestamp":"1696700962","value":13231.597124},{"valueType":"DOUBLE","timestamp":"1696700902","value":13231.1479},{"valueType":"DOUBLE","timestamp":"1696700842","value":13230.717869},{"valueType":"DOUBLE","timestamp":"1696700782","value":13230.246899},{"valueType":"DOUBLE","timestamp":"1696700722","value":13229.740634},{"valueType":"DOUBLE","timestamp":"1696700662","value":13229.292284},{"valueType":"DOUBLE","timestamp":"1696700602","value":13228.784657},{"valueType":"DOUBLE","timestamp":"1696700542","value":13228.288797},{"valueType":"DOUBLE","timestamp":"1696700482","value":13227.825005},{"valueType":"DOUBLE","timestamp":"1696700422","value":13227.241335},{"valueType":"DOUBLE","timestamp":"1696700362","value":13226.908147},{"valueType":"DOUBLE","timestamp":"1696700302","value":13226.503047},{"valueType":"DOUBLE","timestamp":"1696700242","value":13226.019499},{"valueType":"DOUBLE","timestamp":"1696700182","value":13225.397567},{"valueType":"DOUBLE","timestamp":"1696700122","value":13225.056691},{"valueType":"DOUBLE","timestamp":"1696700062","value":13224.573548},{"valueType":"DOUBLE","timestamp":"1696700002","value":13224.101472},{"valueType":"DOUBLE","timestamp":"1696699942","value":13223.680512},{"valueType":"DOUBLE","timestamp":"1696699882","value":13223.120972},{"valueType":"DOUBLE","timestamp":"1696699822","value":13222.686022},{"valueType":"DOUBLE","timestamp":"1696699762","value":13222.206483},{"valueType":"DOUBLE","timestamp":"1696699702","value":13221.702199},{"valueType":"DOUBLE","timestamp":"1696699642","value":13221.375511},{"valueType":"DOUBLE","timestamp":"1696699582","value":13220.812589},{"valueType":"DOUBLE","timestamp":"1696699522","value":13220.354603},{"valueType":"DOUBLE","timestamp":"1696699462","value":13219.852168},{"valueType":"DOUBLE","timestamp":"1696699402","value":13219.368933},{"valueType":"DOUBLE","timestamp":"1696699342","value":13218.992624},{"valueType":"DOUBLE","timestamp":"1696699282","value":13218.397007},{"valueType":"DOUBLE","timestamp":"1696699222","value":13217.889211},{"valueType":"DOUBLE","timestamp":"1696699162","value":13217.454237},{"valueType":"DOUBLE","timestamp":"1696699102","value":13217.007712},{"valueType":"DOUBLE","timestamp":"1696699042","value":13216.552477},{"valueType":"DOUBLE","timestamp":"1696698982","value":13216.047657},{"valueType":"DOUBLE","timestamp":"1696698922","value":13215.577801},{"valueType":"DOUBLE","timestamp":"1696698862","value":13215.052644},{"valueType":"DOUBLE","timestamp":"1696698802","value":13214.60225},{"valueType":"DOUBLE","timestamp":"1696698742","value":13214.145731},{"valueType":"DOUBLE","timestamp":"1696698682","value":13213.63335},{"valueType":"DOUBLE","timestamp":"1696698622","value":13213.147451},{"valueType":"DOUBLE","timestamp":"1696698562","value":13212.732503},{"valueType":"DOUBLE","timestamp":"1696698502","value":13212.213955},{"valueType":"DOUBLE","timestamp":"1696698442","value":13211.80758},{"valueType":"DOUBLE","timestamp":"1696698382","value":13211.257841},{"valueType":"DOUBLE","timestamp":"1696698322","value":13210.833288},{"valueType":"DOUBLE","timestamp":"1696698262","value":13210.38903},{"valueType":"DOUBLE","timestamp":"1696698202","value":13209.863862},{"valueType":"DOUBLE","timestamp":"1696698142","value":13209.403334},{"valueType":"DOUBLE","timestamp":"1696698082","value":13208.872452},{"valueType":"DOUBLE","timestamp":"1696698022","value":13208.434958},{"valueType":"DOUBLE","timestamp":"1696697962","value":13207.962253},{"valueType":"DOUBLE","timestamp":"1696697902","value":13207.513536},{"valueType":"DOUBLE","timestamp":"1696697842","value":13206.988077},{"valueType":"DOUBLE","timestamp":"1696697782","value":13206.570884},{"valueType":"DOUBLE","timestamp":"1696697722","value":13206.088504},{"valueType":"DOUBLE","timestamp":"1696697662","value":13205.641065},{"valueType":"DOUBLE","timestamp":"1696697602","value":13205.25195},{"valueType":"DOUBLE","timestamp":"1696697542","value":13204.722965},{"valueType":"DOUBLE","timestamp":"1696697482","value":13204.242946},{"valueType":"DOUBLE","timestamp":"1696697422","value":13203.713638},{"valueType":"DOUBLE","timestamp":"1696697362","value":13203.276464},{"valueType":"DOUBLE","timestamp":"1696697302","value":13202.85103},{"valueType":"DOUBLE","timestamp":"1696697242","value":13202.3652},{"valueType":"DOUBLE","timestamp":"1696697182","value":13201.833621},{"valueType":"DOUBLE","timestamp":"1696697122","value":13201.40012},{"valueType":"DOUBLE","timestamp":"1696697062","value":13200.977035},{"valueType":"DOUBLE","timestamp":"1696697002","value":13200.489602},{"valueType":"DOUBLE","timestamp":"1696696942","value":13200.011681},{"valueType":"DOUBLE","timestamp":"1696696882","value":13199.469024},{"valueType":"DOUBLE","timestamp":"1696696822","value":13198.939775},{"valueType":"DOUBLE","timestamp":"1696696762","value":13198.484248},{"valueType":"DOUBLE","timestamp":"1696696702","value":13198.052888},{"valueType":"DOUBLE","timestamp":"1696696642","value":13197.558764},{"valueType":"DOUBLE","timestamp":"1696696582","value":13197.038921},{"valueType":"DOUBLE","timestamp":"1696696522","value":13196.618194},{"valueType":"DOUBLE","timestamp":"1696696462","value":13196.18369},{"valueType":"DOUBLE","timestamp":"1696696402","value":13195.671171},{"valueType":"DOUBLE","timestamp":"1696696342","value":13195.226769},{"valueType":"DOUBLE","timestamp":"1696696282","value":13194.69325},{"valueType":"DOUBLE","timestamp":"1696696222","value":13194.101604},{"valueType":"DOUBLE","timestamp":"1696696162","value":13193.672368},{"valueType":"DOUBLE","timestamp":"1696696102","value":13193.261359},{"valueType":"DOUBLE","timestamp":"1696696042","value":13192.781197},{"valueType":"DOUBLE","timestamp":"1696695982","value":13192.169942},{"valueType":"DOUBLE","timestamp":"1696695922","value":13191.79724},{"valueType":"DOUBLE","timestamp":"1696695862","value":13191.35396},{"valueType":"DOUBLE","timestamp":"1696695802","value":13190.824297},{"valueType":"DOUBLE","timestamp":"1696695742","value":13190.309209},{"valueType":"DOUBLE","timestamp":"1696695682","value":13189.856472},{"valueType":"DOUBLE","timestamp":"1696695622","value":13189.367809},{"valueType":"DOUBLE","timestamp":"1696695562","value":13188.878771},{"valueType":"DOUBLE","timestamp":"1696695502","value":13188.418022},{"valueType":"DOUBLE","timestamp":"1696695442","value":13188.031794},{"valueType":"DOUBLE","timestamp":"1696695382","value":13187.472594},{"valueType":"DOUBLE","timestamp":"1696695322","value":13187.075697},{"valueType":"DOUBLE","timestamp":"1696695262","value":13186.461465},{"valueType":"DOUBLE","timestamp":"1696695202","value":13186.018785},{"valueType":"DOUBLE","timestamp":"1696695142","value":13185.509072},{"valueType":"DOUBLE","timestamp":"1696695082","value":13184.949516},{"valueType":"DOUBLE","timestamp":"1696695022","value":13184.565211},{"valueType":"DOUBLE","timestamp":"1696694962","value":13184.107615},{"valueType":"DOUBLE","timestamp":"1696694902","value":13183.652355},{"valueType":"DOUBLE","timestamp":"1696694842","value":13183.129138},{"valueType":"DOUBLE","timestamp":"1696694782","value":13182.599559},{"valueType":"DOUBLE","timestamp":"1696694722","value":13182.138495},{"valueType":"DOUBLE","timestamp":"1696694662","value":13181.72583},{"valueType":"DOUBLE","timestamp":"1696694602","value":13181.150321},{"valueType":"DOUBLE","timestamp":"1696694542","value":13180.728593},{"valueType":"DOUBLE","timestamp":"1696694482","value":13180.166532},{"valueType":"DOUBLE","timestamp":"1696694422","value":13179.7395},{"valueType":"DOUBLE","timestamp":"1696694362","value":13179.216759},{"valueType":"DOUBLE","timestamp":"1696694302","value":13178.869833},{"valueType":"DOUBLE","timestamp":"1696694242","value":13178.287744},{"valueType":"DOUBLE","timestamp":"1696694182","value":13177.854474},{"valueType":"DOUBLE","timestamp":"1696694122","value":13177.337188},{"valueType":"DOUBLE","timestamp":"1696694062","value":13176.894504},{"valueType":"DOUBLE","timestamp":"1696694002","value":13176.53752},{"valueType":"DOUBLE","timestamp":"1696693942","value":13175.989106},{"valueType":"DOUBLE","timestamp":"1696693882","value":13175.490525},{"valueType":"DOUBLE","timestamp":"1696693822","value":13175.009789},{"valueType":"DOUBLE","timestamp":"1696693762","value":13174.520951},{"valueType":"DOUBLE","timestamp":"1696693702","value":13174.047517},{"valueType":"DOUBLE","timestamp":"1696693642","value":13173.644174},{"valueType":"DOUBLE","timestamp":"1696693582","value":13173.013898},{"valueType":"DOUBLE","timestamp":"1696693522","value":13172.57704},{"valueType":"DOUBLE","timestamp":"1696693462","value":13172.068073},{"valueType":"DOUBLE","timestamp":"1696693402","value":13171.631707},{"valueType":"DOUBLE","timestamp":"1696693342","value":13171.052428},{"valueType":"DOUBLE","timestamp":"1696693282","value":13170.552708},{"valueType":"DOUBLE","timestamp":"1696693222","value":13170.131321},{"valueType":"DOUBLE","timestamp":"1696693162","value":13169.569103},{"valueType":"DOUBLE","timestamp":"1696693102","value":13169.108994},{"valueType":"DOUBLE","timestamp":"1696693042","value":13168.713012},{"valueType":"DOUBLE","timestamp":"1696692982","value":13168.165274},{"valueType":"DOUBLE","timestamp":"1696692922","value":13167.749846},{"valueType":"DOUBLE","timestamp":"1696692862","value":13167.283728},{"valueType":"DOUBLE","timestamp":"1696692802","value":13166.969723},{"valueType":"DOUBLE","timestamp":"1696692742","value":13166.656712},{"valueType":"DOUBLE","timestamp":"1696692682","value":13166.230828},{"valueType":"DOUBLE","timestamp":"1696692622","value":13165.84456},{"valueType":"DOUBLE","timestamp":"1696692562","value":13165.512298},{"valueType":"DOUBLE","timestamp":"1696692502","value":13165.131459},{"valueType":"DOUBLE","timestamp":"1696692442","value":13164.848499},{"valueType":"DOUBLE","timestamp":"1696692382","value":13164.459867},{"valueType":"DOUBLE","timestamp":"1696692322","value":13164.049231},{"valueType":"DOUBLE","timestamp":"1696692262","value":13163.641381},{"valueType":"DOUBLE","timestamp":"1696692202","value":13163.134991},{"valueType":"DOUBLE","timestamp":"1696692142","value":13162.692335},{"valueType":"DOUBLE","timestamp":"1696692082","value":13162.414103},{"valueType":"DOUBLE","timestamp":"1696692022","value":13161.970584},{"valueType":"DOUBLE","timestamp":"1696691962","value":13161.632201},{"valueType":"DOUBLE","timestamp":"1696691902","value":13161.271908},{"valueType":"DOUBLE","timestamp":"1696691842","value":13160.988509},{"valueType":"DOUBLE","timestamp":"1696691782","value":13160.647149},{"valueType":"DOUBLE","timestamp":"1696691722","value":13160.236113},{"valueType":"DOUBLE","timestamp":"1696691662","value":13159.834915},{"valueType":"DOUBLE","timestamp":"1696691602","value":13159.54916},{"valueType":"DOUBLE","timestamp":"1696691542","value":13159.179989},{"valueType":"DOUBLE","timestamp":"1696691482","value":13158.854642},{"valueType":"DOUBLE","timestamp":"1696691422","value":13158.522802},{"valueType":"DOUBLE","timestamp":"1696691362","value":13158.132247},{"valueType":"DOUBLE","timestamp":"1696691302","value":13157.75069},{"valueType":"DOUBLE","timestamp":"1696691242","value":13157.351068},{"valueType":"DOUBLE","timestamp":"1696691182","value":13157.014805},{"valueType":"DOUBLE","timestamp":"1696691122","value":13156.716558},{"valueType":"DOUBLE","timestamp":"1696691062","value":13156.305622},{"valueType":"DOUBLE","timestamp":"1696691002","value":13155.948595},{"valueType":"DOUBLE","timestamp":"1696690942","value":13155.662444},{"valueType":"DOUBLE","timestamp":"1696690882","value":13155.23186},{"valueType":"DOUBLE","timestamp":"1696690822","value":13154.947007},{"valueType":"DOUBLE","timestamp":"1696690762","value":13154.62593},{"valueType":"DOUBLE","timestamp":"1696690702","value":13154.21505},{"valueType":"DOUBLE","timestamp":"1696690642","value":13153.827689},{"valueType":"DOUBLE","timestamp":"1696690582","value":13153.499207},{"valueType":"DOUBLE","timestamp":"1696690522","value":13153.176289},{"valueType":"DOUBLE","timestamp":"1696690462","value":13152.768696},{"valueType":"DOUBLE","timestamp":"1696690402","value":13152.47577},{"valueType":"DOUBLE","timestamp":"1696690342","value":13152.101201},{"valueType":"DOUBLE","timestamp":"1696690282","value":13151.749939},{"valueType":"DOUBLE","timestamp":"1696690222","value":13151.340146},{"valueType":"DOUBLE","timestamp":"1696690162","value":13151.078936},{"valueType":"DOUBLE","timestamp":"1696690102","value":13150.63397},{"valueType":"DOUBLE","timestamp":"1696690042","value":13150.319915},{"valueType":"DOUBLE","timestamp":"1696689982","value":13149.96943},{"valueType":"DOUBLE","timestamp":"1696689922","value":13149.619795},{"valueType":"DOUBLE","timestamp":"1696689862","value":13149.233811},{"valueType":"DOUBLE","timestamp":"1696689802","value":13148.880569},{"valueType":"DOUBLE","timestamp":"1696689742","value":13148.499259},{"valueType":"DOUBLE","timestamp":"1696689682","value":13148.158629},{"valueType":"DOUBLE","timestamp":"1696689622","value":13147.795697},{"valueType":"DOUBLE","timestamp":"1696689562","value":13147.456966},{"valueType":"DOUBLE","timestamp":"1696689502","value":13147.049147},{"valueType":"DOUBLE","timestamp":"1696689442","value":13146.724374},{"valueType":"DOUBLE","timestamp":"1696689382","value":13146.380046},{"valueType":"DOUBLE","timestamp":"1696689322","value":13145.974744},{"valueType":"DOUBLE","timestamp":"1696689262","value":13145.654746},{"valueType":"DOUBLE","timestamp":"1696689202","value":13145.317984},{"valueType":"DOUBLE","timestamp":"1696689142","value":13144.971818},{"valueType":"DOUBLE","timestamp":"1696689082","value":13144.572891},{"valueType":"DOUBLE","timestamp":"1696689022","value":13144.260815},{"valueType":"DOUBLE","timestamp":"1696688962","value":13143.88982},{"valueType":"DOUBLE","timestamp":"1696688902","value":13143.485556},{"valueType":"DOUBLE","timestamp":"1696688842","value":13143.1581},{"valueType":"DOUBLE","timestamp":"1696688782","value":13142.850779},{"valueType":"DOUBLE","timestamp":"1696688722","value":13142.53362},{"valueType":"DOUBLE","timestamp":"1696688662","value":13142.106076},{"valueType":"DOUBLE","timestamp":"1696688602","value":13141.761795},{"valueType":"DOUBLE","timestamp":"1696688542","value":13141.375538},{"valueType":"DOUBLE","timestamp":"1696688482","value":13140.993263},{"valueType":"DOUBLE","timestamp":"1696688422","value":13140.694294},{"valueType":"DOUBLE","timestamp":"1696688362","value":13140.422302},{"valueType":"DOUBLE","timestamp":"1696688302","value":13140.097119},{"valueType":"DOUBLE","timestamp":"1696688242","value":13139.670531},{"valueType":"DOUBLE","timestamp":"1696688182","value":13139.291004},{"valueType":"DOUBLE","timestamp":"1696688122","value":13138.951657},{"valueType":"DOUBLE","timestamp":"1696688062","value":13138.632089},{"valueType":"DOUBLE","timestamp":"1696688002","value":13138.25054},{"valueType":"DOUBLE","timestamp":"1696687942","value":13137.946467},{"valueType":"DOUBLE","timestamp":"1696687882","value":13137.597195},{"valueType":"DOUBLE","timestamp":"1696687822","value":13137.233274},{"valueType":"DOUBLE","timestamp":"1696687762","value":13136.879519},{"valueType":"DOUBLE","timestamp":"1696687702","value":13136.522057},{"valueType":"DOUBLE","timestamp":"1696687642","value":13136.198184},{"valueType":"DOUBLE","timestamp":"1696687582","value":13135.804744},{"valueType":"DOUBLE","timestamp":"1696687522","value":13135.431439},{"valueType":"DOUBLE","timestamp":"1696687462","value":13135.059253},{"valueType":"DOUBLE","timestamp":"1696687402","value":13134.659922},{"valueType":"DOUBLE","timestamp":"1696687342","value":13134.308086},{"valueType":"DOUBLE","timestamp":"1696687282","value":13134.051629},{"valueType":"DOUBLE","timestamp":"1696687222","value":13133.679421},{"valueType":"DOUBLE","timestamp":"1696687162","value":13133.366859},{"valueType":"DOUBLE","timestamp":"1696687102","value":13132.944945},{"valueType":"DOUBLE","timestamp":"1696687042","value":13132.57773},{"valueType":"DOUBLE","timestamp":"1696686982","value":13132.218805},{"valueType":"DOUBLE","timestamp":"1696686922","value":13131.897401},{"valueType":"DOUBLE","timestamp":"1696686862","value":13131.567732},{"valueType":"DOUBLE","timestamp":"1696686802","value":13131.163329},{"valueType":"DOUBLE","timestamp":"1696686742","value":13130.832287},{"valueType":"DOUBLE","timestamp":"1696686682","value":13130.494595},{"valueType":"DOUBLE","timestamp":"1696686622","value":13130.153712},{"valueType":"DOUBLE","timestamp":"1696686562","value":13129.757842},{"valueType":"DOUBLE","timestamp":"1696686502","value":13129.469378},{"valueType":"DOUBLE","timestamp":"1696686442","value":13129.136209},{"valueType":"DOUBLE","timestamp":"1696686382","value":13128.742109},{"valueType":"DOUBLE","timestamp":"1696686322","value":13128.316875},{"valueType":"DOUBLE","timestamp":"1696686262","value":13127.937566},{"valueType":"DOUBLE","timestamp":"1696686202","value":13127.469861},{"valueType":"DOUBLE","timestamp":"1696686142","value":13127.121129},{"valueType":"DOUBLE","timestamp":"1696686082","value":13126.751594},{"valueType":"DOUBLE","timestamp":"1696686022","value":13126.371909},{"valueType":"DOUBLE","timestamp":"1696685962","value":13126.042866},{"valueType":"DOUBLE","timestamp":"1696685902","value":13125.673186},{"valueType":"DOUBLE","timestamp":"1696685842","value":13125.121035},{"valueType":"DOUBLE","timestamp":"1696685782","value":13124.631923},{"valueType":"DOUBLE","timestamp":"1696685722","value":13124.161114},{"valueType":"DOUBLE","timestamp":"1696685662","value":13123.646394},{"valueType":"DOUBLE","timestamp":"1696685602","value":13123.205398},{"valueType":"DOUBLE","timestamp":"1696685542","value":13122.820264},{"valueType":"DOUBLE","timestamp":"1696685482","value":13122.39259},{"valueType":"DOUBLE","timestamp":"1696685422","value":13122.047743},{"valueType":"DOUBLE","timestamp":"1696685362","value":13121.684625},{"valueType":"DOUBLE","timestamp":"1696685302","value":13121.306126},{"valueType":"DOUBLE","timestamp":"1696685242","value":13120.962398},{"valueType":"DOUBLE","timestamp":"1696685182","value":13120.601524},{"valueType":"DOUBLE","timestamp":"1696685122","value":13120.213031},{"valueType":"DOUBLE","timestamp":"1696685062","value":13119.811537},{"valueType":"DOUBLE","timestamp":"1696685002","value":13119.542889},{"valueType":"DOUBLE","timestamp":"1696684942","value":13119.119916},{"valueType":"DOUBLE","timestamp":"1696684882","value":13118.784954},{"valueType":"DOUBLE","timestamp":"1696684822","value":13118.346362},{"valueType":"DOUBLE","timestamp":"1696684762","value":13118.097623},{"valueType":"DOUBLE","timestamp":"1696684702","value":13117.715557},{"valueType":"DOUBLE","timestamp":"1696684642","value":13117.369327},{"valueType":"DOUBLE","timestamp":"1696684582","value":13116.942936},{"valueType":"DOUBLE","timestamp":"1696684522","value":13116.576749},{"valueType":"DOUBLE","timestamp":"1696684462","value":13116.219728},{"valueType":"DOUBLE","timestamp":"1696684402","value":13115.86607},{"valueType":"DOUBLE","timestamp":"1696684342","value":13115.478464},{"valueType":"DOUBLE","timestamp":"1696684282","value":13115.079255},{"valueType":"DOUBLE","timestamp":"1696684222","value":13114.787355},{"valueType":"DOUBLE","timestamp":"1696684162","value":13114.400589},{"valueType":"DOUBLE","timestamp":"1696684102","value":13114.081466},{"valueType":"DOUBLE","timestamp":"1696684042","value":13113.716656},{"valueType":"DOUBLE","timestamp":"1696683982","value":13113.322312},{"valueType":"DOUBLE","timestamp":"1696683922","value":13112.957957},{"valueType":"DOUBLE","timestamp":"1696683862","value":13112.609404},{"valueType":"DOUBLE","timestamp":"1696683802","value":13112.23787},{"valueType":"DOUBLE","timestamp":"1696683742","value":13111.801507},{"valueType":"DOUBLE","timestamp":"1696683682","value":13111.439194},{"valueType":"DOUBLE","timestamp":"1696683622","value":13111.099072},{"valueType":"DOUBLE","timestamp":"1696683562","value":13110.691235},{"valueType":"DOUBLE","timestamp":"1696683502","value":13110.351482},{"valueType":"DOUBLE","timestamp":"1696683442","value":13109.862378},{"valueType":"DOUBLE","timestamp":"1696683382","value":13109.33735},{"valueType":"DOUBLE","timestamp":"1696683322","value":13108.902286},{"valueType":"DOUBLE","timestamp":"1696683262","value":13108.462946},{"valueType":"DOUBLE","timestamp":"1696683202","value":13107.901039},{"valueType":"DOUBLE","timestamp":"1696683142","value":13107.403906},{"valueType":"DOUBLE","timestamp":"1696683082","value":13107.011415},{"valueType":"DOUBLE","timestamp":"1696683022","value":13106.579161},{"valueType":"DOUBLE","timestamp":"1696682962","value":13106.151668},{"valueType":"DOUBLE","timestamp":"1696682902","value":13105.6645},{"valueType":"DOUBLE","timestamp":"1696682842","value":13105.262234},{"valueType":"DOUBLE","timestamp":"1696682782","value":13104.837948},{"valueType":"DOUBLE","timestamp":"1696682722","value":13104.375988},{"valueType":"DOUBLE","timestamp":"1696682662","value":13103.941541},{"valueType":"DOUBLE","timestamp":"1696682602","value":13103.525034},{"valueType":"DOUBLE","timestamp":"1696682542","value":13103.195194},{"valueType":"DOUBLE","timestamp":"1696682482","value":13102.795805},{"valueType":"DOUBLE","timestamp":"1696682422","value":13102.429279},{"valueType":"DOUBLE","timestamp":"1696682362","value":13102.126623},{"valueType":"DOUBLE","timestamp":"1696682302","value":13101.798329},{"valueType":"DOUBLE","timestamp":"1696682242","value":13101.412309},{"valueType":"DOUBLE","timestamp":"1696682182","value":13101.09711},{"valueType":"DOUBLE","timestamp":"1696682122","value":13100.728475},{"valueType":"DOUBLE","timestamp":"1696682062","value":13100.348327},{"valueType":"DOUBLE","timestamp":"1696682002","value":13099.99395},{"valueType":"DOUBLE","timestamp":"1696681942","value":13099.588575},{"valueType":"DOUBLE","timestamp":"1696681882","value":13099.185062},{"valueType":"DOUBLE","timestamp":"1696681822","value":13098.750153},{"valueType":"DOUBLE","timestamp":"1696681762","value":13098.376008},{"valueType":"DOUBLE","timestamp":"1696681702","value":13097.910628},{"valueType":"DOUBLE","timestamp":"1696681642","value":13097.469187},{"valueType":"DOUBLE","timestamp":"1696681582","value":13097.036994},{"valueType":"DOUBLE","timestamp":"1696681522","value":13096.593109},{"valueType":"DOUBLE","timestamp":"1696681462","value":13096.159182},{"valueType":"DOUBLE","timestamp":"1696681402","value":13095.605116},{"valueType":"DOUBLE","timestamp":"1696681342","value":13095.27098},{"valueType":"DOUBLE","timestamp":"1696681282","value":13094.859551},{"valueType":"DOUBLE","timestamp":"1696681222","value":13094.448244},{"valueType":"DOUBLE","timestamp":"1696681162","value":13093.990236},{"valueType":"DOUBLE","timestamp":"1696681102","value":13093.687634},{"valueType":"DOUBLE","timestamp":"1696681042","value":13093.279883},{"valueType":"DOUBLE","timestamp":"1696680982","value":13092.948346},{"valueType":"DOUBLE","timestamp":"1696680922","value":13092.528689},{"valueType":"DOUBLE","timestamp":"1696680862","value":13092.269452},{"valueType":"DOUBLE","timestamp":"1696680802","value":13091.840991},{"valueType":"DOUBLE","timestamp":"1696680742","value":13091.545932},{"valueType":"DOUBLE","timestamp":"1696680682","value":13091.121772},{"valueType":"DOUBLE","timestamp":"1696680622","value":13090.735735},{"valueType":"DOUBLE","timestamp":"1696680562","value":13090.330297},{"valueType":"DOUBLE","timestamp":"1696680502","value":13089.952273},{"valueType":"DOUBLE","timestamp":"1696680442","value":13089.620776},{"valueType":"DOUBLE","timestamp":"1696680382","value":13089.216972},{"valueType":"DOUBLE","timestamp":"1696680322","value":13088.822901},{"valueType":"DOUBLE","timestamp":"1696680262","value":13088.52268},{"valueType":"DOUBLE","timestamp":"1696680202","value":13088.137095},{"valueType":"DOUBLE","timestamp":"1696680142","value":13087.713206},{"valueType":"DOUBLE","timestamp":"1696680082","value":13087.395092},{"valueType":"DOUBLE","timestamp":"1696680022","value":13086.995926},{"valueType":"DOUBLE","timestamp":"1696679962","value":13086.642285},{"valueType":"DOUBLE","timestamp":"1696679902","value":13086.186494},{"valueType":"DOUBLE","timestamp":"1696679842","value":13085.8639},{"valueType":"DOUBLE","timestamp":"1696679782","value":13085.500691},{"valueType":"DOUBLE","timestamp":"1696679722","value":13085.093241},{"valueType":"DOUBLE","timestamp":"1696679662","value":13084.751255},{"valueType":"DOUBLE","timestamp":"1696679602","value":13084.280286},{"valueType":"DOUBLE","timestamp":"1696679542","value":13084.012221},{"valueType":"DOUBLE","timestamp":"1696679482","value":13083.628772},{"valueType":"DOUBLE","timestamp":"1696679422","value":13083.27591},{"valueType":"DOUBLE","timestamp":"1696679362","value":13082.85536},{"valueType":"DOUBLE","timestamp":"1696679302","value":13082.565452},{"valueType":"DOUBLE","timestamp":"1696679242","value":13082.171351},{"valueType":"DOUBLE","timestamp":"1696679182","value":13081.769347},{"valueType":"DOUBLE","timestamp":"1696679122","value":13081.455035},{"valueType":"DOUBLE","timestamp":"1696679062","value":13081.051769},{"valueType":"DOUBLE","timestamp":"1696679002","value":13080.692163},{"valueType":"DOUBLE","timestamp":"1696678942","value":13080.332684},{"valueType":"DOUBLE","timestamp":"1696678882","value":13079.925454},{"valueType":"DOUBLE","timestamp":"1696678822","value":13079.556399},{"valueType":"DOUBLE","timestamp":"1696678762","value":13079.183361},{"valueType":"DOUBLE","timestamp":"1696678702","value":13078.837253},{"valueType":"DOUBLE","timestamp":"1696678642","value":13078.460576},{"valueType":"DOUBLE","timestamp":"1696678582","value":13078.094442},{"valueType":"DOUBLE","timestamp":"1696678522","value":13077.696517},{"valueType":"DOUBLE","timestamp":"1696678462","value":13077.297013},{"valueType":"DOUBLE","timestamp":"1696678402","value":13076.963019},{"valueType":"DOUBLE","timestamp":"1696678342","value":13076.503421},{"valueType":"DOUBLE","timestamp":"1696678282","value":13076.180113},{"valueType":"DOUBLE","timestamp":"1696678222","value":13075.763928},{"valueType":"DOUBLE","timestamp":"1696678162","value":13075.458181},{"valueType":"DOUBLE","timestamp":"1696678102","value":13075.053037},{"valueType":"DOUBLE","timestamp":"1696678042","value":13074.73323},{"valueType":"DOUBLE","timestamp":"1696677982","value":13074.289735},{"valueType":"DOUBLE","timestamp":"1696677922","value":13073.861266},{"valueType":"DOUBLE","timestamp":"1696677862","value":13073.460086},{"valueType":"DOUBLE","timestamp":"1696677802","value":13073.153742},{"valueType":"DOUBLE","timestamp":"1696677742","value":13072.787568},{"valueType":"DOUBLE","timestamp":"1696677682","value":13072.419983},{"valueType":"DOUBLE","timestamp":"1696677622","value":13072.0036},{"valueType":"DOUBLE","timestamp":"1696677562","value":13071.704639},{"valueType":"DOUBLE","timestamp":"1696677502","value":13071.35087},{"valueType":"DOUBLE","timestamp":"1696677442","value":13070.898478},{"valueType":"DOUBLE","timestamp":"1696677382","value":13070.528706},{"valueType":"DOUBLE","timestamp":"1696677322","value":13070.255373},{"valueType":"DOUBLE","timestamp":"1696677262","value":13069.852361},{"valueType":"DOUBLE","timestamp":"1696677202","value":13069.421306},{"valueType":"DOUBLE","timestamp":"1696677142","value":13069.074111},{"valueType":"DOUBLE","timestamp":"1696677082","value":13068.708276},{"valueType":"DOUBLE","timestamp":"1696677022","value":13068.378958},{"valueType":"DOUBLE","timestamp":"1696676962","value":13067.970404},{"valueType":"DOUBLE","timestamp":"1696676902","value":13067.665163},{"valueType":"DOUBLE","timestamp":"1696676842","value":13067.202459},{"valueType":"DOUBLE","timestamp":"1696676782","value":13066.815606},{"valueType":"DOUBLE","timestamp":"1696676722","value":13066.405127},{"valueType":"DOUBLE","timestamp":"1696676662","value":13066.115719},{"valueType":"DOUBLE","timestamp":"1696676602","value":13065.661458},{"valueType":"DOUBLE","timestamp":"1696676542","value":13065.293142},{"valueType":"DOUBLE","timestamp":"1696676482","value":13064.928957},{"valueType":"DOUBLE","timestamp":"1696676422","value":13064.61203},{"valueType":"DOUBLE","timestamp":"1696676362","value":13064.188048},{"valueType":"DOUBLE","timestamp":"1696676302","value":13063.812125},{"valueType":"DOUBLE","timestamp":"1696676242","value":13063.452102},{"valueType":"DOUBLE","timestamp":"1696676182","value":13063.043929},{"valueType":"DOUBLE","timestamp":"1696676122","value":13062.725205},{"valueType":"DOUBLE","timestamp":"1696676062","value":13062.301309},{"valueType":"DOUBLE","timestamp":"1696676002","value":13061.901924},{"valueType":"DOUBLE","timestamp":"1696675942","value":13061.573397},{"valueType":"DOUBLE","timestamp":"1696675882","value":13061.233584},{"valueType":"DOUBLE","timestamp":"1696675822","value":13060.794497},{"valueType":"DOUBLE","timestamp":"1696675762","value":13060.453867},{"valueType":"DOUBLE","timestamp":"1696675702","value":13060.0628},{"valueType":"DOUBLE","timestamp":"1696675642","value":13059.73044},{"valueType":"DOUBLE","timestamp":"1696675582","value":13059.396525},{"valueType":"DOUBLE","timestamp":"1696675522","value":13058.982957},{"valueType":"DOUBLE","timestamp":"1696675462","value":13058.627933},{"valueType":"DOUBLE","timestamp":"1696675402","value":13058.195327},{"valueType":"DOUBLE","timestamp":"1696675342","value":13057.893698},{"valueType":"DOUBLE","timestamp":"1696675282","value":13057.556932},{"valueType":"DOUBLE","timestamp":"1696675222","value":13057.10971},{"valueType":"DOUBLE","timestamp":"1696675162","value":13056.76888},{"valueType":"DOUBLE","timestamp":"1696675102","value":13056.406451},{"valueType":"DOUBLE","timestamp":"1696675042","value":13056.027859},{"valueType":"DOUBLE","timestamp":"1696674982","value":13055.562975},{"valueType":"DOUBLE","timestamp":"1696674922","value":13055.293245},{"valueType":"DOUBLE","timestamp":"1696674862","value":13054.895554},{"valueType":"DOUBLE","timestamp":"1696674802","value":13054.453983},{"valueType":"DOUBLE","timestamp":"1696674742","value":13054.141551},{"valueType":"DOUBLE","timestamp":"1696674682","value":13053.733717},{"valueType":"DOUBLE","timestamp":"1696674622","value":13053.352439},{"valueType":"DOUBLE","timestamp":"1696674562","value":13052.980057},{"valueType":"DOUBLE","timestamp":"1696674502","value":13052.649665},{"valueType":"DOUBLE","timestamp":"1696674442","value":13052.214162},{"valueType":"DOUBLE","timestamp":"1696674382","value":13051.893212},{"valueType":"DOUBLE","timestamp":"1696674322","value":13051.471425},{"valueType":"DOUBLE","timestamp":"1696674262","value":13051.03262},{"valueType":"DOUBLE","timestamp":"1696674202","value":13050.76128},{"valueType":"DOUBLE","timestamp":"1696674142","value":13050.410349},{"valueType":"DOUBLE","timestamp":"1696674082","value":13050.026386},{"valueType":"DOUBLE","timestamp":"1696674022","value":13049.649201},{"valueType":"DOUBLE","timestamp":"1696673962","value":13049.232262},{"valueType":"DOUBLE","timestamp":"1696673902","value":13048.911869},{"valueType":"DOUBLE","timestamp":"1696673842","value":13048.552321},{"valueType":"DOUBLE","timestamp":"1696673782","value":13048.126166},{"valueType":"DOUBLE","timestamp":"1696673722","value":13047.840817},{"valueType":"DOUBLE","timestamp":"1696673662","value":13047.374214},{"valueType":"DOUBLE","timestamp":"1696673602","value":13047.029276},{"valueType":"DOUBLE","timestamp":"1696673542","value":13046.631072},{"valueType":"DOUBLE","timestamp":"1696673482","value":13046.32823},{"valueType":"DOUBLE","timestamp":"1696673422","value":13045.947826},{"valueType":"DOUBLE","timestamp":"1696673362","value":13045.502426},{"valueType":"DOUBLE","timestamp":"1696673302","value":13045.17805},{"valueType":"DOUBLE","timestamp":"1696673242","value":13044.811522},{"valueType":"DOUBLE","timestamp":"1696673182","value":13044.401882},{"valueType":"DOUBLE","timestamp":"1696673122","value":13043.99722},{"valueType":"DOUBLE","timestamp":"1696673062","value":13043.556924},{"valueType":"DOUBLE","timestamp":"1696673002","value":13043.288566},{"valueType":"DOUBLE","timestamp":"1696672942","value":13042.839922},{"valueType":"DOUBLE","timestamp":"1696672882","value":13042.517218},{"valueType":"DOUBLE","timestamp":"1696672822","value":13042.098826},{"valueType":"DOUBLE","timestamp":"1696672762","value":13041.778375},{"valueType":"DOUBLE","timestamp":"1696672702","value":13041.355958},{"valueType":"DOUBLE","timestamp":"1696672642","value":13041.016246},{"valueType":"DOUBLE","timestamp":"1696672582","value":13040.637888},{"valueType":"DOUBLE","timestamp":"1696672522","value":13040.192288},{"valueType":"DOUBLE","timestamp":"1696672462","value":13039.873819},{"valueType":"DOUBLE","timestamp":"1696672402","value":13039.437844},{"valueType":"DOUBLE","timestamp":"1696672342","value":13039.159917},{"valueType":"DOUBLE","timestamp":"1696672282","value":13038.703056},{"valueType":"DOUBLE","timestamp":"1696672222","value":13038.377671},{"valueType":"DOUBLE","timestamp":"1696672162","value":13037.990373},{"valueType":"DOUBLE","timestamp":"1696672102","value":13037.654166},{"valueType":"DOUBLE","timestamp":"1696672042","value":13037.264016},{"valueType":"DOUBLE","timestamp":"1696671982","value":13036.916684},{"valueType":"DOUBLE","timestamp":"1696671922","value":13036.53453},{"valueType":"DOUBLE","timestamp":"1696671862","value":13036.132697},{"valueType":"DOUBLE","timestamp":"1696671802","value":13035.807607},{"valueType":"DOUBLE","timestamp":"1696671742","value":13035.421371},{"valueType":"DOUBLE","timestamp":"1696671682","value":13035.001482},{"valueType":"DOUBLE","timestamp":"1696671622","value":13034.647331},{"valueType":"DOUBLE","timestamp":"1696671562","value":13034.251175},{"valueType":"DOUBLE","timestamp":"1696671502","value":13033.920791},{"valueType":"DOUBLE","timestamp":"1696671442","value":13033.543059},{"valueType":"DOUBLE","timestamp":"1696671382","value":13033.167606},{"valueType":"DOUBLE","timestamp":"1696671322","value":13032.712561},{"valueType":"DOUBLE","timestamp":"1696671262","value":13032.444712},{"valueType":"DOUBLE","timestamp":"1696671202","value":13032.016434},{"valueType":"DOUBLE","timestamp":"1696671142","value":13031.55993},{"valueType":"DOUBLE","timestamp":"1696671082","value":13031.210832},{"valueType":"DOUBLE","timestamp":"1696671022","value":13030.832486},{"valueType":"DOUBLE","timestamp":"1696670962","value":13030.489294},{"valueType":"DOUBLE","timestamp":"1696670902","value":13029.978903},{"valueType":"DOUBLE","timestamp":"1696670842","value":13029.578757},{"valueType":"DOUBLE","timestamp":"1696670782","value":13029.167379},{"valueType":"DOUBLE","timestamp":"1696670722","value":13028.638883},{"valueType":"DOUBLE","timestamp":"1696670662","value":13028.151977},{"valueType":"DOUBLE","timestamp":"1696670602","value":13027.85827},{"valueType":"DOUBLE","timestamp":"1696670542","value":13027.432707},{"valueType":"DOUBLE","timestamp":"1696670482","value":13026.94704},{"valueType":"DOUBLE","timestamp":"1696670422","value":13026.492569},{"valueType":"DOUBLE","timestamp":"1696670362","value":13026.076194},{"valueType":"DOUBLE","timestamp":"1696670302","value":13025.57843},{"valueType":"DOUBLE","timestamp":"1696670242","value":13025.204353},{"valueType":"DOUBLE","timestamp":"1696670182","value":13024.670248},{"valueType":"DOUBLE","timestamp":"1696670122","value":13024.287103},{"valueType":"DOUBLE","timestamp":"1696670062","value":13023.863841},{"valueType":"DOUBLE","timestamp":"1696670002","value":13023.448305},{"valueType":"DOUBLE","timestamp":"1696669942","value":13022.983037},{"valueType":"DOUBLE","timestamp":"1696669882","value":13022.701462},{"valueType":"DOUBLE","timestamp":"1696669822","value":13022.312961},{"valueType":"DOUBLE","timestamp":"1696669762","value":13022.022017},{"valueType":"DOUBLE","timestamp":"1696669702","value":13021.586958},{"valueType":"DOUBLE","timestamp":"1696669642","value":13021.238176},{"valueType":"DOUBLE","timestamp":"1696669582","value":13020.914074},{"valueType":"DOUBLE","timestamp":"1696669522","value":13020.469304},{"valueType":"DOUBLE","timestamp":"1696669462","value":13020.184501},{"valueType":"DOUBLE","timestamp":"1696669402","value":13019.799216},{"valueType":"DOUBLE","timestamp":"1696669342","value":13019.393728},{"valueType":"DOUBLE","timestamp":"1696669282","value":13019.10827},{"valueType":"DOUBLE","timestamp":"1696669222","value":13018.765057},{"valueType":"DOUBLE","timestamp":"1696669162","value":13018.316142},{"valueType":"DOUBLE","timestamp":"1696669102","value":13017.956743},{"valueType":"DOUBLE","timestamp":"1696669042","value":13017.642929},{"valueType":"DOUBLE","timestamp":"1696668982","value":13017.265794},{"valueType":"DOUBLE","timestamp":"1696668922","value":13016.850699},{"valueType":"DOUBLE","timestamp":"1696668862","value":13016.485317},{"valueType":"DOUBLE","timestamp":"1696668802","value":13016.130796},{"valueType":"DOUBLE","timestamp":"1696668742","value":13015.768938},{"valueType":"DOUBLE","timestamp":"1696668682","value":13015.309696},{"valueType":"DOUBLE","timestamp":"1696668622","value":13014.799601},{"valueType":"DOUBLE","timestamp":"1696668562","value":13014.403132},{"valueType":"DOUBLE","timestamp":"1696668502","value":13014.014879},{"valueType":"DOUBLE","timestamp":"1696668442","value":13013.618937},{"valueType":"DOUBLE","timestamp":"1696668382","value":13013.161411},{"valueType":"DOUBLE","timestamp":"1696668322","value":13012.691178},{"valueType":"DOUBLE","timestamp":"1696668262","value":13012.236157},{"valueType":"DOUBLE","timestamp":"1696668202","value":13011.832492},{"valueType":"DOUBLE","timestamp":"1696668142","value":13011.369881},{"valueType":"DOUBLE","timestamp":"1696668082","value":13010.810477},{"valueType":"DOUBLE","timestamp":"1696668022","value":13010.435815},{"valueType":"DOUBLE","timestamp":"1696667962","value":13009.89634},{"valueType":"DOUBLE","timestamp":"1696667902","value":13009.430035},{"valueType":"DOUBLE","timestamp":"1696667842","value":13009.095748},{"valueType":"DOUBLE","timestamp":"1696667782","value":13008.564992},{"valueType":"DOUBLE","timestamp":"1696667722","value":13008.199596},{"valueType":"DOUBLE","timestamp":"1696667662","value":13007.741948},{"valueType":"DOUBLE","timestamp":"1696667602","value":13007.256109},{"valueType":"DOUBLE","timestamp":"1696667542","value":13006.788968},{"valueType":"DOUBLE","timestamp":"1696667482","value":13006.422797},{"valueType":"DOUBLE","timestamp":"1696667422","value":13005.932431},{"valueType":"DOUBLE","timestamp":"1696667362","value":13005.45844},{"valueType":"DOUBLE","timestamp":"1696667302","value":13005.031181},{"valueType":"DOUBLE","timestamp":"1696667242","value":13004.650853},{"valueType":"DOUBLE","timestamp":"1696667182","value":13004.103987},{"valueType":"DOUBLE","timestamp":"1696667122","value":13003.735678},{"valueType":"DOUBLE","timestamp":"1696667062","value":13003.228652},{"valueType":"DOUBLE","timestamp":"1696667002","value":13002.894365},{"valueType":"DOUBLE","timestamp":"1696666942","value":13002.449187},{"valueType":"DOUBLE","timestamp":"1696666882","value":13001.999157},{"valueType":"DOUBLE","timestamp":"1696666822","value":13001.561506},{"valueType":"DOUBLE","timestamp":"1696666762","value":13001.23388},{"valueType":"DOUBLE","timestamp":"1696666702","value":13000.683855},{"valueType":"DOUBLE","timestamp":"1696666642","value":13000.202872},{"valueType":"DOUBLE","timestamp":"1696666582","value":12999.804174},{"valueType":"DOUBLE","timestamp":"1696666522","value":12999.348283},{"valueType":"DOUBLE","timestamp":"1696666462","value":12998.934287},{"valueType":"DOUBLE","timestamp":"1696666402","value":12998.498102},{"valueType":"DOUBLE","timestamp":"1696666342","value":12998.014333},{"valueType":"DOUBLE","timestamp":"1696666282","value":12997.555313},{"valueType":"DOUBLE","timestamp":"1696666222","value":12996.996967},{"valueType":"DOUBLE","timestamp":"1696666162","value":12996.69161},{"valueType":"DOUBLE","timestamp":"1696666102","value":12996.114128},{"valueType":"DOUBLE","timestamp":"1696666042","value":12995.709258},{"valueType":"DOUBLE","timestamp":"1696665982","value":12995.268933},{"valueType":"DOUBLE","timestamp":"1696665922","value":12994.814914},{"valueType":"DOUBLE","timestamp":"1696665862","value":12994.393977},{"valueType":"DOUBLE","timestamp":"1696665802","value":12993.907761},{"valueType":"DOUBLE","timestamp":"1696665742","value":12993.442196},{"valueType":"DOUBLE","timestamp":"1696665682","value":12992.930713},{"valueType":"DOUBLE","timestamp":"1696665622","value":12992.60343},{"valueType":"DOUBLE","timestamp":"1696665562","value":12992.203616},{"valueType":"DOUBLE","timestamp":"1696665502","value":12991.65905},{"valueType":"DOUBLE","timestamp":"1696665442","value":12991.309524},{"valueType":"DOUBLE","timestamp":"1696665382","value":12990.741307},{"valueType":"DOUBLE","timestamp":"1696665322","value":12990.397326},{"valueType":"DOUBLE","timestamp":"1696665262","value":12989.85131},{"valueType":"DOUBLE","timestamp":"1696665202","value":12989.506523},{"valueType":"DOUBLE","timestamp":"1696665142","value":12989.063227},{"valueType":"DOUBLE","timestamp":"1696665082","value":12988.606288},{"valueType":"DOUBLE","timestamp":"1696665022","value":12988.102386},{"valueType":"DOUBLE","timestamp":"1696664962","value":12987.658783},{"valueType":"DOUBLE","timestamp":"1696664902","value":12987.214201},{"valueType":"DOUBLE","timestamp":"1696664842","value":12986.742276},{"valueType":"DOUBLE","timestamp":"1696664782","value":12986.334716},{"valueType":"DOUBLE","timestamp":"1696664722","value":12985.881837},{"valueType":"DOUBLE","timestamp":"1696664662","value":12985.512305},{"valueType":"DOUBLE","timestamp":"1696664602","value":12985.101151},{"valueType":"DOUBLE","timestamp":"1696664542","value":12984.656542},{"valueType":"DOUBLE","timestamp":"1696664482","value":12984.250072},{"valueType":"DOUBLE","timestamp":"1696664422","value":12983.829525},{"valueType":"DOUBLE","timestamp":"1696664362","value":12983.321519},{"valueType":"DOUBLE","timestamp":"1696664302","value":12983.019109},{"valueType":"DOUBLE","timestamp":"1696664242","value":12982.570666},{"valueType":"DOUBLE","timestamp":"1696664182","value":12982.092912},{"valueType":"DOUBLE","timestamp":"1696664122","value":12981.584341},{"valueType":"DOUBLE","timestamp":"1696664062","value":12981.20863},{"valueType":"DOUBLE","timestamp":"1696664002","value":12980.756968},{"valueType":"DOUBLE","timestamp":"1696663942","value":12980.330657},{"valueType":"DOUBLE","timestamp":"1696663882","value":12979.865821},{"valueType":"DOUBLE","timestamp":"1696663822","value":12979.346159},{"valueType":"DOUBLE","timestamp":"1696663762","value":12978.897368},{"valueType":"DOUBLE","timestamp":"1696663702","value":12978.508533},{"valueType":"DOUBLE","timestamp":"1696663642","value":12978.058048},{"valueType":"DOUBLE","timestamp":"1696663582","value":12977.548729},{"valueType":"DOUBLE","timestamp":"1696663522","value":12977.10249},{"valueType":"DOUBLE","timestamp":"1696663462","value":12976.745099},{"valueType":"DOUBLE","timestamp":"1696663402","value":12976.30753},{"valueType":"DOUBLE","timestamp":"1696663342","value":12975.857785},{"valueType":"DOUBLE","timestamp":"1696663282","value":12975.400237},{"valueType":"DOUBLE","timestamp":"1696663222","value":12974.934326},{"valueType":"DOUBLE","timestamp":"1696663162","value":12974.463905},{"valueType":"DOUBLE","timestamp":"1696663102","value":12974.04646},{"valueType":"DOUBLE","timestamp":"1696663042","value":12973.632143},{"valueType":"DOUBLE","timestamp":"1696662982","value":12973.116976},{"valueType":"DOUBLE","timestamp":"1696662922","value":12972.690503},{"valueType":"DOUBLE","timestamp":"1696662862","value":12972.304042},{"valueType":"DOUBLE","timestamp":"1696662802","value":12971.848048},{"valueType":"DOUBLE","timestamp":"1696662742","value":12971.517956},{"valueType":"DOUBLE","timestamp":"1696662682","value":12971.048277},{"valueType":"DOUBLE","timestamp":"1696662622","value":12970.58406},{"valueType":"DOUBLE","timestamp":"1696662562","value":12970.084137},{"valueType":"DOUBLE","timestamp":"1696662502","value":12969.690116},{"valueType":"DOUBLE","timestamp":"1696662442","value":12969.216959},{"valueType":"DOUBLE","timestamp":"1696662382","value":12968.773583},{"valueType":"DOUBLE","timestamp":"1696662322","value":12968.34132},{"valueType":"DOUBLE","timestamp":"1696662262","value":12967.999959},{"valueType":"DOUBLE","timestamp":"1696662202","value":12967.585424},{"valueType":"DOUBLE","timestamp":"1696662142","value":12967.12849},{"valueType":"DOUBLE","timestamp":"1696662082","value":12966.672321},{"valueType":"DOUBLE","timestamp":"1696662022","value":12966.121579},{"valueType":"DOUBLE","timestamp":"1696661962","value":12965.743978},{"valueType":"DOUBLE","timestamp":"1696661902","value":12965.389605},{"valueType":"DOUBLE","timestamp":"1696661842","value":12964.91946},{"valueType":"DOUBLE","timestamp":"1696661782","value":12964.389379},{"valueType":"DOUBLE","timestamp":"1696661722","value":12964.024379},{"valueType":"DOUBLE","timestamp":"1696661662","value":12963.620793},{"valueType":"DOUBLE","timestamp":"1696661602","value":12963.189411},{"valueType":"DOUBLE","timestamp":"1696661542","value":12962.697949},{"valueType":"DOUBLE","timestamp":"1696661482","value":12962.234419},{"valueType":"DOUBLE","timestamp":"1696661422","value":12961.844335},{"valueType":"DOUBLE","timestamp":"1696661362","value":12961.38909},{"valueType":"DOUBLE","timestamp":"1696661302","value":12960.893303},{"valueType":"DOUBLE","timestamp":"1696661242","value":12960.502518},{"valueType":"DOUBLE","timestamp":"1696661182","value":12960.097012},{"valueType":"DOUBLE","timestamp":"1696661122","value":12959.604992},{"valueType":"DOUBLE","timestamp":"1696661062","value":12959.090935},{"valueType":"DOUBLE","timestamp":"1696661002","value":12958.746817},{"valueType":"DOUBLE","timestamp":"1696660942","value":12958.340635},{"valueType":"DOUBLE","timestamp":"1696660882","value":12957.80187},{"valueType":"DOUBLE","timestamp":"1696660822","value":12957.369998},{"valueType":"DOUBLE","timestamp":"1696660762","value":12956.921141},{"valueType":"DOUBLE","timestamp":"1696660702","value":12956.464154},{"valueType":"DOUBLE","timestamp":"1696660642","value":12956.000731},{"valueType":"DOUBLE","timestamp":"1696660582","value":12955.561043},{"valueType":"DOUBLE","timestamp":"1696660522","value":12955.123551},{"valueType":"DOUBLE","timestamp":"1696660462","value":12954.671295},{"valueType":"DOUBLE","timestamp":"1696660402","value":12954.206958},{"valueType":"DOUBLE","timestamp":"1696660342","value":12953.780735},{"valueType":"DOUBLE","timestamp":"1696660282","value":12953.350537},{"valueType":"DOUBLE","timestamp":"1696660222","value":12952.948334},{"valueType":"DOUBLE","timestamp":"1696660162","value":12952.469038},{"valueType":"DOUBLE","timestamp":"1696660102","value":12952.032754},{"valueType":"DOUBLE","timestamp":"1696660042","value":12951.613416},{"valueType":"DOUBLE","timestamp":"1696659982","value":12951.095376},{"valueType":"DOUBLE","timestamp":"1696659922","value":12950.661888},{"valueType":"DOUBLE","timestamp":"1696659862","value":12950.227848},{"valueType":"DOUBLE","timestamp":"1696659802","value":12949.786016},{"valueType":"DOUBLE","timestamp":"1696659742","value":12949.389944},{"valueType":"DOUBLE","timestamp":"1696659682","value":12948.983965},{"valueType":"DOUBLE","timestamp":"1696659622","value":12948.506166},{"valueType":"DOUBLE","timestamp":"1696659562","value":12948.123887},{"valueType":"DOUBLE","timestamp":"1696659502","value":12947.737134},{"valueType":"DOUBLE","timestamp":"1696659442","value":12947.22402},{"valueType":"DOUBLE","timestamp":"1696659382","value":12946.84053},{"valueType":"DOUBLE","timestamp":"1696659322","value":12946.404683},{"valueType":"DOUBLE","timestamp":"1696659262","value":12945.837517},{"valueType":"DOUBLE","timestamp":"1696659202","value":12945.522144},{"valueType":"DOUBLE","timestamp":"1696659142","value":12945.068122},{"valueType":"DOUBLE","timestamp":"1696659082","value":12944.647428},{"valueType":"DOUBLE","timestamp":"1696659022","value":12944.206666},{"valueType":"DOUBLE","timestamp":"1696658962","value":12943.729575},{"valueType":"DOUBLE","timestamp":"1696658902","value":12943.360512},{"valueType":"DOUBLE","timestamp":"1696658842","value":12942.906306},{"valueType":"DOUBLE","timestamp":"1696658782","value":12942.381531},{"valueType":"DOUBLE","timestamp":"1696658722","value":12941.948514},{"valueType":"DOUBLE","timestamp":"1696658662","value":12941.553982},{"valueType":"DOUBLE","timestamp":"1696658602","value":12941.134459},{"valueType":"DOUBLE","timestamp":"1696658542","value":12940.688576},{"valueType":"DOUBLE","timestamp":"1696658482","value":12940.212849},{"valueType":"DOUBLE","timestamp":"1696658422","value":12939.766026},{"valueType":"DOUBLE","timestamp":"1696658362","value":12939.38413},{"valueType":"DOUBLE","timestamp":"1696658302","value":12938.857842},{"valueType":"DOUBLE","timestamp":"1696658242","value":12938.420721},{"valueType":"DOUBLE","timestamp":"1696658182","value":12938.002159},{"valueType":"DOUBLE","timestamp":"1696658122","value":12937.597751},{"valueType":"DOUBLE","timestamp":"1696658062","value":12937.19943},{"valueType":"DOUBLE","timestamp":"1696658002","value":12936.758596},{"valueType":"DOUBLE","timestamp":"1696657942","value":12936.38149},{"valueType":"DOUBLE","timestamp":"1696657882","value":12935.881909},{"valueType":"DOUBLE","timestamp":"1696657822","value":12935.41791},{"valueType":"DOUBLE","timestamp":"1696657762","value":12934.962262},{"valueType":"DOUBLE","timestamp":"1696657702","value":12934.611529},{"valueType":"DOUBLE","timestamp":"1696657642","value":12934.175744},{"valueType":"DOUBLE","timestamp":"1696657582","value":12933.705749},{"valueType":"DOUBLE","timestamp":"1696657522","value":12933.259093},{"valueType":"DOUBLE","timestamp":"1696657462","value":12932.831855},{"valueType":"DOUBLE","timestamp":"1696657402","value":12932.349574},{"valueType":"DOUBLE","timestamp":"1696657342","value":12931.991639},{"valueType":"DOUBLE","timestamp":"1696657282","value":12931.565466},{"valueType":"DOUBLE","timestamp":"1696657222","value":12930.993498},{"valueType":"DOUBLE","timestamp":"1696657162","value":12930.553228},{"valueType":"DOUBLE","timestamp":"1696657102","value":12930.198158},{"valueType":"DOUBLE","timestamp":"1696657042","value":12929.681374},{"valueType":"DOUBLE","timestamp":"1696656982","value":12929.285396},{"valueType":"DOUBLE","timestamp":"1696656922","value":12928.869284},{"valueType":"DOUBLE","timestamp":"1696656862","value":12928.488219},{"valueType":"DOUBLE","timestamp":"1696656802","value":12927.996234},{"valueType":"DOUBLE","timestamp":"1696656742","value":12927.523618},{"valueType":"DOUBLE","timestamp":"1696656682","value":12927.090945},{"valueType":"DOUBLE","timestamp":"1696656622","value":12926.605231},{"valueType":"DOUBLE","timestamp":"1696656562","value":12926.233195},{"valueType":"DOUBLE","timestamp":"1696656502","value":12925.766385},{"valueType":"DOUBLE","timestamp":"1696656442","value":12925.314005},{"valueType":"DOUBLE","timestamp":"1696656382","value":12924.951531},{"valueType":"DOUBLE","timestamp":"1696656322","value":12924.474352},{"valueType":"DOUBLE","timestamp":"1696656262","value":12924.035795},{"valueType":"DOUBLE","timestamp":"1696656202","value":12923.649368},{"valueType":"DOUBLE","timestamp":"1696656142","value":12923.224199},{"valueType":"DOUBLE","timestamp":"1696656082","value":12922.706973},{"valueType":"DOUBLE","timestamp":"1696656022","value":12922.359987},{"valueType":"DOUBLE","timestamp":"1696655962","value":12921.870412},{"valueType":"DOUBLE","timestamp":"1696655902","value":12921.495388},{"valueType":"DOUBLE","timestamp":"1696655842","value":12921.05858},{"valueType":"DOUBLE","timestamp":"1696655782","value":12920.592881},{"valueType":"DOUBLE","timestamp":"1696655722","value":12920.239833},{"valueType":"DOUBLE","timestamp":"1696655662","value":12919.794538},{"valueType":"DOUBLE","timestamp":"1696655602","value":12919.349998},{"valueType":"DOUBLE","timestamp":"1696655542","value":12918.893926},{"valueType":"DOUBLE","timestamp":"1696655482","value":12918.390173},{"valueType":"DOUBLE","timestamp":"1696655422","value":12918.001645},{"valueType":"DOUBLE","timestamp":"1696655362","value":12917.552357},{"valueType":"DOUBLE","timestamp":"1696655302","value":12917.101542},{"valueType":"DOUBLE","timestamp":"1696655242","value":12916.684656},{"valueType":"DOUBLE","timestamp":"1696655182","value":12916.22369},{"valueType":"DOUBLE","timestamp":"1696655122","value":12915.665202},{"valueType":"DOUBLE","timestamp":"1696655062","value":12915.325501},{"valueType":"DOUBLE","timestamp":"1696655002","value":12914.852756},{"valueType":"DOUBLE","timestamp":"1696654942","value":12914.454338},{"valueType":"DOUBLE","timestamp":"1696654882","value":12913.868886},{"valueType":"DOUBLE","timestamp":"1696654822","value":12913.493042},{"valueType":"DOUBLE","timestamp":"1696654762","value":12913.091298},{"valueType":"DOUBLE","timestamp":"1696654702","value":12912.576901},{"valueType":"DOUBLE","timestamp":"1696654642","value":12912.107236},{"valueType":"DOUBLE","timestamp":"1696654582","value":12911.687313},{"valueType":"DOUBLE","timestamp":"1696654522","value":12911.253582},{"valueType":"DOUBLE","timestamp":"1696654462","value":12910.80472},{"valueType":"DOUBLE","timestamp":"1696654402","value":12910.398697},{"valueType":"DOUBLE","timestamp":"1696654342","value":12909.938369},{"valueType":"DOUBLE","timestamp":"1696654282","value":12909.621611},{"valueType":"DOUBLE","timestamp":"1696654222","value":12909.116613},{"valueType":"DOUBLE","timestamp":"1696654162","value":12908.722223},{"valueType":"DOUBLE","timestamp":"1696654102","value":12908.276618},{"valueType":"DOUBLE","timestamp":"1696654042","value":12907.845671},{"valueType":"DOUBLE","timestamp":"1696653982","value":12907.451627},{"valueType":"DOUBLE","timestamp":"1696653922","value":12906.962423},{"valueType":"DOUBLE","timestamp":"1696653862","value":12906.583831},{"valueType":"DOUBLE","timestamp":"1696653802","value":12906.100298},{"valueType":"DOUBLE","timestamp":"1696653742","value":12905.694577},{"valueType":"DOUBLE","timestamp":"1696653682","value":12905.18316},{"valueType":"DOUBLE","timestamp":"1696653622","value":12904.815815},{"valueType":"DOUBLE","timestamp":"1696653562","value":12904.421426},{"valueType":"DOUBLE","timestamp":"1696653502","value":12903.969999},{"valueType":"DOUBLE","timestamp":"1696653442","value":12903.444872},{"valueType":"DOUBLE","timestamp":"1696653382","value":12903.040557},{"valueType":"DOUBLE","timestamp":"1696653322","value":12902.619555},{"valueType":"DOUBLE","timestamp":"1696653262","value":12902.089415},{"valueType":"DOUBLE","timestamp":"1696653202","value":12901.701432},{"valueType":"DOUBLE","timestamp":"1696653142","value":12901.248577},{"valueType":"DOUBLE","timestamp":"1696653082","value":12900.779142},{"valueType":"DOUBLE","timestamp":"1696653022","value":12900.421349},{"valueType":"DOUBLE","timestamp":"1696652962","value":12899.887128},{"valueType":"DOUBLE","timestamp":"1696652902","value":12899.472976},{"valueType":"DOUBLE","timestamp":"1696652842","value":12899.083527},{"valueType":"DOUBLE","timestamp":"1696652782","value":12898.522864},{"valueType":"DOUBLE","timestamp":"1696652722","value":12898.172069},{"valueType":"DOUBLE","timestamp":"1696652662","value":12897.802002},{"valueType":"DOUBLE","timestamp":"1696652602","value":12897.357127},{"valueType":"DOUBLE","timestamp":"1696652542","value":12896.926191},{"valueType":"DOUBLE","timestamp":"1696652482","value":12896.458316},{"valueType":"DOUBLE","timestamp":"1696652422","value":12895.999108},{"valueType":"DOUBLE","timestamp":"1696652362","value":12895.57964},{"valueType":"DOUBLE","timestamp":"1696652302","value":12895.190601},{"valueType":"DOUBLE","timestamp":"1696652242","value":12894.636969},{"valueType":"DOUBLE","timestamp":"1696652182","value":12894.280798},{"valueType":"DOUBLE","timestamp":"1696652122","value":12893.81798},{"valueType":"DOUBLE","timestamp":"1696652062","value":12893.446184},{"valueType":"DOUBLE","timestamp":"1696652002","value":12892.904546},{"valueType":"DOUBLE","timestamp":"1696651942","value":12892.381558},{"valueType":"DOUBLE","timestamp":"1696651882","value":12892.008406},{"valueType":"DOUBLE","timestamp":"1696651822","value":12891.564171},{"valueType":"DOUBLE","timestamp":"1696651762","value":12891.139636},{"valueType":"DOUBLE","timestamp":"1696651702","value":12890.672881},{"valueType":"DOUBLE","timestamp":"1696651642","value":12890.297619},{"valueType":"DOUBLE","timestamp":"1696651582","value":12889.753363},{"valueType":"DOUBLE","timestamp":"1696651522","value":12889.385366},{"valueType":"DOUBLE","timestamp":"1696651462","value":12888.885981},{"valueType":"DOUBLE","timestamp":"1696651402","value":12888.485984},{"valueType":"DOUBLE","timestamp":"1696651342","value":12888.070046},{"valueType":"DOUBLE","timestamp":"1696651282","value":12887.54336},{"valueType":"DOUBLE","timestamp":"1696651222","value":12887.093305},{"valueType":"DOUBLE","timestamp":"1696651162","value":12886.75927},{"valueType":"DOUBLE","timestamp":"1696651102","value":12886.318307},{"valueType":"DOUBLE","timestamp":"1696651042","value":12885.882573},{"valueType":"DOUBLE","timestamp":"1696650982","value":12885.373881},{"valueType":"DOUBLE","timestamp":"1696650922","value":12884.960857},{"valueType":"DOUBLE","timestamp":"1696650862","value":12884.510904},{"valueType":"DOUBLE","timestamp":"1696650802","value":12884.087886},{"valueType":"DOUBLE","timestamp":"1696650742","value":12883.677208},{"valueType":"DOUBLE","timestamp":"1696650682","value":12883.34115},{"valueType":"DOUBLE","timestamp":"1696650622","value":12882.81267},{"valueType":"DOUBLE","timestamp":"1696650562","value":12882.447136},{"valueType":"DOUBLE","timestamp":"1696650502","value":12881.989164},{"valueType":"DOUBLE","timestamp":"1696650442","value":12881.480537},{"valueType":"DOUBLE","timestamp":"1696650382","value":12881.137705},{"valueType":"DOUBLE","timestamp":"1696650322","value":12880.594474},{"valueType":"DOUBLE","timestamp":"1696650262","value":12880.162784},{"valueType":"DOUBLE","timestamp":"1696650202","value":12879.776091},{"valueType":"DOUBLE","timestamp":"1696650142","value":12879.306714},{"valueType":"DOUBLE","timestamp":"1696650082","value":12878.892303},{"valueType":"DOUBLE","timestamp":"1696650022","value":12878.402732},{"valueType":"DOUBLE","timestamp":"1696649962","value":12878.026817},{"valueType":"DOUBLE","timestamp":"1696649902","value":12877.524618},{"valueType":"DOUBLE","timestamp":"1696649842","value":12877.131061},{"valueType":"DOUBLE","timestamp":"1696649782","value":12876.595858},{"valueType":"DOUBLE","timestamp":"1696649722","value":12876.131011},{"valueType":"DOUBLE","timestamp":"1696649662","value":12875.77479},{"valueType":"DOUBLE","timestamp":"1696649602","value":12875.32493},{"valueType":"DOUBLE","timestamp":"1696649542","value":12874.913462},{"valueType":"DOUBLE","timestamp":"1696649482","value":12874.382195},{"valueType":"DOUBLE","timestamp":"1696649422","value":12873.838848},{"valueType":"DOUBLE","timestamp":"1696649362","value":12873.481415},{"valueType":"DOUBLE","timestamp":"1696649302","value":12873.086457},{"valueType":"DOUBLE","timestamp":"1696649242","value":12872.64748},{"valueType":"DOUBLE","timestamp":"1696649182","value":12872.104339},{"valueType":"DOUBLE","timestamp":"1696649122","value":12871.702903},{"valueType":"DOUBLE","timestamp":"1696649062","value":12871.331467},{"valueType":"DOUBLE","timestamp":"1696649002","value":12870.890622},{"valueType":"DOUBLE","timestamp":"1696648942","value":12870.478339},{"valueType":"DOUBLE","timestamp":"1696648882","value":12869.965931},{"valueType":"DOUBLE","timestamp":"1696648822","value":12869.550739},{"valueType":"DOUBLE","timestamp":"1696648762","value":12869.040325},{"valueType":"DOUBLE","timestamp":"1696648702","value":12868.700958},{"valueType":"DOUBLE","timestamp":"1696648642","value":12868.176117},{"valueType":"DOUBLE","timestamp":"1696648582","value":12867.765486},{"valueType":"DOUBLE","timestamp":"1696648522","value":12867.301299},{"valueType":"DOUBLE","timestamp":"1696648462","value":12866.944336},{"valueType":"DOUBLE","timestamp":"1696648402","value":12866.395715},{"valueType":"DOUBLE","timestamp":"1696648342","value":12865.983471},{"valueType":"DOUBLE","timestamp":"1696648282","value":12865.565175},{"valueType":"DOUBLE","timestamp":"1696648222","value":12865.008638},{"valueType":"DOUBLE","timestamp":"1696648162","value":12864.632041},{"valueType":"DOUBLE","timestamp":"1696648102","value":12864.095868},{"valueType":"DOUBLE","timestamp":"1696648042","value":12863.778418},{"valueType":"DOUBLE","timestamp":"1696647982","value":12863.228918},{"valueType":"DOUBLE","timestamp":"1696647922","value":12862.85337},{"valueType":"DOUBLE","timestamp":"1696647862","value":12862.409906},{"valueType":"DOUBLE","timestamp":"1696647802","value":12861.905207},{"valueType":"DOUBLE","timestamp":"1696647742","value":12861.528241},{"valueType":"DOUBLE","timestamp":"1696647682","value":12861.013539},{"valueType":"DOUBLE","timestamp":"1696647622","value":12860.566868},{"valueType":"DOUBLE","timestamp":"1696647562","value":12860.119505},{"valueType":"DOUBLE","timestamp":"1696647502","value":12859.660021},{"valueType":"DOUBLE","timestamp":"1696647442","value":12859.276872},{"valueType":"DOUBLE","timestamp":"1696647382","value":12858.759821},{"valueType":"DOUBLE","timestamp":"1696647322","value":12858.357637},{"valueType":"DOUBLE","timestamp":"1696647262","value":12857.908627},{"valueType":"DOUBLE","timestamp":"1696647202","value":12857.580587},{"valueType":"DOUBLE","timestamp":"1696647142","value":12857.078316},{"valueType":"DOUBLE","timestamp":"1696647082","value":12856.711698},{"valueType":"DOUBLE","timestamp":"1696647022","value":12856.266103},{"valueType":"DOUBLE","timestamp":"1696646962","value":12855.672755},{"valueType":"DOUBLE","timestamp":"1696646902","value":12855.237224},{"valueType":"DOUBLE","timestamp":"1696646842","value":12854.813161},{"valueType":"DOUBLE","timestamp":"1696646782","value":12854.420184},{"valueType":"DOUBLE","timestamp":"1696646722","value":12853.852446},{"valueType":"DOUBLE","timestamp":"1696646662","value":12853.487457},{"valueType":"DOUBLE","timestamp":"1696646602","value":12853.038704},{"valueType":"DOUBLE","timestamp":"1696646542","value":12852.446725},{"valueType":"DOUBLE","timestamp":"1696646482","value":12852.030952},{"valueType":"DOUBLE","timestamp":"1696646422","value":12851.593615},{"valueType":"DOUBLE","timestamp":"1696646362","value":12851.096024},{"valueType":"DOUBLE","timestamp":"1696646302","value":12850.712043},{"valueType":"DOUBLE","timestamp":"1696646242","value":12850.314426},{"valueType":"DOUBLE","timestamp":"1696646182","value":12849.798445},{"valueType":"DOUBLE","timestamp":"1696646122","value":12849.372144},{"valueType":"DOUBLE","timestamp":"1696646062","value":12848.897685},{"valueType":"DOUBLE","timestamp":"1696646002","value":12848.538002},{"valueType":"DOUBLE","timestamp":"1696645942","value":12848.066916},{"valueType":"DOUBLE","timestamp":"1696645882","value":12847.610916},{"valueType":"DOUBLE","timestamp":"1696645822","value":12847.116718},{"valueType":"DOUBLE","timestamp":"1696645762","value":12846.712282},{"valueType":"DOUBLE","timestamp":"1696645702","value":12846.305268},{"valueType":"DOUBLE","timestamp":"1696645642","value":12845.835203},{"valueType":"DOUBLE","timestamp":"1696645582","value":12845.45815},{"valueType":"DOUBLE","timestamp":"1696645522","value":12845.051362},{"valueType":"DOUBLE","timestamp":"1696645462","value":12844.516016},{"valueType":"DOUBLE","timestamp":"1696645402","value":12844.137587},{"valueType":"DOUBLE","timestamp":"1696645342","value":12843.714071},{"valueType":"DOUBLE","timestamp":"1696645282","value":12843.279377},{"valueType":"DOUBLE","timestamp":"1696645222","value":12842.797663},{"valueType":"DOUBLE","timestamp":"1696645162","value":12842.416881},{"valueType":"DOUBLE","timestamp":"1696645102","value":12842.012495},{"valueType":"DOUBLE","timestamp":"1696645042","value":12841.431763},{"valueType":"DOUBLE","timestamp":"1696644982","value":12840.979569},{"valueType":"DOUBLE","timestamp":"1696644922","value":12840.543398},{"valueType":"DOUBLE","timestamp":"1696644862","value":12840.141552},{"valueType":"DOUBLE","timestamp":"1696644802","value":12839.596491},{"valueType":"DOUBLE","timestamp":"1696644742","value":12839.145435},{"valueType":"DOUBLE","timestamp":"1696644682","value":12838.800389},{"valueType":"DOUBLE","timestamp":"1696644622","value":12838.345897},{"valueType":"DOUBLE","timestamp":"1696644562","value":12837.825543},{"valueType":"DOUBLE","timestamp":"1696644502","value":12837.457086},{"valueType":"DOUBLE","timestamp":"1696644442","value":12837.000116},{"valueType":"DOUBLE","timestamp":"1696644382","value":12836.534946},{"valueType":"DOUBLE","timestamp":"1696644322","value":12836.078131},{"valueType":"DOUBLE","timestamp":"1696644262","value":12835.655153},{"valueType":"DOUBLE","timestamp":"1696644202","value":12835.180774},{"valueType":"DOUBLE","timestamp":"1696644142","value":12834.708127},{"valueType":"DOUBLE","timestamp":"1696644082","value":12834.245682},{"valueType":"DOUBLE","timestamp":"1696644022","value":12833.739766},{"valueType":"DOUBLE","timestamp":"1696643962","value":12833.265135},{"valueType":"DOUBLE","timestamp":"1696643902","value":12832.780746},{"valueType":"DOUBLE","timestamp":"1696643842","value":12832.302971},{"valueType":"DOUBLE","timestamp":"1696643782","value":12831.906666},{"valueType":"DOUBLE","timestamp":"1696643722","value":12831.410974},{"valueType":"DOUBLE","timestamp":"1696643662","value":12830.980716},{"valueType":"DOUBLE","timestamp":"1696643602","value":12830.55335},{"valueType":"DOUBLE","timestamp":"1696643542","value":12830.07183},{"valueType":"DOUBLE","timestamp":"1696643482","value":12829.641622},{"valueType":"DOUBLE","timestamp":"1696643422","value":12829.113977},{"valueType":"DOUBLE","timestamp":"1696643362","value":12828.60996},{"valueType":"DOUBLE","timestamp":"1696643302","value":12828.202044},{"valueType":"DOUBLE","timestamp":"1696643242","value":12827.652522},{"valueType":"DOUBLE","timestamp":"1696643182","value":12827.138339},{"valueType":"DOUBLE","timestamp":"1696643122","value":12826.726196},{"valueType":"DOUBLE","timestamp":"1696643062","value":12826.273269},{"valueType":"DOUBLE","timestamp":"1696643002","value":12825.802258},{"valueType":"DOUBLE","timestamp":"1696642942","value":12825.364477},{"valueType":"DOUBLE","timestamp":"1696642882","value":12824.906038},{"valueType":"DOUBLE","timestamp":"1696642822","value":12824.378831},{"valueType":"DOUBLE","timestamp":"1696642762","value":12823.755351},{"valueType":"DOUBLE","timestamp":"1696642702","value":12823.405698},{"valueType":"DOUBLE","timestamp":"1696642642","value":12822.96667},{"valueType":"DOUBLE","timestamp":"1696642582","value":12822.394532},{"valueType":"DOUBLE","timestamp":"1696642522","value":12821.976624},{"valueType":"DOUBLE","timestamp":"1696642462","value":12821.534993},{"valueType":"DOUBLE","timestamp":"1696642402","value":12821.090022},{"valueType":"DOUBLE","timestamp":"1696642342","value":12820.525921},{"valueType":"DOUBLE","timestamp":"1696642282","value":12820.026337},{"valueType":"DOUBLE","timestamp":"1696642222","value":12819.554864},{"valueType":"DOUBLE","timestamp":"1696642162","value":12819.129964},{"valueType":"DOUBLE","timestamp":"1696642102","value":12818.688619},{"valueType":"DOUBLE","timestamp":"1696642042","value":12818.267332},{"valueType":"DOUBLE","timestamp":"1696641982","value":12817.817506},{"valueType":"DOUBLE","timestamp":"1696641922","value":12817.241949},{"valueType":"DOUBLE","timestamp":"1696641862","value":12816.788407},{"valueType":"DOUBLE","timestamp":"1696641802","value":12816.316956},{"valueType":"DOUBLE","timestamp":"1696641742","value":12815.852495},{"valueType":"DOUBLE","timestamp":"1696641682","value":12815.383286},{"valueType":"DOUBLE","timestamp":"1696641622","value":12814.999401},{"valueType":"DOUBLE","timestamp":"1696641562","value":12814.499477},{"valueType":"DOUBLE","timestamp":"1696641502","value":12813.991514},{"valueType":"DOUBLE","timestamp":"1696641442","value":12813.571475},{"valueType":"DOUBLE","timestamp":"1696641382","value":12813.048454},{"valueType":"DOUBLE","timestamp":"1696641322","value":12812.60502},{"valueType":"DOUBLE","timestamp":"1696641262","value":12812.175819},{"valueType":"DOUBLE","timestamp":"1696641202","value":12811.608737},{"valueType":"DOUBLE","timestamp":"1696641142","value":12811.251535},{"valueType":"DOUBLE","timestamp":"1696641082","value":12810.706751},{"valueType":"DOUBLE","timestamp":"1696641022","value":12810.288611},{"valueType":"DOUBLE","timestamp":"1696640962","value":12809.836115},{"valueType":"DOUBLE","timestamp":"1696640902","value":12809.266848},{"valueType":"DOUBLE","timestamp":"1696640842","value":12808.85332},{"valueType":"DOUBLE","timestamp":"1696640782","value":12808.32356},{"valueType":"DOUBLE","timestamp":"1696640722","value":12807.853345},{"valueType":"DOUBLE","timestamp":"1696640662","value":12807.438355},{"valueType":"DOUBLE","timestamp":"1696640602","value":12806.949963},{"valueType":"DOUBLE","timestamp":"1696640542","value":12806.508886},{"valueType":"DOUBLE","timestamp":"1696640482","value":12806.041972},{"valueType":"DOUBLE","timestamp":"1696640422","value":12805.570689},{"valueType":"DOUBLE","timestamp":"1696640362","value":12805.123774},{"valueType":"DOUBLE","timestamp":"1696640302","value":12804.64378},{"valueType":"DOUBLE","timestamp":"1696640242","value":12804.057005},{"valueType":"DOUBLE","timestamp":"1696640182","value":12803.619944},{"valueType":"DOUBLE","timestamp":"1696640122","value":12803.13333},{"valueType":"DOUBLE","timestamp":"1696640062","value":12802.767719},{"valueType":"DOUBLE","timestamp":"1696640002","value":12802.352565},{"valueType":"DOUBLE","timestamp":"1696639942","value":12801.87598},{"valueType":"DOUBLE","timestamp":"1696639882","value":12801.316846},{"valueType":"DOUBLE","timestamp":"1696639822","value":12800.824204},{"valueType":"DOUBLE","timestamp":"1696639762","value":12800.377955},{"valueType":"DOUBLE","timestamp":"1696639702","value":12799.988084},{"valueType":"DOUBLE","timestamp":"1696639642","value":12799.446994},{"valueType":"DOUBLE","timestamp":"1696639582","value":12798.992048},{"valueType":"DOUBLE","timestamp":"1696639522","value":12798.539987},{"valueType":"DOUBLE","timestamp":"1696639462","value":12798.093992},{"valueType":"DOUBLE","timestamp":"1696639402","value":12797.689369},{"valueType":"DOUBLE","timestamp":"1696639342","value":12797.196673},{"valueType":"DOUBLE","timestamp":"1696639282","value":12796.688508},{"valueType":"DOUBLE","timestamp":"1696639222","value":12796.143338},{"valueType":"DOUBLE","timestamp":"1696639162","value":12795.732012},{"valueType":"DOUBLE","timestamp":"1696639102","value":12795.205709},{"valueType":"DOUBLE","timestamp":"1696639042","value":12794.792015},{"valueType":"DOUBLE","timestamp":"1696638982","value":12794.200552},{"valueType":"DOUBLE","timestamp":"1696638922","value":12793.761577},{"valueType":"DOUBLE","timestamp":"1696638862","value":12793.346617},{"valueType":"DOUBLE","timestamp":"1696638802","value":12792.912314},{"valueType":"DOUBLE","timestamp":"1696638742","value":12792.329929},{"valueType":"DOUBLE","timestamp":"1696638682","value":12791.940928},{"valueType":"DOUBLE","timestamp":"1696638622","value":12791.416087},{"valueType":"DOUBLE","timestamp":"1696638562","value":12790.985617},{"valueType":"DOUBLE","timestamp":"1696638502","value":12790.510728},{"valueType":"DOUBLE","timestamp":"1696638442","value":12790.068191},{"valueType":"DOUBLE","timestamp":"1696638382","value":12789.530772},{"valueType":"DOUBLE","timestamp":"1696638322","value":12789.143639},{"valueType":"DOUBLE","timestamp":"1696638262","value":12788.702602},{"valueType":"DOUBLE","timestamp":"1696638202","value":12788.117013},{"valueType":"DOUBLE","timestamp":"1696638142","value":12787.699401},{"valueType":"DOUBLE","timestamp":"1696638082","value":12787.227779},{"valueType":"DOUBLE","timestamp":"1696638022","value":12786.774676},{"valueType":"DOUBLE","timestamp":"1696637962","value":12786.294754},{"valueType":"DOUBLE","timestamp":"1696637902","value":12785.854998},{"valueType":"DOUBLE","timestamp":"1696637842","value":12785.406289},{"valueType":"DOUBLE","timestamp":"1696637782","value":12784.916252},{"valueType":"DOUBLE","timestamp":"1696637722","value":12784.328819},{"valueType":"DOUBLE","timestamp":"1696637662","value":12783.9665},{"valueType":"DOUBLE","timestamp":"1696637602","value":12783.536512},{"valueType":"DOUBLE","timestamp":"1696637542","value":12783.009578},{"valueType":"DOUBLE","timestamp":"1696637482","value":12782.534566},{"valueType":"DOUBLE","timestamp":"1696637422","value":12782.061007},{"valueType":"DOUBLE","timestamp":"1696637362","value":12781.573167},{"valueType":"DOUBLE","timestamp":"1696637302","value":12781.09803},{"valueType":"DOUBLE","timestamp":"1696637242","value":12780.560498},{"valueType":"DOUBLE","timestamp":"1696637182","value":12780.148229},{"valueType":"DOUBLE","timestamp":"1696637122","value":12779.664791},{"valueType":"DOUBLE","timestamp":"1696637062","value":12779.191553},{"valueType":"DOUBLE","timestamp":"1696637002","value":12778.739124},{"valueType":"DOUBLE","timestamp":"1696636942","value":12778.327392},{"valueType":"DOUBLE","timestamp":"1696636882","value":12777.721609},{"valueType":"DOUBLE","timestamp":"1696636822","value":12777.291541},{"valueType":"DOUBLE","timestamp":"1696636762","value":12776.900472},{"valueType":"DOUBLE","timestamp":"1696636702","value":12776.454651},{"valueType":"DOUBLE","timestamp":"1696636642","value":12775.974377},{"valueType":"DOUBLE","timestamp":"1696636582","value":12775.562178},{"valueType":"DOUBLE","timestamp":"1696636522","value":12775.082248},{"valueType":"DOUBLE","timestamp":"1696636462","value":12774.640217},{"valueType":"DOUBLE","timestamp":"1696636402","value":12774.108101},{"valueType":"DOUBLE","timestamp":"1696636342","value":12773.661333},{"valueType":"DOUBLE","timestamp":"1696636282","value":12773.176088},{"valueType":"DOUBLE","timestamp":"1696636222","value":12772.774793},{"valueType":"DOUBLE","timestamp":"1696636162","value":12772.326109},{"valueType":"DOUBLE","timestamp":"1696636102","value":12771.902418},{"valueType":"DOUBLE","timestamp":"1696636042","value":12771.337781},{"valueType":"DOUBLE","timestamp":"1696635982","value":12770.962253},{"valueType":"DOUBLE","timestamp":"1696635922","value":12770.367456},{"valueType":"DOUBLE","timestamp":"1696635862","value":12769.971503},{"valueType":"DOUBLE","timestamp":"1696635802","value":12769.464578},{"valueType":"DOUBLE","timestamp":"1696635742","value":12768.995963},{"valueType":"DOUBLE","timestamp":"1696635682","value":12768.591377},{"valueType":"DOUBLE","timestamp":"1696635622","value":12768.096091},{"valueType":"DOUBLE","timestamp":"1696635562","value":12767.695552},{"valueType":"DOUBLE","timestamp":"1696635502","value":12767.261417},{"valueType":"DOUBLE","timestamp":"1696635442","value":12766.799227},{"valueType":"DOUBLE","timestamp":"1696635382","value":12766.392483},{"valueType":"DOUBLE","timestamp":"1696635322","value":12765.928927},{"valueType":"DOUBLE","timestamp":"1696635262","value":12765.438866},{"valueType":"DOUBLE","timestamp":"1696635202","value":12764.933743},{"valueType":"DOUBLE","timestamp":"1696635142","value":12764.564091},{"valueType":"DOUBLE","timestamp":"1696635082","value":12764.063211},{"valueType":"DOUBLE","timestamp":"1696635022","value":12763.640852},{"valueType":"DOUBLE","timestamp":"1696634962","value":12763.279318},{"valueType":"DOUBLE","timestamp":"1696634902","value":12762.842512},{"valueType":"DOUBLE","timestamp":"1696634842","value":12762.393782},{"valueType":"DOUBLE","timestamp":"1696634782","value":12761.99959},{"valueType":"DOUBLE","timestamp":"1696634722","value":12761.485546},{"valueType":"DOUBLE","timestamp":"1696634662","value":12761.109663},{"valueType":"DOUBLE","timestamp":"1696634602","value":12760.612937},{"valueType":"DOUBLE","timestamp":"1696634542","value":12760.227746},{"valueType":"DOUBLE","timestamp":"1696634482","value":12759.792408},{"valueType":"DOUBLE","timestamp":"1696634422","value":12759.288687},{"valueType":"DOUBLE","timestamp":"1696634362","value":12758.809333},{"valueType":"DOUBLE","timestamp":"1696634302","value":12758.407849},{"valueType":"DOUBLE","timestamp":"1696634242","value":12758.010192},{"valueType":"DOUBLE","timestamp":"1696634182","value":12757.493962},{"valueType":"DOUBLE","timestamp":"1696634122","value":12757.04023},{"valueType":"DOUBLE","timestamp":"1696634062","value":12756.587913},{"valueType":"DOUBLE","timestamp":"1696634002","value":12756.255281},{"valueType":"DOUBLE","timestamp":"1696633942","value":12755.720285},{"valueType":"DOUBLE","timestamp":"1696633882","value":12755.33959},{"valueType":"DOUBLE","timestamp":"1696633822","value":12754.802935},{"valueType":"DOUBLE","timestamp":"1696633762","value":12754.418651},{"valueType":"DOUBLE","timestamp":"1696633702","value":12753.936505},{"valueType":"DOUBLE","timestamp":"1696633642","value":12753.488883},{"valueType":"DOUBLE","timestamp":"1696633582","value":12753.035582},{"valueType":"DOUBLE","timestamp":"1696633522","value":12752.645328},{"valueType":"DOUBLE","timestamp":"1696633462","value":12752.1236},{"valueType":"DOUBLE","timestamp":"1696633402","value":12751.792502},{"valueType":"DOUBLE","timestamp":"1696633342","value":12751.350107},{"valueType":"DOUBLE","timestamp":"1696633282","value":12750.910953},{"valueType":"DOUBLE","timestamp":"1696633222","value":12750.401592},{"valueType":"DOUBLE","timestamp":"1696633162","value":12750.001109},{"valueType":"DOUBLE","timestamp":"1696633102","value":12749.540491},{"valueType":"DOUBLE","timestamp":"1696633042","value":12749.111356},{"valueType":"DOUBLE","timestamp":"1696632982","value":12748.689877},{"valueType":"DOUBLE","timestamp":"1696632922","value":12748.322146},{"valueType":"DOUBLE","timestamp":"1696632862","value":12747.829596},{"valueType":"DOUBLE","timestamp":"1696632802","value":12747.401284},{"valueType":"DOUBLE","timestamp":"1696632742","value":12746.879669},{"valueType":"DOUBLE","timestamp":"1696632682","value":12746.539921},{"valueType":"DOUBLE","timestamp":"1696632622","value":12746.095785},{"valueType":"DOUBLE","timestamp":"1696632562","value":12745.643199},{"valueType":"DOUBLE","timestamp":"1696632502","value":12745.184477},{"valueType":"DOUBLE","timestamp":"1696632442","value":12744.686229},{"valueType":"DOUBLE","timestamp":"1696632382","value":12744.222773},{"valueType":"DOUBLE","timestamp":"1696632322","value":12743.715448},{"valueType":"DOUBLE","timestamp":"1696632262","value":12743.346607},{"valueType":"DOUBLE","timestamp":"1696632202","value":12742.896054},{"valueType":"DOUBLE","timestamp":"1696632142","value":12742.346141},{"valueType":"DOUBLE","timestamp":"1696632082","value":12742.039111},{"valueType":"DOUBLE","timestamp":"1696632022","value":12741.562172},{"valueType":"DOUBLE","timestamp":"1696631962","value":12741.025213},{"valueType":"DOUBLE","timestamp":"1696631902","value":12740.578888},{"valueType":"DOUBLE","timestamp":"1696631842","value":12740.229912},{"valueType":"DOUBLE","timestamp":"1696631782","value":12739.792424},{"valueType":"DOUBLE","timestamp":"1696631722","value":12739.206894},{"valueType":"DOUBLE","timestamp":"1696631662","value":12738.827128},{"valueType":"DOUBLE","timestamp":"1696631602","value":12738.429598},{"valueType":"DOUBLE","timestamp":"1696631542","value":12737.949796},{"valueType":"DOUBLE","timestamp":"1696631482","value":12737.546407},{"valueType":"DOUBLE","timestamp":"1696631422","value":12737.132817},{"valueType":"DOUBLE","timestamp":"1696631362","value":12736.669577},{"valueType":"DOUBLE","timestamp":"1696631302","value":12736.187561},{"valueType":"DOUBLE","timestamp":"1696631242","value":12735.718756},{"valueType":"DOUBLE","timestamp":"1696631182","value":12735.382071},{"valueType":"DOUBLE","timestamp":"1696631122","value":12734.824751},{"valueType":"DOUBLE","timestamp":"1696631062","value":12734.502801},{"valueType":"DOUBLE","timestamp":"1696631002","value":12734.036815},{"valueType":"DOUBLE","timestamp":"1696630942","value":12733.560769},{"valueType":"DOUBLE","timestamp":"1696630882","value":12733.203978},{"valueType":"DOUBLE","timestamp":"1696630822","value":12732.754599},{"valueType":"DOUBLE","timestamp":"1696630762","value":12732.2128},{"valueType":"DOUBLE","timestamp":"1696630702","value":12731.767585},{"valueType":"DOUBLE","timestamp":"1696630642","value":12731.335266},{"valueType":"DOUBLE","timestamp":"1696630582","value":12730.825379},{"valueType":"DOUBLE","timestamp":"1696630522","value":12730.492325},{"valueType":"DOUBLE","timestamp":"1696630462","value":12730.044137},{"valueType":"DOUBLE","timestamp":"1696630402","value":12729.560979},{"valueType":"DOUBLE","timestamp":"1696630342","value":12729.118073},{"valueType":"DOUBLE","timestamp":"1696630282","value":12728.687603},{"valueType":"DOUBLE","timestamp":"1696630222","value":12728.194902},{"valueType":"DOUBLE","timestamp":"1696630162","value":12727.789982},{"valueType":"DOUBLE","timestamp":"1696630102","value":12727.328649},{"valueType":"DOUBLE","timestamp":"1696630042","value":12726.894984},{"valueType":"DOUBLE","timestamp":"1696629982","value":12726.48409},{"valueType":"DOUBLE","timestamp":"1696629922","value":12726.027002},{"valueType":"DOUBLE","timestamp":"1696629862","value":12725.589971},{"valueType":"DOUBLE","timestamp":"1696629802","value":12725.197709},{"valueType":"DOUBLE","timestamp":"1696629742","value":12724.709305},{"valueType":"DOUBLE","timestamp":"1696629682","value":12724.286972},{"valueType":"DOUBLE","timestamp":"1696629622","value":12723.765897},{"valueType":"DOUBLE","timestamp":"1696629562","value":12723.336176},{"valueType":"DOUBLE","timestamp":"1696629502","value":12722.956014},{"valueType":"DOUBLE","timestamp":"1696629442","value":12722.637176},{"valueType":"DOUBLE","timestamp":"1696629382","value":12722.197064},{"valueType":"DOUBLE","timestamp":"1696629322","value":12721.729132},{"valueType":"DOUBLE","timestamp":"1696629262","value":12721.22859},{"valueType":"DOUBLE","timestamp":"1696629202","value":12720.799042},{"valueType":"DOUBLE","timestamp":"1696629142","value":12720.34046},{"valueType":"DOUBLE","timestamp":"1696629082","value":12719.946928},{"valueType":"DOUBLE","timestamp":"1696629022","value":12719.408887},{"valueType":"DOUBLE","timestamp":"1696628962","value":12718.986602},{"valueType":"DOUBLE","timestamp":"1696628902","value":12718.596098},{"valueType":"DOUBLE","timestamp":"1696628842","value":12718.152249},{"valueType":"DOUBLE","timestamp":"1696628782","value":12717.706981},{"valueType":"DOUBLE","timestamp":"1696628722","value":12717.244345},{"valueType":"DOUBLE","timestamp":"1696628662","value":12716.756138},{"valueType":"DOUBLE","timestamp":"1696628602","value":12716.2755},{"valueType":"DOUBLE","timestamp":"1696628542","value":12715.936417},{"valueType":"DOUBLE","timestamp":"1696628482","value":12715.378731},{"valueType":"DOUBLE","timestamp":"1696628422","value":12714.987555},{"valueType":"DOUBLE","timestamp":"1696628362","value":12714.492798},{"valueType":"DOUBLE","timestamp":"1696628302","value":12714.047804},{"valueType":"DOUBLE","timestamp":"1696628242","value":12713.647527},{"valueType":"DOUBLE","timestamp":"1696628182","value":12713.273917},{"valueType":"DOUBLE","timestamp":"1696628122","value":12712.815782},{"valueType":"DOUBLE","timestamp":"1696628062","value":12712.367473},{"valueType":"DOUBLE","timestamp":"1696628002","value":12710.990088},{"valueType":"DOUBLE","timestamp":"1696627942","value":12710.533927},{"valueType":"DOUBLE","timestamp":"1696627882","value":12710.150146},{"valueType":"DOUBLE","timestamp":"1696627822","value":12709.701528},{"valueType":"DOUBLE","timestamp":"1696627762","value":12709.251792},{"valueType":"DOUBLE","timestamp":"1696627702","value":12708.808492},{"valueType":"DOUBLE","timestamp":"1696627642","value":12708.392706},{"valueType":"DOUBLE","timestamp":"1696627582","value":12708.03134},{"valueType":"DOUBLE","timestamp":"1696627522","value":12707.532601},{"valueType":"DOUBLE","timestamp":"1696627462","value":12707.05855},{"valueType":"DOUBLE","timestamp":"1696627402","value":12706.681985},{"valueType":"DOUBLE","timestamp":"1696627342","value":12706.183773},{"valueType":"DOUBLE","timestamp":"1696627282","value":12705.810086},{"valueType":"DOUBLE","timestamp":"1696627222","value":12705.280111},{"valueType":"DOUBLE","timestamp":"1696627162","value":12704.83607},{"valueType":"DOUBLE","timestamp":"1696627102","value":12704.349833},{"valueType":"DOUBLE","timestamp":"1696627042","value":12703.957482},{"valueType":"DOUBLE","timestamp":"1696626982","value":12703.517702},{"valueType":"DOUBLE","timestamp":"1696626922","value":12703.077118},{"valueType":"DOUBLE","timestamp":"1696626862","value":12702.663667},{"valueType":"DOUBLE","timestamp":"1696626802","value":12702.241691},{"valueType":"DOUBLE","timestamp":"1696626742","value":12701.775288},{"valueType":"DOUBLE","timestamp":"1696626682","value":12701.345525},{"valueType":"DOUBLE","timestamp":"1696626622","value":12700.893281},{"valueType":"DOUBLE","timestamp":"1696626562","value":12700.418095},{"valueType":"DOUBLE","timestamp":"1696626502","value":12700.088431},{"valueType":"DOUBLE","timestamp":"1696626442","value":12699.612978},{"valueType":"DOUBLE","timestamp":"1696626382","value":12699.138503},{"valueType":"DOUBLE","timestamp":"1696626322","value":12698.722233},{"valueType":"DOUBLE","timestamp":"1696626262","value":12698.250903},{"valueType":"DOUBLE","timestamp":"1696626202","value":12697.85193},{"valueType":"DOUBLE","timestamp":"1696626142","value":12697.390118},{"valueType":"DOUBLE","timestamp":"1696626082","value":12697.001662},{"valueType":"DOUBLE","timestamp":"1696626022","value":12696.451658},{"valueType":"DOUBLE","timestamp":"1696625962","value":12696.115463},{"valueType":"DOUBLE","timestamp":"1696625902","value":12695.669186},{"valueType":"DOUBLE","timestamp":"1696625842","value":12695.213645},{"valueType":"DOUBLE","timestamp":"1696625782","value":12694.851525},{"valueType":"DOUBLE","timestamp":"1696625722","value":12694.429553},{"valueType":"DOUBLE","timestamp":"1696625662","value":12693.912989},{"valueType":"DOUBLE","timestamp":"1696625602","value":12693.511263},{"valueType":"DOUBLE","timestamp":"1696625542","value":12693.073899},{"valueType":"DOUBLE","timestamp":"1696625482","value":12692.588169},{"valueType":"DOUBLE","timestamp":"1696625422","value":12692.159334},{"valueType":"DOUBLE","timestamp":"1696625362","value":12691.780722},{"valueType":"DOUBLE","timestamp":"1696625302","value":12691.331389},{"valueType":"DOUBLE","timestamp":"1696625242","value":12690.864412},{"valueType":"DOUBLE","timestamp":"1696625182","value":12690.466742},{"valueType":"DOUBLE","timestamp":"1696625122","value":12689.931188},{"valueType":"DOUBLE","timestamp":"1696625062","value":12689.53428},{"valueType":"DOUBLE","timestamp":"1696625002","value":12689.126629},{"valueType":"DOUBLE","timestamp":"1696624942","value":12688.734872},{"valueType":"DOUBLE","timestamp":"1696624882","value":12688.28431},{"valueType":"DOUBLE","timestamp":"1696624822","value":12687.813563},{"valueType":"DOUBLE","timestamp":"1696624762","value":12687.436363},{"valueType":"DOUBLE","timestamp":"1696624702","value":12687.051337},{"valueType":"DOUBLE","timestamp":"1696624642","value":12686.609724},{"valueType":"DOUBLE","timestamp":"1696624582","value":12686.058859},{"valueType":"DOUBLE","timestamp":"1696624522","value":12685.602923},{"valueType":"DOUBLE","timestamp":"1696624462","value":12685.227128},{"valueType":"DOUBLE","timestamp":"1696624402","value":12684.829338},{"valueType":"DOUBLE","timestamp":"1696624342","value":12684.336942},{"valueType":"DOUBLE","timestamp":"1696624282","value":12683.898436},{"valueType":"DOUBLE","timestamp":"1696624222","value":12683.421298},{"valueType":"DOUBLE","timestamp":"1696624162","value":12683.040679},{"valueType":"DOUBLE","timestamp":"1696624102","value":12682.648579},{"valueType":"DOUBLE","timestamp":"1696624042","value":12682.199656},{"valueType":"DOUBLE","timestamp":"1696623982","value":12681.768267},{"valueType":"DOUBLE","timestamp":"1696623922","value":12681.334106},{"valueType":"DOUBLE","timestamp":"1696623862","value":12680.863001},{"valueType":"DOUBLE","timestamp":"1696623802","value":12680.396851},{"valueType":"DOUBLE","timestamp":"1696623742","value":12679.965904},{"valueType":"DOUBLE","timestamp":"1696623682","value":12679.488089},{"valueType":"DOUBLE","timestamp":"1696623622","value":12679.05301},{"valueType":"DOUBLE","timestamp":"1696623562","value":12678.692061},{"valueType":"DOUBLE","timestamp":"1696623502","value":12678.197486},{"valueType":"DOUBLE","timestamp":"1696623442","value":12677.652436},{"valueType":"DOUBLE","timestamp":"1696623382","value":12677.283624},{"valueType":"DOUBLE","timestamp":"1696623322","value":12676.873428},{"valueType":"DOUBLE","timestamp":"1696623262","value":12676.396506},{"valueType":"DOUBLE","timestamp":"1696623202","value":12675.984769},{"valueType":"DOUBLE","timestamp":"1696623142","value":12675.548564},{"valueType":"DOUBLE","timestamp":"1696623082","value":12675.111817},{"valueType":"DOUBLE","timestamp":"1696623022","value":12674.668074},{"valueType":"DOUBLE","timestamp":"1696622962","value":12674.183409},{"valueType":"DOUBLE","timestamp":"1696622902","value":12673.811384},{"valueType":"DOUBLE","timestamp":"1696622842","value":12673.368111},{"valueType":"DOUBLE","timestamp":"1696622782","value":12672.84877},{"valueType":"DOUBLE","timestamp":"1696622722","value":12672.457027},{"valueType":"DOUBLE","timestamp":"1696622662","value":12671.997791},{"valueType":"DOUBLE","timestamp":"1696622602","value":12671.521254},{"valueType":"DOUBLE","timestamp":"1696622542","value":12671.154078},{"valueType":"DOUBLE","timestamp":"1696622482","value":12670.700181},{"valueType":"DOUBLE","timestamp":"1696622422","value":12670.212029},{"valueType":"DOUBLE","timestamp":"1696622362","value":12669.788173},{"valueType":"DOUBLE","timestamp":"1696622302","value":12669.308137},{"valueType":"DOUBLE","timestamp":"1696622242","value":12668.877217},{"valueType":"DOUBLE","timestamp":"1696622182","value":12668.509594},{"valueType":"DOUBLE","timestamp":"1696622122","value":12668.106193},{"valueType":"DOUBLE","timestamp":"1696622062","value":12667.635192},{"valueType":"DOUBLE","timestamp":"1696622002","value":12667.254343},{"valueType":"DOUBLE","timestamp":"1696621942","value":12666.816342},{"valueType":"DOUBLE","timestamp":"1696621882","value":12666.407127},{"valueType":"DOUBLE","timestamp":"1696621822","value":12665.878254},{"valueType":"DOUBLE","timestamp":"1696621762","value":12665.447533},{"valueType":"DOUBLE","timestamp":"1696621702","value":12664.961761},{"valueType":"DOUBLE","timestamp":"1696621642","value":12664.537613},{"valueType":"DOUBLE","timestamp":"1696621582","value":12664.152573},{"valueType":"DOUBLE","timestamp":"1696621522","value":12663.578529},{"valueType":"DOUBLE","timestamp":"1696621462","value":12663.26641},{"valueType":"DOUBLE","timestamp":"1696621402","value":12662.80495},{"valueType":"DOUBLE","timestamp":"1696621342","value":12662.346241},{"valueType":"DOUBLE","timestamp":"1696621282","value":12661.884634},{"valueType":"DOUBLE","timestamp":"1696621222","value":12661.389712},{"valueType":"DOUBLE","timestamp":"1696621162","value":12660.987622},{"valueType":"DOUBLE","timestamp":"1696621102","value":12660.599772},{"valueType":"DOUBLE","timestamp":"1696621042","value":12660.211245},{"valueType":"DOUBLE","timestamp":"1696620982","value":12659.658845},{"valueType":"DOUBLE","timestamp":"1696620922","value":12659.303356},{"valueType":"DOUBLE","timestamp":"1696620862","value":12658.866306},{"valueType":"DOUBLE","timestamp":"1696620802","value":12658.383844},{"valueType":"DOUBLE","timestamp":"1696620742","value":12657.944019},{"valueType":"DOUBLE","timestamp":"1696620682","value":12657.5726},{"valueType":"DOUBLE","timestamp":"1696620622","value":12657.124004},{"valueType":"DOUBLE","timestamp":"1696620562","value":12656.720154},{"valueType":"DOUBLE","timestamp":"1696620502","value":12656.360691},{"valueType":"DOUBLE","timestamp":"1696620442","value":12655.901929},{"valueType":"DOUBLE","timestamp":"1696620382","value":12655.369499},{"valueType":"DOUBLE","timestamp":"1696620322","value":12654.960426},{"valueType":"DOUBLE","timestamp":"1696620262","value":12654.531435},{"valueType":"DOUBLE","timestamp":"1696620202","value":12654.039119},{"valueType":"DOUBLE","timestamp":"1696620142","value":12653.702076},{"valueType":"DOUBLE","timestamp":"1696620082","value":12653.249056},{"valueType":"DOUBLE","timestamp":"1696620022","value":12652.793548},{"valueType":"DOUBLE","timestamp":"1696619962","value":12652.281074},{"valueType":"DOUBLE","timestamp":"1696619902","value":12651.943506},{"valueType":"DOUBLE","timestamp":"1696619842","value":12651.439584},{"valueType":"DOUBLE","timestamp":"1696619782","value":12651.05302},{"valueType":"DOUBLE","timestamp":"1696619722","value":12650.52973},{"valueType":"DOUBLE","timestamp":"1696619662","value":12650.068336},{"valueType":"DOUBLE","timestamp":"1696619602","value":12649.731191},{"valueType":"DOUBLE","timestamp":"1696619542","value":12649.282097},{"valueType":"DOUBLE","timestamp":"1696619482","value":12648.874155},{"valueType":"DOUBLE","timestamp":"1696619422","value":12648.471382},{"valueType":"DOUBLE","timestamp":"1696619362","value":12648.037074},{"valueType":"DOUBLE","timestamp":"1696619302","value":12647.657293},{"valueType":"DOUBLE","timestamp":"1696619242","value":12647.150793},{"valueType":"DOUBLE","timestamp":"1696619182","value":12646.72083},{"valueType":"DOUBLE","timestamp":"1696619122","value":12646.351856},{"valueType":"DOUBLE","timestamp":"1696619062","value":12645.942154},{"valueType":"DOUBLE","timestamp":"1696619002","value":12645.503463},{"valueType":"DOUBLE","timestamp":"1696618942","value":12645.139489},{"valueType":"DOUBLE","timestamp":"1696618882","value":12644.67362},{"valueType":"DOUBLE","timestamp":"1696618822","value":12644.183955},{"valueType":"DOUBLE","timestamp":"1696618762","value":12643.744278},{"valueType":"DOUBLE","timestamp":"1696618702","value":12643.287725},{"valueType":"DOUBLE","timestamp":"1696618642","value":12642.891202},{"valueType":"DOUBLE","timestamp":"1696618582","value":12642.486319},{"valueType":"DOUBLE","timestamp":"1696618522","value":12642.019736},{"valueType":"DOUBLE","timestamp":"1696618462","value":12641.595672},{"valueType":"DOUBLE","timestamp":"1696618402","value":12641.142469},{"valueType":"DOUBLE","timestamp":"1696618342","value":12640.743865},{"valueType":"DOUBLE","timestamp":"1696618282","value":12640.23699},{"valueType":"DOUBLE","timestamp":"1696618222","value":12639.792471},{"valueType":"DOUBLE","timestamp":"1696618162","value":12639.377527},{"valueType":"DOUBLE","timestamp":"1696618102","value":12639.010397},{"valueType":"DOUBLE","timestamp":"1696618042","value":12638.546748},{"valueType":"DOUBLE","timestamp":"1696617982","value":12638.161994},{"valueType":"DOUBLE","timestamp":"1696617922","value":12637.630915},{"valueType":"DOUBLE","timestamp":"1696617862","value":12637.261486},{"valueType":"DOUBLE","timestamp":"1696617802","value":12636.77578},{"valueType":"DOUBLE","timestamp":"1696617742","value":12636.325663},{"valueType":"DOUBLE","timestamp":"1696617682","value":12635.893032},{"valueType":"DOUBLE","timestamp":"1696617622","value":12635.44713},{"valueType":"DOUBLE","timestamp":"1696617562","value":12635.092544},{"valueType":"DOUBLE","timestamp":"1696617502","value":12634.589703},{"valueType":"DOUBLE","timestamp":"1696617442","value":12634.271271},{"valueType":"DOUBLE","timestamp":"1696617382","value":12633.838692},{"valueType":"DOUBLE","timestamp":"1696617322","value":12633.370385},{"valueType":"DOUBLE","timestamp":"1696617262","value":12632.897904},{"valueType":"DOUBLE","timestamp":"1696617202","value":12632.492939},{"valueType":"DOUBLE","timestamp":"1696617142","value":12632.000263},{"valueType":"DOUBLE","timestamp":"1696617082","value":12631.60992},{"valueType":"DOUBLE","timestamp":"1696617022","value":12631.209736},{"valueType":"DOUBLE","timestamp":"1696616962","value":12630.752735},{"valueType":"DOUBLE","timestamp":"1696616902","value":12630.313771},{"valueType":"DOUBLE","timestamp":"1696616842","value":12629.907561},{"valueType":"DOUBLE","timestamp":"1696616782","value":12629.540934},{"valueType":"DOUBLE","timestamp":"1696616722","value":12629.089146},{"valueType":"DOUBLE","timestamp":"1696616662","value":12628.575621},{"valueType":"DOUBLE","timestamp":"1696616602","value":12628.151429},{"valueType":"DOUBLE","timestamp":"1696616542","value":12627.735555},{"valueType":"DOUBLE","timestamp":"1696616482","value":12627.369671},{"valueType":"DOUBLE","timestamp":"1696616422","value":12626.907323},{"valueType":"DOUBLE","timestamp":"1696616362","value":12626.386631},{"valueType":"DOUBLE","timestamp":"1696616302","value":12626.004841},{"valueType":"DOUBLE","timestamp":"1696616242","value":12625.551797},{"valueType":"DOUBLE","timestamp":"1696616182","value":12625.079939},{"valueType":"DOUBLE","timestamp":"1696616122","value":12624.666855},{"valueType":"DOUBLE","timestamp":"1696616062","value":12624.186229},{"valueType":"DOUBLE","timestamp":"1696616002","value":12623.810515},{"valueType":"DOUBLE","timestamp":"1696615942","value":12623.329384},{"valueType":"DOUBLE","timestamp":"1696615882","value":12622.884879},{"valueType":"DOUBLE","timestamp":"1696615822","value":12622.518923},{"valueType":"DOUBLE","timestamp":"1696615762","value":12622.061515},{"valueType":"DOUBLE","timestamp":"1696615702","value":12621.625874},{"valueType":"DOUBLE","timestamp":"1696615642","value":12621.20443},{"valueType":"DOUBLE","timestamp":"1696615582","value":12620.678439},{"valueType":"DOUBLE","timestamp":"1696615522","value":12620.293707}]}