{"podName":"transactionhistory-5dd7c7fd77-7nxtf","containerName":"transactionhistory","nodeName":null,"metricType":"kubernetes.io/container/cpu/core_usage_time","metrics":[{"valueType":"DOUBLE","timestamp":"1696701862","value":24298.728447},{"valueType":"DOUBLE","timestamp":"1696701802","value":24298.058182},{"valueType":"DOUBLE","timestamp":"1696701742","value":24297.375192},{"valueType":"DOUBLE","timestamp":"1696701682","value":24296.738724},{"valueType":"DOUBLE","timestamp":"1696701622","value":24296.049627},{"valueType":"DOUBLE","timestamp":"1696701562","value":24295.318293},{"valueType":"DOUBLE","timestamp":"1696701502","value":24294.43883},{"valueType":"DOUBLE","timestamp":"1696701442","value":24293.770411},{"valueType":"DOUBLE","timestamp":"1696701382","value":24293.210671},{"valueType":"DOUBLE","timestamp":"1696701322","value":24292.461746},{"valueType":"DOUBLE","timestamp":"1696701262","value":24291.663812},{"valueType":"DOUBLE","timestamp":"1696701202","value":24290.88545},{"valueType":"DOUBLE","timestamp":"1696701142","value":24290.315171},{"valueType":"DOUBLE","timestamp":"1696701082","value":24289.493954},{"valueType":"DOUBLE","timestamp":"1696701022","value":24288.802296},{"valueType":"DOUBLE","timestamp":"1696700962","value":24288.121145},{"valueType":"DOUBLE","timestamp":"1696700902","value":24287.336108},{"valueType":"DOUBLE","timestamp":"1696700842","value":24286.49791},{"valueType":"DOUBLE","timestamp":"1696700782","value":24285.873201},{"valueType":"DOUBLE","timestamp":"1696700722","value":24285.042863},{"valueType":"DOUBLE","timestamp":"1696700662","value":24284.268443},{"valueType":"DOUBLE","timestamp":"1696700602","value":24283.618445},{"valueType":"DOUBLE","timestamp":"1696700542","value":24282.955455},{"valueType":"DOUBLE","timestamp":"1696700482","value":24282.283743},{"valueType":"DOUBLE","timestamp":"1696700422","value":24281.546419},{"valueType":"DOUBLE","timestamp":"1696700362","value":24280.902496},{"valueType":"DOUBLE","timestamp":"1696700302","value":24280.154306},{"valueType":"DOUBLE","timestamp":"1696700242","value":24279.472217},{"valueType":"DOUBLE","timestamp":"1696700182","value":24278.811358},{"valueType":"DOUBLE","timestamp":"1696700122","value":24278.073286},{"valueType":"DOUBLE","timestamp":"1696700062","value":24277.349091},{"valueType":"DOUBLE","timestamp":"1696700002","value":24276.569991},{"valueType":"DOUBLE","timestamp":"1696699942","value":24275.951596},{"valueType":"DOUBLE","timestamp":"1696699882","value":24275.15472},{"valueType":"DOUBLE","timestamp":"1696699822","value":24274.514301},{"valueType":"DOUBLE","timestamp":"1696699762","value":24273.603199},{"valueType":"DOUBLE","timestamp":"1696699702","value":24273.016841},{"valueType":"DOUBLE","timestamp":"1696699642","value":24272.317467},{"valueType":"DOUBLE","timestamp":"1696699582","value":24271.566178},{"valueType":"DOUBLE","timestamp":"1696699522","value":24270.856248},{"valueType":"DOUBLE","timestamp":"1696699462","value":24270.213798},{"valueType":"DOUBLE","timestamp":"1696699402","value":24269.398962},{"valueType":"DOUBLE","timestamp":"1696699342","value":24268.595451},{"valueType":"DOUBLE","timestamp":"1696699282","value":24267.932026},{"valueType":"DOUBLE","timestamp":"1696699222","value":24267.18578},{"valueType":"DOUBLE","timestamp":"1696699162","value":24266.553516},{"valueType":"DOUBLE","timestamp":"1696699102","value":24265.800159},{"valueType":"DOUBLE","timestamp":"1696699042","value":24265.084254},{"valueType":"DOUBLE","timestamp":"1696698982","value":24264.409116},{"valueType":"DOUBLE","timestamp":"1696698922","value":24263.55692},{"valueType":"DOUBLE","timestamp":"1696698862","value":24262.890031},{"valueType":"DOUBLE","timestamp":"1696698802","value":24262.056533},{"valueType":"DOUBLE","timestamp":"1696698742","value":24261.46312},{"valueType":"DOUBLE","timestamp":"1696698682","value":24260.574143},{"valueType":"DOUBLE","timestamp":"1696698622","value":24259.966925},{"valueType":"DOUBLE","timestamp":"1696698562","value":24259.259742},{"valueType":"DOUBLE","timestamp":"1696698502","value":24258.571761},{"valueType":"DOUBLE","timestamp":"1696698442","value":24257.956415},{"valueType":"DOUBLE","timestamp":"1696698382","value":24257.103627},{"valueType":"DOUBLE","timestamp":"1696698322","value":24256.475417},{"valueType":"DOUBLE","timestamp":"1696698262","value":24255.681216},{"valueType":"DOUBLE","timestamp":"1696698202","value":24254.971832},{"valueType":"DOUBLE","timestamp":"1696698142","value":24254.339017},{"valueType":"DOUBLE","timestamp":"1696698082","value":24253.586234},{"valueType":"DOUBLE","timestamp":"1696698022","value":24252.793534},{"valueType":"DOUBLE","timestamp":"1696697962","value":24252.182722},{"valueType":"DOUBLE","timestamp":"1696697902","value":24251.414635},{"valueType":"DOUBLE","timestamp":"1696697842","value":24250.663411},{"valueType":"DOUBLE","timestamp":"1696697782","value":24249.981524},{"valueType":"DOUBLE","timestamp":"1696697722","value":24249.368451},{"valueType":"DOUBLE","timestamp":"1696697662","value":24248.566306},{"valueType":"DOUBLE","timestamp":"1696697602","value":24247.860931},{"valueType":"DOUBLE","timestamp":"1696697542","value":24247.271879},{"valueType":"DOUBLE","timestamp":"1696697482","value":24246.420268},{"valueType":"DOUBLE","timestamp":"1696697422","value":24245.775046},{"valueType":"DOUBLE","timestamp":"1696697362","value":24245.034267},{"valueType":"DOUBLE","timestamp":"1696697302","value":24244.397636},{"valueType":"DOUBLE","timestamp":"1696697242","value":24243.645869},{"valueType":"DOUBLE","timestamp":"1696697182","value":24242.859949},{"valueType":"DOUBLE","timestamp":"1696697122","value":24242.125143},{"valueType":"DOUBLE","timestamp":"1696697062","value":24241.387846},{"valueType":"DOUBLE","timestamp":"1696697002","value":24240.692032},{"valueType":"DOUBLE","timestamp":"1696696942","value":24239.975658},{"valueType":"DOUBLE","timestamp":"1696696882","value":24239.285506},{"valueType":"DOUBLE","timestamp":"1696696822","value":24238.553029},{"valueType":"DOUBLE","timestamp":"1696696762","value":24237.863399},{"valueType":"DOUBLE","timestamp":"1696696702","value":24237.193705},{"valueType":"DOUBLE","timestamp":"1696696642","value":24236.513883},{"valueType":"DOUBLE","timestamp":"1696696582","value":24235.688395},{"valueType":"DOUBLE","timestamp":"1696696522","value":24235.1306},{"valueType":"DOUBLE","timestamp":"1696696462","value":24234.346192},{"valueType":"DOUBLE","timestamp":"1696696402","value":24233.658116},{"valueType":"DOUBLE","timestamp":"1696696342","value":24232.9088},{"valueType":"DOUBLE","timestamp":"1696696282","value":24232.204498},{"valueType":"DOUBLE","timestamp":"1696696222","value":24231.486651},{"valueType":"DOUBLE","timestamp":"1696696162","value":24230.769183},{"valueType":"DOUBLE","timestamp":"1696696102","value":24229.846947},{"valueType":"DOUBLE","timestamp":"1696696042","value":24229.28467},{"valueType":"DOUBLE","timestamp":"1696695982","value":24228.504103},{"valueType":"DOUBLE","timestamp":"1696695922","value":24227.857064},{"valueType":"DOUBLE","timestamp":"1696695862","value":24227.035449},{"valueType":"DOUBLE","timestamp":"1696695802","value":24226.474305},{"valueType":"DOUBLE","timestamp":"1696695742","value":24225.685459},{"valueType":"DOUBLE","timestamp":"1696695682","value":24225.0614},{"valueType":"DOUBLE","timestamp":"1696695622","value":24224.292961},{"valueType":"DOUBLE","timestamp":"1696695562","value":24223.590959},{"valueType":"DOUBLE","timestamp":"1696695502","value":24222.897678},{"valueType":"DOUBLE","timestamp":"1696695442","value":24222.107216},{"valueType":"DOUBLE","timestamp":"1696695382","value":24221.488601},{"valueType":"DOUBLE","timestamp":"1696695322","value":24220.683589},{"valueType":"DOUBLE","timestamp":"1696695262","value":24220.1443},{"valueType":"DOUBLE","timestamp":"1696695202","value":24219.393539},{"valueType":"DOUBLE","timestamp":"1696695142","value":24218.668814},{"valueType":"DOUBLE","timestamp":"1696695082","value":24217.902432},{"valueType":"DOUBLE","timestamp":"1696695022","value":24217.228598},{"valueType":"DOUBLE","timestamp":"1696694962","value":24216.516896},{"valueType":"DOUBLE","timestamp":"1696694902","value":24215.657005},{"valueType":"DOUBLE","timestamp":"1696694842","value":24214.929239},{"valueType":"DOUBLE","timestamp":"1696694782","value":24214.32298},{"valueType":"DOUBLE","timestamp":"1696694722","value":24213.627912},{"valueType":"DOUBLE","timestamp":"1696694662","value":24212.834572},{"valueType":"DOUBLE","timestamp":"1696694602","value":24212.092577},{"valueType":"DOUBLE","timestamp":"1696694542","value":24211.397055},{"valueType":"DOUBLE","timestamp":"1696694482","value":24210.731303},{"valueType":"DOUBLE","timestamp":"1696694422","value":24210.043925},{"valueType":"DOUBLE","timestamp":"1696694362","value":24209.425214},{"valueType":"DOUBLE","timestamp":"1696694302","value":24208.740783},{"valueType":"DOUBLE","timestamp":"1696694242","value":24208.070108},{"valueType":"DOUBLE","timestamp":"1696694182","value":24207.257278},{"valueType":"DOUBLE","timestamp":"1696694122","value":24206.672428},{"valueType":"DOUBLE","timestamp":"1696694062","value":24205.960635},{"valueType":"DOUBLE","timestamp":"1696694002","value":24205.147188},{"valueType":"DOUBLE","timestamp":"1696693942","value":24204.544432},{"valueType":"DOUBLE","timestamp":"1696693882","value":24203.748224},{"valueType":"DOUBLE","timestamp":"1696693822","value":24202.99823},{"valueType":"DOUBLE","timestamp":"1696693762","value":24202.374377},{"valueType":"DOUBLE","timestamp":"1696693702","value":24201.586065},{"valueType":"DOUBLE","timestamp":"1696693642","value":24200.880041},{"valueType":"DOUBLE","timestamp":"1696693582","value":24200.155855},{"valueType":"DOUBLE","timestamp":"1696693522","value":24199.529919},{"valueType":"DOUBLE","timestamp":"1696693462","value":24198.729875},{"valueType":"DOUBLE","timestamp":"1696693402","value":24197.936497},{"valueType":"DOUBLE","timestamp":"1696693342","value":24197.384068},{"valueType":"DOUBLE","timestamp":"1696693282","value":24196.591285},{"valueType":"DOUBLE","timestamp":"1696693222","value":24195.740671},{"valueType":"DOUBLE","timestamp":"1696693162","value":24195.006298},{"valueType":"DOUBLE","timestamp":"1696693102","value":24194.314413},{"valueType":"DOUBLE","timestamp":"1696693042","value":24193.484573},{"valueType":"DOUBLE","timestamp":"1696692982","value":24192.729685},{"valueType":"DOUBLE","timestamp":"1696692922","value":24192.051447},{"valueType":"DOUBLE","timestamp":"1696692862","value":24191.529251},{"valueType":"DOUBLE","timestamp":"1696692802","value":24191.038228},{"valueType":"DOUBLE","timestamp":"1696692742","value":24190.542118},{"valueType":"DOUBLE","timestamp":"1696692682","value":24190.032087},{"valueType":"DOUBLE","timestamp":"1696692622","value":24189.585561},{"valueType":"DOUBLE","timestamp":"1696692562","value":24189.081876},{"valueType":"DOUBLE","timestamp":"1696692502","value":24188.705261},{"valueType":"DOUBLE","timestamp":"1696692442","value":24188.2394},{"valueType":"DOUBLE","timestamp":"1696692382","value":24187.689939},{"valueType":"DOUBLE","timestamp":"1696692322","value":24187.192116},{"valueType":"DOUBLE","timestamp":"1696692262","value":24186.596396},{"valueType":"DOUBLE","timestamp":"1696692202","value":24185.745679},{"valueType":"DOUBLE","timestamp":"1696692142","value":24185.250832},{"valueType":"DOUBLE","timestamp":"1696692082","value":24184.733122},{"valueType":"DOUBLE","timestamp":"1696692022","value":24184.272374},{"valueType":"DOUBLE","timestamp":"1696691962","value":24183.835925},{"valueType":"DOUBLE","timestamp":"1696691902","value":24183.331997},{"valueType":"DOUBLE","timestamp":"1696691842","value":24182.858214},{"valueType":"DOUBLE","timestamp":"1696691782","value":24182.396906},{"valueType":"DOUBLE","timestamp":"1696691722","value":24182.056641},{"valueType":"DOUBLE","timestamp":"1696691662","value":24181.58107},{"valueType":"DOUBLE","timestamp":"1696691602","value":24181.056769},{"valueType":"DOUBLE","timestamp":"1696691542","value":24180.596145},{"valueType":"DOUBLE","timestamp":"1696691482","value":24180.158286},{"valueType":"DOUBLE","timestamp":"1696691422","value":24179.632001},{"valueType":"DOUBLE","timestamp":"1696691362","value":24179.213642},{"valueType":"DOUBLE","timestamp":"1696691302","value":24178.624725},{"valueType":"DOUBLE","timestamp":"1696691242","value":24178.254347},{"valueType":"DOUBLE","timestamp":"1696691182","value":24177.749303},{"valueType":"DOUBLE","timestamp":"1696691122","value":24177.268551},{"valueType":"DOUBLE","timestamp":"1696691062","value":24176.831465},{"valueType":"DOUBLE","timestamp":"1696691002","value":24176.304527},{"valueType":"DOUBLE","timestamp":"1696690942","value":24175.916441},{"valueType":"DOUBLE","timestamp":"1696690882","value":24175.405914},{"valueType":"DOUBLE","timestamp":"1696690822","value":24174.9783},{"valueType":"DOUBLE","timestamp":"1696690762","value":24174.532311},{"valueType":"DOUBLE","timestamp":"1696690702","value":24174.004715},{"valueType":"DOUBLE","timestamp":"1696690642","value":24173.618695},{"valueType":"DOUBLE","timestamp":"1696690582","value":24173.143807},{"valueType":"DOUBLE","timestamp":"1696690522","value":24172.655339},{"valueType":"DOUBLE","timestamp":"1696690462","value":24172.301982},{"valueType":"DOUBLE","timestamp":"1696690402","value":24171.838068},{"valueType":"DOUBLE","timestamp":"1696690342","value":24171.379268},{"valueType":"DOUBLE","timestamp":"1696690282","value":24170.898309},{"valueType":"DOUBLE","timestamp":"1696690222","value":24170.472321},{"valueType":"DOUBLE","timestamp":"1696690162","value":24169.881781},{"valueType":"DOUBLE","timestamp":"1696690102","value":24169.507285},{"valueType":"DOUBLE","timestamp":"1696690042","value":24169.016983},{"valueType":"DOUBLE","timestamp":"1696689982","value":24168.536342},{"valueType":"DOUBLE","timestamp":"1696689922","value":24168.063917},{"valueType":"DOUBLE","timestamp":"1696689862","value":24167.575399},{"valueType":"DOUBLE","timestamp":"1696689802","value":24167.046156},{"valueType":"DOUBLE","timestamp":"1696689742","value":24166.509098},{"valueType":"DOUBLE","timestamp":"1696689682","value":24166.024169},{"valueType":"DOUBLE","timestamp":"1696689622","value":24165.568135},{"valueType":"DOUBLE","timestamp":"1696689562","value":24165.10739},{"valueType":"DOUBLE","timestamp":"1696689502","value":24164.708361},{"valueType":"DOUBLE","timestamp":"1696689442","value":24164.148379},{"valueType":"DOUBLE","timestamp":"1696689382","value":24163.716722},{"valueType":"DOUBLE","timestamp":"1696689322","value":24163.209423},{"valueType":"DOUBLE","timestamp":"1696689262","value":24162.768306},{"valueType":"DOUBLE","timestamp":"1696689202","value":24162.338069},{"valueType":"DOUBLE","timestamp":"1696689142","value":24161.830366},{"valueType":"DOUBLE","timestamp":"1696689082","value":24161.303251},{"valueType":"DOUBLE","timestamp":"1696689022","value":24160.859624},{"valueType":"DOUBLE","timestamp":"1696688962","value":24160.371321},{"valueType":"DOUBLE","timestamp":"1696688902","value":24159.924867},{"valueType":"DOUBLE","timestamp":"1696688842","value":24159.522385},{"valueType":"DOUBLE","timestamp":"1696688782","value":24159.033925},{"valueType":"DOUBLE","timestamp":"1696688722","value":24158.598914},{"valueType":"DOUBLE","timestamp":"1696688662","value":24158.160012},{"valueType":"DOUBLE","timestamp":"1696688602","value":24157.644527},{"valueType":"DOUBLE","timestamp":"1696688542","value":24157.260504},{"valueType":"DOUBLE","timestamp":"1696688482","value":24156.724342},{"valueType":"DOUBLE","timestamp":"1696688422","value":24156.351681},{"valueType":"DOUBLE","timestamp":"1696688362","value":24155.815133},{"valueType":"DOUBLE","timestamp":"1696688302","value":24155.374809},{"valueType":"DOUBLE","timestamp":"1696688242","value":24154.930306},{"valueType":"DOUBLE","timestamp":"1696688182","value":24154.492169},{"valueType":"DOUBLE","timestamp":"1696688122","value":24154.056853},{"valueType":"DOUBLE","timestamp":"1696688062","value":24153.632487},{"valueType":"DOUBLE","timestamp":"1696688002","value":24153.175616},{"valueType":"DOUBLE","timestamp":"1696687942","value":24152.701069},{"valueType":"DOUBLE","timestamp":"1696687882","value":24152.168212},{"valueType":"DOUBLE","timestamp":"1696687822","value":24151.72588},{"valueType":"DOUBLE","timestamp":"1696687762","value":24151.269797},{"valueType":"DOUBLE","timestamp":"1696687702","value":24150.801066},{"valueType":"DOUBLE","timestamp":"1696687642","value":24150.331496},{"valueType":"DOUBLE","timestamp":"1696687582","value":24149.811408},{"valueType":"DOUBLE","timestamp":"1696687522","value":24149.354466},{"valueType":"DOUBLE","timestamp":"1696687462","value":24148.886305},{"valueType":"DOUBLE","timestamp":"1696687402","value":24148.444872},{"valueType":"DOUBLE","timestamp":"1696687342","value":24147.949274},{"valueType":"DOUBLE","timestamp":"1696687282","value":24147.44161},{"valueType":"DOUBLE","timestamp":"1696687222","value":24146.984493},{"valueType":"DOUBLE","timestamp":"1696687162","value":24146.497963},{"valueType":"DOUBLE","timestamp":"1696687102","value":24146.016357},{"valueType":"DOUBLE","timestamp":"1696687042","value":24145.583323},{"valueType":"DOUBLE","timestamp":"1696686982","value":24145.069529},{"valueType":"DOUBLE","timestamp":"1696686922","value":24144.53255},{"valueType":"DOUBLE","timestamp":"1696686862","value":24144.127402},{"valueType":"DOUBLE","timestamp":"1696686802","value":24143.658653},{"valueType":"DOUBLE","timestamp":"1696686742","value":24143.21473},{"valueType":"DOUBLE","timestamp":"1696686682","value":24142.713731},{"valueType":"DOUBLE","timestamp":"1696686622","value":24142.2552},{"valueType":"DOUBLE","timestamp":"1696686562","value":24141.792126},{"valueType":"DOUBLE","timestamp":"1696686502","value":24141.372049},{"valueType":"DOUBLE","timestamp":"1696686442","value":24140.853261},{"valueType":"DOUBLE","timestamp":"1696686382","value":24140.351024},{"valueType":"DOUBLE","timestamp":"1696686322","value":24139.901433},{"valueType":"DOUBLE","timestamp":"1696686262","value":24139.116735},{"valueType":"DOUBLE","timestamp":"1696686202","value":24138.12314},{"valueType":"DOUBLE","timestamp":"1696686142","value":24137.611217},{"valueType":"DOUBLE","timestamp":"1696686082","value":24137.163318},{"valueType":"DOUBLE","timestamp":"1696686022","value":24136.233204},{"valueType":"DOUBLE","timestamp":"1696685962","value":24135.736954},{"valueType":"DOUBLE","timestamp":"1696685902","value":24135.092688},{"valueType":"DOUBLE","timestamp":"1696685842","value":24134.349961},{"valueType":"DOUBLE","timestamp":"1696685782","value":24133.541017},{"valueType":"DOUBLE","timestamp":"1696685722","value":24132.856773},{"valueType":"DOUBLE","timestamp":"1696685662","value":24132.363063},{"valueType":"DOUBLE","timestamp":"1696685602","value":24131.59198},{"valueType":"DOUBLE","timestamp":"1696685542","value":24130.921449},{"valueType":"DOUBLE","timestamp":"1696685482","value":24130.48903},{"valueType":"DOUBLE","timestamp":"1696685422","value":24129.998486},{"valueType":"DOUBLE","timestamp":"1696685362","value":24129.565328},{"valueType":"DOUBLE","timestamp":"1696685302","value":24129.010323},{"valueType":"DOUBLE","timestamp":"1696685242","value":24128.548323},{"valueType":"DOUBLE","timestamp":"1696685182","value":24128.120857},{"valueType":"DOUBLE","timestamp":"1696685122","value":24127.704101},{"valueType":"DOUBLE","timestamp":"1696685062","value":24127.24524},{"valueType":"DOUBLE","timestamp":"1696685002","value":24126.749112},{"valueType":"DOUBLE","timestamp":"1696684942","value":24126.238351},{"valueType":"DOUBLE","timestamp":"1696684882","value":24125.751032},{"valueType":"DOUBLE","timestamp":"1696684822","value":24125.279359},{"valueType":"DOUBLE","timestamp":"1696684762","value":24124.793179},{"valueType":"DOUBLE","timestamp":"1696684702","value":24124.330074},{"valueType":"DOUBLE","timestamp":"1696684642","value":24123.863353},{"valueType":"DOUBLE","timestamp":"1696684582","value":24123.43302},{"valueType":"DOUBLE","timestamp":"1696684522","value":24122.933098},{"valueType":"DOUBLE","timestamp":"1696684462","value":24122.390236},{"valueType":"DOUBLE","timestamp":"1696684402","value":24122.027451},{"valueType":"DOUBLE","timestamp":"1696684342","value":24121.540635},{"valueType":"DOUBLE","timestamp":"1696684282","value":24121.120826},{"valueType":"DOUBLE","timestamp":"1696684222","value":24120.635953},{"valueType":"DOUBLE","timestamp":"1696684162","value":24120.128411},{"valueType":"DOUBLE","timestamp":"1696684102","value":24119.696641},{"valueType":"DOUBLE","timestamp":"1696684042","value":24119.263192},{"valueType":"DOUBLE","timestamp":"1696683982","value":24118.754764},{"valueType":"DOUBLE","timestamp":"1696683922","value":24118.236686},{"valueType":"DOUBLE","timestamp":"1696683862","value":24117.773406},{"valueType":"DOUBLE","timestamp":"1696683802","value":24117.275084},{"valueType":"DOUBLE","timestamp":"1696683742","value":24116.864091},{"valueType":"DOUBLE","timestamp":"1696683682","value":24116.392916},{"valueType":"DOUBLE","timestamp":"1696683622","value":24115.946848},{"valueType":"DOUBLE","timestamp":"1696683562","value":24115.374681},{"valueType":"DOUBLE","timestamp":"1696683502","value":24114.95758},{"valueType":"DOUBLE","timestamp":"1696683442","value":24114.192225},{"valueType":"DOUBLE","timestamp":"1696683382","value":24113.444136},{"valueType":"DOUBLE","timestamp":"1696683322","value":24112.695478},{"valueType":"DOUBLE","timestamp":"1696683262","value":24112.062553},{"valueType":"DOUBLE","timestamp":"1696683202","value":24111.38781},{"valueType":"DOUBLE","timestamp":"1696683142","value":24110.64128},{"valueType":"DOUBLE","timestamp":"1696683082","value":24109.942211},{"valueType":"DOUBLE","timestamp":"1696683022","value":24109.385118},{"valueType":"DOUBLE","timestamp":"1696682962","value":24108.788531},{"valueType":"DOUBLE","timestamp":"1696682902","value":24108.098029},{"valueType":"DOUBLE","timestamp":"1696682842","value":24107.374978},{"valueType":"DOUBLE","timestamp":"1696682782","value":24106.807897},{"valueType":"DOUBLE","timestamp":"1696682722","value":24106.201897},{"valueType":"DOUBLE","timestamp":"1696682662","value":24105.288823},{"valueType":"DOUBLE","timestamp":"1696682602","value":24104.781599},{"valueType":"DOUBLE","timestamp":"1696682542","value":24104.359337},{"valueType":"DOUBLE","timestamp":"1696682482","value":24103.960127},{"valueType":"DOUBLE","timestamp":"1696682422","value":24103.480252},{"valueType":"DOUBLE","timestamp":"1696682362","value":24103.05463},{"valueType":"DOUBLE","timestamp":"1696682302","value":24102.543541},{"valueType":"DOUBLE","timestamp":"1696682242","value":24102.031411},{"valueType":"DOUBLE","timestamp":"1696682182","value":24101.635193},{"valueType":"DOUBLE","timestamp":"1696682122","value":24101.137526},{"valueType":"DOUBLE","timestamp":"1696682062","value":24100.727455},{"valueType":"DOUBLE","timestamp":"1696682002","value":24100.217319},{"valueType":"DOUBLE","timestamp":"1696681942","value":24099.743149},{"valueType":"DOUBLE","timestamp":"1696681882","value":24099.254983},{"valueType":"DOUBLE","timestamp":"1696681822","value":24098.287208},{"valueType":"DOUBLE","timestamp":"1696681762","value":24097.423208},{"valueType":"DOUBLE","timestamp":"1696681702","value":24096.838949},{"valueType":"DOUBLE","timestamp":"1696681642","value":24096.05954},{"valueType":"DOUBLE","timestamp":"1696681582","value":24095.096753},{"valueType":"DOUBLE","timestamp":"1696681522","value":24094.388306},{"valueType":"DOUBLE","timestamp":"1696681462","value":24093.659168},{"valueType":"DOUBLE","timestamp":"1696681402","value":24092.958522},{"valueType":"DOUBLE","timestamp":"1696681342","value":24092.169192},{"valueType":"DOUBLE","timestamp":"1696681282","value":24091.291126},{"valueType":"DOUBLE","timestamp":"1696681222","value":24090.646576},{"valueType":"DOUBLE","timestamp":"1696681162","value":24090.174988},{"valueType":"DOUBLE","timestamp":"1696681102","value":24089.776706},{"valueType":"DOUBLE","timestamp":"1696681042","value":24089.22333},{"valueType":"DOUBLE","timestamp":"1696680982","value":24088.837812},{"valueType":"DOUBLE","timestamp":"1696680922","value":24088.389642},{"valueType":"DOUBLE","timestamp":"1696680862","value":24087.883227},{"valueType":"DOUBLE","timestamp":"1696680802","value":24087.503776},{"valueType":"DOUBLE","timestamp":"1696680742","value":24087.060695},{"valueType":"DOUBLE","timestamp":"1696680682","value":24086.508522},{"valueType":"DOUBLE","timestamp":"1696680622","value":24086.071939},{"valueType":"DOUBLE","timestamp":"1696680562","value":24085.599161},{"valueType":"DOUBLE","timestamp":"1696680502","value":24085.089078},{"valueType":"DOUBLE","timestamp":"1696680442","value":24084.630046},{"valueType":"DOUBLE","timestamp":"1696680382","value":24084.184621},{"valueType":"DOUBLE","timestamp":"1696680322","value":24083.664599},{"valueType":"DOUBLE","timestamp":"1696680262","value":24083.191946},{"valueType":"DOUBLE","timestamp":"1696680202","value":24082.764789},{"valueType":"DOUBLE","timestamp":"1696680142","value":24082.299597},{"valueType":"DOUBLE","timestamp":"1696680082","value":24081.835143},{"valueType":"DOUBLE","timestamp":"1696680022","value":24081.382115},{"valueType":"DOUBLE","timestamp":"1696679962","value":24080.891703},{"valueType":"DOUBLE","timestamp":"1696679902","value":24080.380479},{"valueType":"DOUBLE","timestamp":"1696679842","value":24079.999892},{"valueType":"DOUBLE","timestamp":"1696679782","value":24079.499236},{"valueType":"DOUBLE","timestamp":"1696679722","value":24079.083685},{"valueType":"DOUBLE","timestamp":"1696679662","value":24078.556461},{"valueType":"DOUBLE","timestamp":"1696679602","value":24078.051841},{"valueType":"DOUBLE","timestamp":"1696679542","value":24077.564871},{"valueType":"DOUBLE","timestamp":"1696679482","value":24077.197044},{"valueType":"DOUBLE","timestamp":"1696679422","value":24076.724661},{"valueType":"DOUBLE","timestamp":"1696679362","value":24076.178408},{"valueType":"DOUBLE","timestamp":"1696679302","value":24075.653663},{"valueType":"DOUBLE","timestamp":"1696679242","value":24075.273567},{"valueType":"DOUBLE","timestamp":"1696679182","value":24074.74181},{"valueType":"DOUBLE","timestamp":"1696679122","value":24074.257437},{"valueType":"DOUBLE","timestamp":"1696679062","value":24073.766226},{"valueType":"DOUBLE","timestamp":"1696679002","value":24073.405036},{"valueType":"DOUBLE","timestamp":"1696678942","value":24072.844203},{"valueType":"DOUBLE","timestamp":"1696678882","value":24072.428479},{"valueType":"DOUBLE","timestamp":"1696678822","value":24071.941427},{"valueType":"DOUBLE","timestamp":"1696678762","value":24071.488137},{"valueType":"DOUBLE","timestamp":"1696678702","value":24070.988899},{"valueType":"DOUBLE","timestamp":"1696678642","value":24070.545612},{"valueType":"DOUBLE","timestamp":"1696678582","value":24070.129496},{"valueType":"DOUBLE","timestamp":"1696678522","value":24069.607978},{"valueType":"DOUBLE","timestamp":"1696678462","value":24069.095257},{"valueType":"DOUBLE","timestamp":"1696678402","value":24068.642264},{"valueType":"DOUBLE","timestamp":"1696678342","value":24068.218057},{"valueType":"DOUBLE","timestamp":"1696678282","value":24067.758878},{"valueType":"DOUBLE","timestamp":"1696678222","value":24067.202963},{"valueType":"DOUBLE","timestamp":"1696678162","value":24066.713454},{"valueType":"DOUBLE","timestamp":"1696678102","value":24066.247937},{"valueType":"DOUBLE","timestamp":"1696678042","value":24065.847868},{"valueType":"DOUBLE","timestamp":"1696677982","value":24065.318776},{"valueType":"DOUBLE","timestamp":"1696677922","value":24064.846498},{"valueType":"DOUBLE","timestamp":"1696677862","value":24064.387077},{"valueType":"DOUBLE","timestamp":"1696677802","value":24063.877323},{"valueType":"DOUBLE","timestamp":"1696677742","value":24063.39774},{"valueType":"DOUBLE","timestamp":"1696677682","value":24062.968725},{"valueType":"DOUBLE","timestamp":"1696677622","value":24062.499136},{"valueType":"DOUBLE","timestamp":"1696677562","value":24061.988505},{"valueType":"DOUBLE","timestamp":"1696677502","value":24061.57269},{"valueType":"DOUBLE","timestamp":"1696677442","value":24061.099951},{"valueType":"DOUBLE","timestamp":"1696677382","value":24060.628928},{"valueType":"DOUBLE","timestamp":"1696677322","value":24060.099419},{"valueType":"DOUBLE","timestamp":"1696677262","value":24059.64522},{"valueType":"DOUBLE","timestamp":"1696677202","value":24059.171466},{"valueType":"DOUBLE","timestamp":"1696677142","value":24058.657579},{"valueType":"DOUBLE","timestamp":"1696677082","value":24058.243941},{"valueType":"DOUBLE","timestamp":"1696677022","value":24057.652662},{"valueType":"DOUBLE","timestamp":"1696676962","value":24057.269462},{"valueType":"DOUBLE","timestamp":"1696676902","value":24056.78038},{"valueType":"DOUBLE","timestamp":"1696676842","value":24056.374915},{"valueType":"DOUBLE","timestamp":"1696676782","value":24055.855327},{"valueType":"DOUBLE","timestamp":"1696676722","value":24055.356309},{"valueType":"DOUBLE","timestamp":"1696676662","value":24054.95831},{"valueType":"DOUBLE","timestamp":"1696676602","value":24054.483128},{"valueType":"DOUBLE","timestamp":"1696676542","value":24053.96761},{"valueType":"DOUBLE","timestamp":"1696676482","value":24053.563532},{"valueType":"DOUBLE","timestamp":"1696676422","value":24053.093399},{"valueType":"DOUBLE","timestamp":"1696676362","value":24052.586016},{"valueType":"DOUBLE","timestamp":"1696676302","value":24052.066363},{"valueType":"DOUBLE","timestamp":"1696676242","value":24051.673088},{"valueType":"DOUBLE","timestamp":"1696676182","value":24051.196054},{"valueType":"DOUBLE","timestamp":"1696676122","value":24050.736051},{"valueType":"DOUBLE","timestamp":"1696676062","value":24050.297768},{"valueType":"DOUBLE","timestamp":"1696676002","value":24049.762481},{"valueType":"DOUBLE","timestamp":"1696675942","value":24049.313493},{"valueType":"DOUBLE","timestamp":"1696675882","value":24048.846052},{"valueType":"DOUBLE","timestamp":"1696675822","value":24048.443694},{"valueType":"DOUBLE","timestamp":"1696675762","value":24047.959817},{"valueType":"DOUBLE","timestamp":"1696675702","value":24047.444293},{"valueType":"DOUBLE","timestamp":"1696675642","value":24047.038846},{"valueType":"DOUBLE","timestamp":"1696675582","value":24046.518771},{"valueType":"DOUBLE","timestamp":"1696675522","value":24045.98999},{"valueType":"DOUBLE","timestamp":"1696675462","value":24045.603454},{"valueType":"DOUBLE","timestamp":"1696675402","value":24045.113919},{"valueType":"DOUBLE","timestamp":"1696675342","value":24044.62007},{"valueType":"DOUBLE","timestamp":"1696675282","value":24044.191329},{"valueType":"DOUBLE","timestamp":"1696675222","value":24043.725839},{"valueType":"DOUBLE","timestamp":"1696675162","value":24043.238748},{"valueType":"DOUBLE","timestamp":"1696675102","value":24042.766625},{"valueType":"DOUBLE","timestamp":"1696675042","value":24042.219382},{"valueType":"DOUBLE","timestamp":"1696674982","value":24041.822418},{"valueType":"DOUBLE","timestamp":"1696674922","value":24041.388439},{"valueType":"DOUBLE","timestamp":"1696674862","value":24040.858569},{"valueType":"DOUBLE","timestamp":"1696674802","value":24040.419299},{"valueType":"DOUBLE","timestamp":"1696674742","value":24039.958111},{"valueType":"DOUBLE","timestamp":"1696674682","value":24039.424284},{"valueType":"DOUBLE","timestamp":"1696674622","value":24039.014686},{"valueType":"DOUBLE","timestamp":"1696674562","value":24038.568198},{"valueType":"DOUBLE","timestamp":"1696674502","value":24038.09664},{"valueType":"DOUBLE","timestamp":"1696674442","value":24037.678779},{"valueType":"DOUBLE","timestamp":"1696674382","value":24037.179118},{"valueType":"DOUBLE","timestamp":"1696674322","value":24036.672873},{"valueType":"DOUBLE","timestamp":"1696674262","value":24036.174116},{"valueType":"DOUBLE","timestamp":"1696674202","value":24035.818852},{"valueType":"DOUBLE","timestamp":"1696674142","value":24035.33119},{"valueType":"DOUBLE","timestamp":"1696674082","value":24034.842868},{"valueType":"DOUBLE","timestamp":"1696674022","value":24034.38587},{"valueType":"DOUBLE","timestamp":"1696673962","value":24033.932507},{"valueType":"DOUBLE","timestamp":"1696673902","value":24033.459126},{"valueType":"DOUBLE","timestamp":"1696673842","value":24032.94549},{"valueType":"DOUBLE","timestamp":"1696673782","value":24032.53401},{"valueType":"DOUBLE","timestamp":"1696673722","value":24032.061229},{"valueType":"DOUBLE","timestamp":"1696673662","value":24031.556463},{"valueType":"DOUBLE","timestamp":"1696673602","value":24031.047637},{"valueType":"DOUBLE","timestamp":"1696673542","value":24030.549455},{"valueType":"DOUBLE","timestamp":"1696673482","value":24030.168239},{"valueType":"DOUBLE","timestamp":"1696673422","value":24029.688958},{"valueType":"DOUBLE","timestamp":"1696673362","value":24029.095039},{"valueType":"DOUBLE","timestamp":"1696673302","value":24028.709027},{"valueType":"DOUBLE","timestamp":"1696673242","value":24028.194635},{"valueType":"DOUBLE","timestamp":"1696673182","value":24027.788581},{"valueType":"DOUBLE","timestamp":"1696673122","value":24027.253473},{"valueType":"DOUBLE","timestamp":"1696673062","value":24026.813603},{"valueType":"DOUBLE","timestamp":"1696673002","value":24026.364589},{"valueType":"DOUBLE","timestamp":"1696672942","value":24025.873953},{"valueType":"DOUBLE","timestamp":"1696672882","value":24025.41114},{"valueType":"DOUBLE","timestamp":"1696672822","value":24025.002104},{"valueType":"DOUBLE","timestamp":"1696672762","value":24024.512873},{"valueType":"DOUBLE","timestamp":"1696672702","value":24024.037594},{"valueType":"DOUBLE","timestamp":"1696672642","value":24023.530204},{"valueType":"DOUBLE","timestamp":"1696672582","value":24023.108009},{"valueType":"DOUBLE","timestamp":"1696672522","value":24022.598803},{"valueType":"DOUBLE","timestamp":"1696672462","value":24022.115945},{"valueType":"DOUBLE","timestamp":"1696672402","value":24021.653351},{"valueType":"DOUBLE","timestamp":"1696672342","value":24021.164131},{"valueType":"DOUBLE","timestamp":"1696672282","value":24020.679915},{"valueType":"DOUBLE","timestamp":"1696672222","value":24020.191051},{"valueType":"DOUBLE","timestamp":"1696672162","value":24019.773059},{"valueType":"DOUBLE","timestamp":"1696672102","value":24019.327007},{"valueType":"DOUBLE","timestamp":"1696672042","value":24018.876889},{"valueType":"DOUBLE","timestamp":"1696671982","value":24018.388387},{"valueType":"DOUBLE","timestamp":"1696671922","value":24017.900697},{"valueType":"DOUBLE","timestamp":"1696671862","value":24017.473648},{"valueType":"DOUBLE","timestamp":"1696671802","value":24016.927419},{"valueType":"DOUBLE","timestamp":"1696671742","value":24016.485911},{"valueType":"DOUBLE","timestamp":"1696671682","value":24016.024925},{"valueType":"DOUBLE","timestamp":"1696671622","value":24015.555521},{"valueType":"DOUBLE","timestamp":"1696671562","value":24015.068174},{"valueType":"DOUBLE","timestamp":"1696671502","value":24014.568843},{"valueType":"DOUBLE","timestamp":"1696671442","value":24014.177334},{"valueType":"DOUBLE","timestamp":"1696671382","value":24013.656447},{"valueType":"DOUBLE","timestamp":"1696671322","value":24013.141461},{"valueType":"DOUBLE","timestamp":"1696671262","value":24012.734484},{"valueType":"DOUBLE","timestamp":"1696671202","value":24012.189554},{"valueType":"DOUBLE","timestamp":"1696671142","value":24011.675525},{"valueType":"DOUBLE","timestamp":"1696671082","value":24011.192238},{"valueType":"DOUBLE","timestamp":"1696671022","value":24010.720987},{"valueType":"DOUBLE","timestamp":"1696670962","value":24010.155939},{"valueType":"DOUBLE","timestamp":"1696670902","value":24009.501699},{"valueType":"DOUBLE","timestamp":"1696670842","value":24008.671193},{"valueType":"DOUBLE","timestamp":"1696670782","value":24007.945264},{"valueType":"DOUBLE","timestamp":"1696670722","value":24007.188367},{"valueType":"DOUBLE","timestamp":"1696670662","value":24006.245462},{"valueType":"DOUBLE","timestamp":"1696670602","value":24005.450348},{"valueType":"DOUBLE","timestamp":"1696670542","value":24004.838734},{"valueType":"DOUBLE","timestamp":"1696670482","value":24003.977163},{"valueType":"DOUBLE","timestamp":"1696670422","value":24003.069587},{"valueType":"DOUBLE","timestamp":"1696670362","value":24002.189615},{"valueType":"DOUBLE","timestamp":"1696670302","value":24001.401023},{"valueType":"DOUBLE","timestamp":"1696670242","value":24000.63639},{"valueType":"DOUBLE","timestamp":"1696670182","value":23999.705654},{"valueType":"DOUBLE","timestamp":"1696670122","value":23999.01684},{"valueType":"DOUBLE","timestamp":"1696670062","value":23998.249303},{"valueType":"DOUBLE","timestamp":"1696670002","value":23997.317369},{"valueType":"DOUBLE","timestamp":"1696669942","value":23996.887531},{"valueType":"DOUBLE","timestamp":"1696669882","value":23996.459688},{"valueType":"DOUBLE","timestamp":"1696669822","value":23996.068902},{"valueType":"DOUBLE","timestamp":"1696669762","value":23995.550252},{"valueType":"DOUBLE","timestamp":"1696669702","value":23995.049288},{"valueType":"DOUBLE","timestamp":"1696669642","value":23994.643781},{"valueType":"DOUBLE","timestamp":"1696669582","value":23994.132228},{"valueType":"DOUBLE","timestamp":"1696669522","value":23993.696524},{"valueType":"DOUBLE","timestamp":"1696669462","value":23993.123108},{"valueType":"DOUBLE","timestamp":"1696669402","value":23992.649208},{"valueType":"DOUBLE","timestamp":"1696669342","value":23992.132648},{"valueType":"DOUBLE","timestamp":"1696669282","value":23991.714118},{"valueType":"DOUBLE","timestamp":"1696669222","value":23991.215314},{"valueType":"DOUBLE","timestamp":"1696669162","value":23990.69781},{"valueType":"DOUBLE","timestamp":"1696669102","value":23990.18265},{"valueType":"DOUBLE","timestamp":"1696669042","value":23989.736376},{"valueType":"DOUBLE","timestamp":"1696668982","value":23989.220191},{"valueType":"DOUBLE","timestamp":"1696668922","value":23988.687885},{"valueType":"DOUBLE","timestamp":"1696668862","value":23988.279279},{"valueType":"DOUBLE","timestamp":"1696668802","value":23987.701104},{"valueType":"DOUBLE","timestamp":"1696668742","value":23987.058333},{"valueType":"DOUBLE","timestamp":"1696668682","value":23986.353177},{"valueType":"DOUBLE","timestamp":"1696668622","value":23985.383531},{"valueType":"DOUBLE","timestamp":"1696668562","value":23984.711325},{"valueType":"DOUBLE","timestamp":"1696668502","value":23983.971071},{"valueType":"DOUBLE","timestamp":"1696668442","value":23983.079891},{"valueType":"DOUBLE","timestamp":"1696668382","value":23982.474974},{"valueType":"DOUBLE","timestamp":"1696668322","value":23981.631507},{"valueType":"DOUBLE","timestamp":"1696668262","value":23980.840187},{"valueType":"DOUBLE","timestamp":"1696668202","value":23979.866954},{"valueType":"DOUBLE","timestamp":"1696668142","value":23979.14768},{"valueType":"DOUBLE","timestamp":"1696668082","value":23978.344351},{"valueType":"DOUBLE","timestamp":"1696668022","value":23977.428852},{"valueType":"DOUBLE","timestamp":"1696667962","value":23976.596108},{"valueType":"DOUBLE","timestamp":"1696667902","value":23975.655198},{"valueType":"DOUBLE","timestamp":"1696667842","value":23974.977198},{"valueType":"DOUBLE","timestamp":"1696667782","value":23974.110086},{"valueType":"DOUBLE","timestamp":"1696667722","value":23973.302612},{"valueType":"DOUBLE","timestamp":"1696667662","value":23972.564005},{"valueType":"DOUBLE","timestamp":"1696667602","value":23971.677392},{"valueType":"DOUBLE","timestamp":"1696667542","value":23971.10917},{"valueType":"DOUBLE","timestamp":"1696667482","value":23970.420666},{"valueType":"DOUBLE","timestamp":"1696667422","value":23969.707967},{"valueType":"DOUBLE","timestamp":"1696667362","value":23968.945183},{"valueType":"DOUBLE","timestamp":"1696667302","value":23968.465087},{"valueType":"DOUBLE","timestamp":"1696667242","value":23967.864376},{"valueType":"DOUBLE","timestamp":"1696667182","value":23967.19547},{"valueType":"DOUBLE","timestamp":"1696667122","value":23966.550357},{"valueType":"DOUBLE","timestamp":"1696667062","value":23965.822176},{"valueType":"DOUBLE","timestamp":"1696667002","value":23965.15765},{"valueType":"DOUBLE","timestamp":"1696666942","value":23964.563458},{"valueType":"DOUBLE","timestamp":"1696666882","value":23963.922803},{"valueType":"DOUBLE","timestamp":"1696666822","value":23963.157947},{"valueType":"DOUBLE","timestamp":"1696666762","value":23962.608852},{"valueType":"DOUBLE","timestamp":"1696666702","value":23961.809594},{"valueType":"DOUBLE","timestamp":"1696666642","value":23961.104129},{"valueType":"DOUBLE","timestamp":"1696666582","value":23960.261762},{"valueType":"DOUBLE","timestamp":"1696666522","value":23959.31953},{"valueType":"DOUBLE","timestamp":"1696666462","value":23958.401832},{"valueType":"DOUBLE","timestamp":"1696666402","value":23957.781295},{"valueType":"DOUBLE","timestamp":"1696666342","value":23956.87404},{"valueType":"DOUBLE","timestamp":"1696666282","value":23956.086491},{"valueType":"DOUBLE","timestamp":"1696666222","value":23955.165973},{"valueType":"DOUBLE","timestamp":"1696666162","value":23954.377144},{"valueType":"DOUBLE","timestamp":"1696666102","value":23953.523056},{"valueType":"DOUBLE","timestamp":"1696666042","value":23952.876141},{"valueType":"DOUBLE","timestamp":"1696665982","value":23951.993675},{"valueType":"DOUBLE","timestamp":"1696665922","value":23951.024325},{"valueType":"DOUBLE","timestamp":"1696665862","value":23950.26424},{"valueType":"DOUBLE","timestamp":"1696665802","value":23949.443153},{"valueType":"DOUBLE","timestamp":"1696665742","value":23948.561246},{"valueType":"DOUBLE","timestamp":"1696665682","value":23947.735454},{"valueType":"DOUBLE","timestamp":"1696665622","value":23947.000504},{"valueType":"DOUBLE","timestamp":"1696665562","value":23946.098685},{"valueType":"DOUBLE","timestamp":"1696665502","value":23945.443974},{"valueType":"DOUBLE","timestamp":"1696665442","value":23944.721148},{"valueType":"DOUBLE","timestamp":"1696665382","value":23943.855469},{"valueType":"DOUBLE","timestamp":"1696665322","value":23943.053477},{"valueType":"DOUBLE","timestamp":"1696665262","value":23942.192957},{"valueType":"DOUBLE","timestamp":"1696665202","value":23941.352955},{"valueType":"DOUBLE","timestamp":"1696665142","value":23940.406948},{"valueType":"DOUBLE","timestamp":"1696665082","value":23939.633877},{"valueType":"DOUBLE","timestamp":"1696665022","value":23938.983851},{"valueType":"DOUBLE","timestamp":"1696664962","value":23938.062692},{"valueType":"DOUBLE","timestamp":"1696664902","value":23937.242519},{"valueType":"DOUBLE","timestamp":"1696664842","value":23936.437569},{"valueType":"DOUBLE","timestamp":"1696664782","value":23935.670193},{"valueType":"DOUBLE","timestamp":"1696664722","value":23934.819173},{"valueType":"DOUBLE","timestamp":"1696664662","value":23934.129275},{"valueType":"DOUBLE","timestamp":"1696664602","value":23933.235105},{"valueType":"DOUBLE","timestamp":"1696664542","value":23932.703659},{"valueType":"DOUBLE","timestamp":"1696664482","value":23932.134491},{"valueType":"DOUBLE","timestamp":"1696664422","value":23931.532994},{"valueType":"DOUBLE","timestamp":"1696664362","value":23931.048343},{"valueType":"DOUBLE","timestamp":"1696664302","value":23930.381717},{"valueType":"DOUBLE","timestamp":"1696664242","value":23929.642738},{"valueType":"DOUBLE","timestamp":"1696664182","value":23928.870207},{"valueType":"DOUBLE","timestamp":"1696664122","value":23927.954032},{"valueType":"DOUBLE","timestamp":"1696664062","value":23927.079941},{"valueType":"DOUBLE","timestamp":"1696664002","value":23926.379456},{"valueType":"DOUBLE","timestamp":"1696663942","value":23925.299146},{"valueType":"DOUBLE","timestamp":"1696663882","value":23924.454909},{"valueType":"DOUBLE","timestamp":"1696663822","value":23923.704369},{"valueType":"DOUBLE","timestamp":"1696663762","value":23922.92159},{"valueType":"DOUBLE","timestamp":"1696663702","value":23922.07048},{"valueType":"DOUBLE","timestamp":"1696663642","value":23921.316038},{"valueType":"DOUBLE","timestamp":"1696663582","value":23920.342378},{"valueType":"DOUBLE","timestamp":"1696663522","value":23919.484956},{"valueType":"DOUBLE","timestamp":"1696663462","value":23918.809534},{"valueType":"DOUBLE","timestamp":"1696663402","value":23917.923218},{"valueType":"DOUBLE","timestamp":"1696663342","value":23917.180612},{"valueType":"DOUBLE","timestamp":"1696663282","value":23916.362905},{"valueType":"DOUBLE","timestamp":"1696663222","value":23915.575882},{"valueType":"DOUBLE","timestamp":"1696663162","value":23914.799032},{"valueType":"DOUBLE","timestamp":"1696663102","value":23913.821353},{"valueType":"DOUBLE","timestamp":"1696663042","value":23913.169379},{"valueType":"DOUBLE","timestamp":"1696662982","value":23912.320399},{"valueType":"DOUBLE","timestamp":"1696662922","value":23911.487241},{"valueType":"DOUBLE","timestamp":"1696662862","value":23910.69697},{"valueType":"DOUBLE","timestamp":"1696662802","value":23909.707736},{"valueType":"DOUBLE","timestamp":"1696662742","value":23909.077257},{"valueType":"DOUBLE","timestamp":"1696662682","value":23908.291008},{"valueType":"DOUBLE","timestamp":"1696662622","value":23907.52873},{"valueType":"DOUBLE","timestamp":"1696662562","value":23906.586455},{"valueType":"DOUBLE","timestamp":"1696662502","value":23905.997836},{"valueType":"DOUBLE","timestamp":"1696662442","value":23904.991393},{"valueType":"DOUBLE","timestamp":"1696662382","value":23904.211982},{"valueType":"DOUBLE","timestamp":"1696662322","value":23903.635044},{"valueType":"DOUBLE","timestamp":"1696662262","value":23902.750271},{"valueType":"DOUBLE","timestamp":"1696662202","value":23901.862952},{"valueType":"DOUBLE","timestamp":"1696662142","value":23901.266216},{"valueType":"DOUBLE","timestamp":"1696662082","value":23900.324234},{"valueType":"DOUBLE","timestamp":"1696662022","value":23899.546174},{"valueType":"DOUBLE","timestamp":"1696661962","value":23898.758459},{"valueType":"DOUBLE","timestamp":"1696661902","value":23897.796485},{"valueType":"DOUBLE","timestamp":"1696661842","value":23897.069715},{"valueType":"DOUBLE","timestamp":"1696661782","value":23896.223122},{"valueType":"DOUBLE","timestamp":"1696661722","value":23895.397844},{"valueType":"DOUBLE","timestamp":"1696661662","value":23894.622069},{"valueType":"DOUBLE","timestamp":"1696661602","value":23893.85311},{"valueType":"DOUBLE","timestamp":"1696661542","value":23893.036245},{"valueType":"DOUBLE","timestamp":"1696661482","value":23892.169254},{"valueType":"DOUBLE","timestamp":"1696661422","value":23891.398967},{"valueType":"DOUBLE","timestamp":"1696661362","value":23890.515557},{"valueType":"DOUBLE","timestamp":"1696661302","value":23889.666854},{"valueType":"DOUBLE","timestamp":"1696661242","value":23888.796726},{"valueType":"DOUBLE","timestamp":"1696661182","value":23887.932017},{"valueType":"DOUBLE","timestamp":"1696661122","value":23887.13503},{"valueType":"DOUBLE","timestamp":"1696661062","value":23886.341864},{"valueType":"DOUBLE","timestamp":"1696661002","value":23885.31688},{"valueType":"DOUBLE","timestamp":"1696660942","value":23884.606762},{"valueType":"DOUBLE","timestamp":"1696660882","value":23883.754264},{"valueType":"DOUBLE","timestamp":"1696660822","value":23882.861552},{"valueType":"DOUBLE","timestamp":"1696660762","value":23882.026215},{"valueType":"DOUBLE","timestamp":"1696660702","value":23881.181297},{"valueType":"DOUBLE","timestamp":"1696660642","value":23880.302656},{"valueType":"DOUBLE","timestamp":"1696660582","value":23879.756173},{"valueType":"DOUBLE","timestamp":"1696660522","value":23878.877315},{"valueType":"DOUBLE","timestamp":"1696660462","value":23878.129832},{"valueType":"DOUBLE","timestamp":"1696660402","value":23877.235182},{"valueType":"DOUBLE","timestamp":"1696660342","value":23876.49254},{"valueType":"DOUBLE","timestamp":"1696660282","value":23875.469476},{"valueType":"DOUBLE","timestamp":"1696660222","value":23874.83241},{"valueType":"DOUBLE","timestamp":"1696660162","value":23874.029456},{"valueType":"DOUBLE","timestamp":"1696660102","value":23873.10689},{"valueType":"DOUBLE","timestamp":"1696660042","value":23872.48352},{"valueType":"DOUBLE","timestamp":"1696659982","value":23871.648597},{"valueType":"DOUBLE","timestamp":"1696659922","value":23870.664316},{"valueType":"DOUBLE","timestamp":"1696659862","value":23869.929279},{"valueType":"DOUBLE","timestamp":"1696659802","value":23869.11694},{"valueType":"DOUBLE","timestamp":"1696659742","value":23868.388102},{"valueType":"DOUBLE","timestamp":"1696659682","value":23867.584256},{"valueType":"DOUBLE","timestamp":"1696659622","value":23866.701041},{"valueType":"DOUBLE","timestamp":"1696659562","value":23865.904065},{"valueType":"DOUBLE","timestamp":"1696659502","value":23865.053842},{"valueType":"DOUBLE","timestamp":"1696659442","value":23864.393198},{"valueType":"DOUBLE","timestamp":"1696659382","value":23863.581598},{"valueType":"DOUBLE","timestamp":"1696659322","value":23862.643171},{"valueType":"DOUBLE","timestamp":"1696659262","value":23861.896555},{"valueType":"DOUBLE","timestamp":"1696659202","value":23861.047642},{"valueType":"DOUBLE","timestamp":"1696659142","value":23860.084478},{"valueType":"DOUBLE","timestamp":"1696659082","value":23859.493949},{"valueType":"DOUBLE","timestamp":"1696659022","value":23858.727415},{"valueType":"DOUBLE","timestamp":"1696658962","value":23857.761248},{"valueType":"DOUBLE","timestamp":"1696658902","value":23856.953824},{"valueType":"DOUBLE","timestamp":"1696658842","value":23856.229244},{"valueType":"DOUBLE","timestamp":"1696658782","value":23855.499487},{"valueType":"DOUBLE","timestamp":"1696658722","value":23854.736616},{"valueType":"DOUBLE","timestamp":"1696658662","value":23854.010603},{"valueType":"DOUBLE","timestamp":"1696658602","value":23853.180708},{"valueType":"DOUBLE","timestamp":"1696658542","value":23852.462195},{"valueType":"DOUBLE","timestamp":"1696658482","value":23851.600337},{"valueType":"DOUBLE","timestamp":"1696658422","value":23850.915771},{"valueType":"DOUBLE","timestamp":"1696658362","value":23850.1084},{"valueType":"DOUBLE","timestamp":"1696658302","value":23849.242391},{"valueType":"DOUBLE","timestamp":"1696658242","value":23848.49613},{"valueType":"DOUBLE","timestamp":"1696658182","value":23847.788461},{"valueType":"DOUBLE","timestamp":"1696658122","value":23847.051738},{"valueType":"DOUBLE","timestamp":"1696658062","value":23846.059291},{"valueType":"DOUBLE","timestamp":"1696658002","value":23845.449501},{"valueType":"DOUBLE","timestamp":"1696657942","value":23844.58456},{"valueType":"DOUBLE","timestamp":"1696657882","value":23843.70102},{"valueType":"DOUBLE","timestamp":"1696657822","value":23842.799892},{"valueType":"DOUBLE","timestamp":"1696657762","value":23841.895815},{"valueType":"DOUBLE","timestamp":"1696657702","value":23841.120387},{"valueType":"DOUBLE","timestamp":"1696657642","value":23840.308579},{"valueType":"DOUBLE","timestamp":"1696657582","value":23839.363941},{"valueType":"DOUBLE","timestamp":"1696657522","value":23838.620254},{"valueType":"DOUBLE","timestamp":"1696657462","value":23837.815872},{"valueType":"DOUBLE","timestamp":"1696657402","value":23837.197498},{"valueType":"DOUBLE","timestamp":"1696657342","value":23836.324728},{"valueType":"DOUBLE","timestamp":"1696657282","value":23835.438208},{"valueType":"DOUBLE","timestamp":"1696657222","value":23834.775448},{"valueType":"DOUBLE","timestamp":"1696657162","value":23833.855809},{"valueType":"DOUBLE","timestamp":"1696657102","value":23833.098252},{"valueType":"DOUBLE","timestamp":"1696657042","value":23832.200981},{"valueType":"DOUBLE","timestamp":"1696656982","value":23831.447921},{"valueType":"DOUBLE","timestamp":"1696656922","value":23830.630909},{"valueType":"DOUBLE","timestamp":"1696656862","value":23829.915663},{"valueType":"DOUBLE","timestamp":"1696656802","value":23829.141149},{"valueType":"DOUBLE","timestamp":"1696656742","value":23828.396045},{"valueType":"DOUBLE","timestamp":"1696656682","value":23827.66742},{"valueType":"DOUBLE","timestamp":"1696656622","value":23826.820453},{"valueType":"DOUBLE","timestamp":"1696656562","value":23826.020031},{"valueType":"DOUBLE","timestamp":"1696656502","value":23825.276095},{"valueType":"DOUBLE","timestamp":"1696656442","value":23824.308009},{"valueType":"DOUBLE","timestamp":"1696656382","value":23823.676636},{"valueType":"DOUBLE","timestamp":"1696656322","value":23822.904962},{"valueType":"DOUBLE","timestamp":"1696656262","value":23821.942696},{"valueType":"DOUBLE","timestamp":"1696656202","value":23821.152125},{"valueType":"DOUBLE","timestamp":"1696656142","value":23820.463352},{"valueType":"DOUBLE","timestamp":"1696656082","value":23819.688304},{"valueType":"DOUBLE","timestamp":"1696656022","value":23818.724193},{"valueType":"DOUBLE","timestamp":"1696655962","value":23818.092925},{"valueType":"DOUBLE","timestamp":"1696655902","value":23817.387364},{"valueType":"DOUBLE","timestamp":"1696655842","value":23816.585146},{"valueType":"DOUBLE","timestamp":"1696655782","value":23815.692592},{"valueType":"DOUBLE","timestamp":"1696655722","value":23815.042804},{"valueType":"DOUBLE","timestamp":"1696655662","value":23814.247108},{"valueType":"DOUBLE","timestamp":"1696655602","value":23813.341805},{"valueType":"DOUBLE","timestamp":"1696655542","value":23812.525364},{"valueType":"DOUBLE","timestamp":"1696655482","value":23811.646853},{"valueType":"DOUBLE","timestamp":"1696655422","value":23810.95328},{"valueType":"DOUBLE","timestamp":"1696655362","value":23810.215633},{"valueType":"DOUBLE","timestamp":"1696655302","value":23809.411818},{"valueType":"DOUBLE","timestamp":"1696655242","value":23808.550862},{"valueType":"DOUBLE","timestamp":"1696655182","value":23807.679931},{"valueType":"DOUBLE","timestamp":"1696655122","value":23806.897966},{"valueType":"DOUBLE","timestamp":"1696655062","value":23806.013643},{"valueType":"DOUBLE","timestamp":"1696655002","value":23805.114601},{"valueType":"DOUBLE","timestamp":"1696654942","value":23804.445529},{"valueType":"DOUBLE","timestamp":"1696654882","value":23803.429924},{"valueType":"DOUBLE","timestamp":"1696654822","value":23802.625024},{"valueType":"DOUBLE","timestamp":"1696654762","value":23801.9036},{"valueType":"DOUBLE","timestamp":"1696654702","value":23801.053956},{"valueType":"DOUBLE","timestamp":"1696654642","value":23800.145716},{"valueType":"DOUBLE","timestamp":"1696654582","value":23799.551266},{"valueType":"DOUBLE","timestamp":"1696654522","value":23798.596371},{"valueType":"DOUBLE","timestamp":"1696654462","value":23797.898133},{"valueType":"DOUBLE","timestamp":"1696654402","value":23797.11567},{"valueType":"DOUBLE","timestamp":"1696654342","value":23796.387425},{"valueType":"DOUBLE","timestamp":"1696654282","value":23795.556756},{"valueType":"DOUBLE","timestamp":"1696654222","value":23794.769043},{"valueType":"DOUBLE","timestamp":"1696654162","value":23793.915845},{"valueType":"DOUBLE","timestamp":"1696654102","value":23793.080606},{"valueType":"DOUBLE","timestamp":"1696654042","value":23792.454952},{"valueType":"DOUBLE","timestamp":"1696653982","value":23791.53468},{"valueType":"DOUBLE","timestamp":"1696653922","value":23790.855262},{"valueType":"DOUBLE","timestamp":"1696653862","value":23790.097074},{"valueType":"DOUBLE","timestamp":"1696653802","value":23789.260934},{"valueType":"DOUBLE","timestamp":"1696653742","value":23788.443884},{"valueType":"DOUBLE","timestamp":"1696653682","value":23787.652295},{"valueType":"DOUBLE","timestamp":"1696653622","value":23786.781755},{"valueType":"DOUBLE","timestamp":"1696653562","value":23785.989113},{"valueType":"DOUBLE","timestamp":"1696653502","value":23785.225757},{"valueType":"DOUBLE","timestamp":"1696653442","value":23784.511352},{"valueType":"DOUBLE","timestamp":"1696653382","value":23783.755184},{"valueType":"DOUBLE","timestamp":"1696653322","value":23782.887373},{"valueType":"DOUBLE","timestamp":"1696653262","value":23782.008891},{"valueType":"DOUBLE","timestamp":"1696653202","value":23781.134295},{"valueType":"DOUBLE","timestamp":"1696653142","value":23780.27877},{"valueType":"DOUBLE","timestamp":"1696653082","value":23779.485299},{"valueType":"DOUBLE","timestamp":"1696653022","value":23778.846591},{"valueType":"DOUBLE","timestamp":"1696652962","value":23777.953759},{"valueType":"DOUBLE","timestamp":"1696652902","value":23777.192761},{"valueType":"DOUBLE","timestamp":"1696652842","value":23776.476713},{"valueType":"DOUBLE","timestamp":"1696652782","value":23775.576687},{"valueType":"DOUBLE","timestamp":"1696652722","value":23774.715689},{"valueType":"DOUBLE","timestamp":"1696652662","value":23773.801028},{"valueType":"DOUBLE","timestamp":"1696652602","value":23773.176939},{"valueType":"DOUBLE","timestamp":"1696652542","value":23772.217614},{"valueType":"DOUBLE","timestamp":"1696652482","value":23771.517722},{"valueType":"DOUBLE","timestamp":"1696652422","value":23770.612117},{"valueType":"DOUBLE","timestamp":"1696652362","value":23769.739134},{"valueType":"DOUBLE","timestamp":"1696652302","value":23769.042583},{"valueType":"DOUBLE","timestamp":"1696652242","value":23768.311177},{"valueType":"DOUBLE","timestamp":"1696652182","value":23767.484778},{"valueType":"DOUBLE","timestamp":"1696652122","value":23766.595738},{"valueType":"DOUBLE","timestamp":"1696652062","value":23765.846403},{"valueType":"DOUBLE","timestamp":"1696652002","value":23764.972643},{"valueType":"DOUBLE","timestamp":"1696651942","value":23764.166864},{"valueType":"DOUBLE","timestamp":"1696651882","value":23763.488173},{"valueType":"DOUBLE","timestamp":"1696651822","value":23762.504216},{"valueType":"DOUBLE","timestamp":"1696651762","value":23761.685069},{"valueType":"DOUBLE","timestamp":"1696651702","value":23760.989207},{"valueType":"DOUBLE","timestamp":"1696651642","value":23760.01955},{"valueType":"DOUBLE","timestamp":"1696651582","value":23759.371504},{"valueType":"DOUBLE","timestamp":"1696651522","value":23758.562005},{"valueType":"DOUBLE","timestamp":"1696651462","value":23757.738476},{"valueType":"DOUBLE","timestamp":"1696651402","value":23756.877047},{"valueType":"DOUBLE","timestamp":"1696651342","value":23756.190005},{"valueType":"DOUBLE","timestamp":"1696651282","value":23755.394865},{"valueType":"DOUBLE","timestamp":"1696651222","value":23754.661106},{"valueType":"DOUBLE","timestamp":"1696651162","value":23753.854539},{"valueType":"DOUBLE","timestamp":"1696651102","value":23753.083789},{"valueType":"DOUBLE","timestamp":"1696651042","value":23752.168091},{"valueType":"DOUBLE","timestamp":"1696650982","value":23751.435574},{"valueType":"DOUBLE","timestamp":"1696650922","value":23750.530633},{"valueType":"DOUBLE","timestamp":"1696650862","value":23749.586525},{"valueType":"DOUBLE","timestamp":"1696650802","value":23748.825343},{"valueType":"DOUBLE","timestamp":"1696650742","value":23748.194971},{"valueType":"DOUBLE","timestamp":"1696650682","value":23747.461521},{"valueType":"DOUBLE","timestamp":"1696650622","value":23746.482409},{"valueType":"DOUBLE","timestamp":"1696650562","value":23745.68762},{"valueType":"DOUBLE","timestamp":"1696650502","value":23744.931807},{"valueType":"DOUBLE","timestamp":"1696650442","value":23744.150032},{"valueType":"DOUBLE","timestamp":"1696650382","value":23743.313518},{"valueType":"DOUBLE","timestamp":"1696650322","value":23742.397093},{"valueType":"DOUBLE","timestamp":"1696650262","value":23741.584761},{"valueType":"DOUBLE","timestamp":"1696650202","value":23740.821284},{"valueType":"DOUBLE","timestamp":"1696650142","value":23739.991402},{"valueType":"DOUBLE","timestamp":"1696650082","value":23739.099157},{"valueType":"DOUBLE","timestamp":"1696650022","value":23738.251329},{"valueType":"DOUBLE","timestamp":"1696649962","value":23737.428651},{"valueType":"DOUBLE","timestamp":"1696649902","value":23736.831604},{"valueType":"DOUBLE","timestamp":"1696649842","value":23735.936543},{"valueType":"DOUBLE","timestamp":"1696649782","value":23735.011172},{"valueType":"DOUBLE","timestamp":"1696649722","value":23734.310743},{"valueType":"DOUBLE","timestamp":"1696649662","value":23733.465378},{"valueType":"DOUBLE","timestamp":"1696649602","value":23732.681193},{"valueType":"DOUBLE","timestamp":"1696649542","value":23731.859401},{"valueType":"DOUBLE","timestamp":"1696649482","value":23730.947431},{"valueType":"DOUBLE","timestamp":"1696649422","value":23730.174913},{"valueType":"DOUBLE","timestamp":"1696649362","value":23729.386931},{"valueType":"DOUBLE","timestamp":"1696649302","value":23728.64962},{"valueType":"DOUBLE","timestamp":"1696649242","value":23727.696484},{"valueType":"DOUBLE","timestamp":"1696649182","value":23727.0219},{"valueType":"DOUBLE","timestamp":"1696649122","value":23726.207235},{"valueType":"DOUBLE","timestamp":"1696649062","value":23725.254384},{"valueType":"DOUBLE","timestamp":"1696649002","value":23724.443031},{"valueType":"DOUBLE","timestamp":"1696648942","value":23723.801735},{"valueType":"DOUBLE","timestamp":"1696648882","value":23722.846042},{"valueType":"DOUBLE","timestamp":"1696648822","value":23722.021853},{"valueType":"DOUBLE","timestamp":"1696648762","value":23721.265151},{"valueType":"DOUBLE","timestamp":"1696648702","value":23720.285248},{"valueType":"DOUBLE","timestamp":"1696648642","value":23719.499124},{"valueType":"DOUBLE","timestamp":"1696648582","value":23718.689817},{"valueType":"DOUBLE","timestamp":"1696648522","value":23718.083447},{"valueType":"DOUBLE","timestamp":"1696648462","value":23717.230423},{"valueType":"DOUBLE","timestamp":"1696648402","value":23716.476798},{"valueType":"DOUBLE","timestamp":"1696648342","value":23715.626264},{"valueType":"DOUBLE","timestamp":"1696648282","value":23714.851514},{"valueType":"DOUBLE","timestamp":"1696648222","value":23713.872189},{"valueType":"DOUBLE","timestamp":"1696648162","value":23713.034464},{"valueType":"DOUBLE","timestamp":"1696648102","value":23712.243154},{"valueType":"DOUBLE","timestamp":"1696648042","value":23711.414201},{"valueType":"DOUBLE","timestamp":"1696647982","value":23710.534549},{"valueType":"DOUBLE","timestamp":"1696647922","value":23709.716988},{"valueType":"DOUBLE","timestamp":"1696647862","value":23708.901438},{"valueType":"DOUBLE","timestamp":"1696647802","value":23708.01769},{"valueType":"DOUBLE","timestamp":"1696647742","value":23707.232804},{"valueType":"DOUBLE","timestamp":"1696647682","value":23706.323241},{"valueType":"DOUBLE","timestamp":"1696647622","value":23705.604227},{"valueType":"DOUBLE","timestamp":"1696647562","value":23704.614166},{"valueType":"DOUBLE","timestamp":"1696647502","value":23703.820427},{"valueType":"DOUBLE","timestamp":"1696647442","value":23703.088661},{"valueType":"DOUBLE","timestamp":"1696647382","value":23702.293783},{"valueType":"DOUBLE","timestamp":"1696647322","value":23701.325893},{"valueType":"DOUBLE","timestamp":"1696647262","value":23700.520467},{"valueType":"DOUBLE","timestamp":"1696647202","value":23699.718291},{"valueType":"DOUBLE","timestamp":"1696647142","value":23698.982137},{"valueType":"DOUBLE","timestamp":"1696647082","value":23698.124566},{"valueType":"DOUBLE","timestamp":"1696647022","value":23697.254211},{"valueType":"DOUBLE","timestamp":"1696646962","value":23696.273135},{"valueType":"DOUBLE","timestamp":"1696646902","value":23695.32723},{"valueType":"DOUBLE","timestamp":"1696646842","value":23694.55065},{"valueType":"DOUBLE","timestamp":"1696646782","value":23693.760557},{"valueType":"DOUBLE","timestamp":"1696646722","value":23693.062532},{"valueType":"DOUBLE","timestamp":"1696646662","value":23692.169314},{"valueType":"DOUBLE","timestamp":"1696646602","value":23691.204969},{"valueType":"DOUBLE","timestamp":"1696646542","value":23690.450367},{"valueType":"DOUBLE","timestamp":"1696646482","value":23689.50368},{"valueType":"DOUBLE","timestamp":"1696646422","value":23688.661505},{"valueType":"DOUBLE","timestamp":"1696646362","value":23687.923934},{"valueType":"DOUBLE","timestamp":"1696646302","value":23687.156459},{"valueType":"DOUBLE","timestamp":"1696646242","value":23686.338852},{"valueType":"DOUBLE","timestamp":"1696646182","value":23685.538035},{"valueType":"DOUBLE","timestamp":"1696646122","value":23684.790495},{"valueType":"DOUBLE","timestamp":"1696646062","value":23683.986642},{"valueType":"DOUBLE","timestamp":"1696646002","value":23683.084521},{"valueType":"DOUBLE","timestamp":"1696645942","value":23682.337129},{"valueType":"DOUBLE","timestamp":"1696645882","value":23681.546862},{"valueType":"DOUBLE","timestamp":"1696645822","value":23680.79358},{"valueType":"DOUBLE","timestamp":"1696645762","value":23680.019592},{"valueType":"DOUBLE","timestamp":"1696645702","value":23679.117926},{"valueType":"DOUBLE","timestamp":"1696645642","value":23678.312687},{"valueType":"DOUBLE","timestamp":"1696645582","value":23677.624415},{"valueType":"DOUBLE","timestamp":"1696645522","value":23676.815581},{"valueType":"DOUBLE","timestamp":"1696645462","value":23675.961596},{"valueType":"DOUBLE","timestamp":"1696645402","value":23675.078345},{"valueType":"DOUBLE","timestamp":"1696645342","value":23674.361872},{"valueType":"DOUBLE","timestamp":"1696645282","value":23673.489793},{"valueType":"DOUBLE","timestamp":"1696645222","value":23672.67206},{"valueType":"DOUBLE","timestamp":"1696645162","value":23671.862797},{"valueType":"DOUBLE","timestamp":"1696645102","value":23670.955051},{"valueType":"DOUBLE","timestamp":"1696645042","value":23670.117867},{"valueType":"DOUBLE","timestamp":"1696644982","value":23669.377084},{"valueType":"DOUBLE","timestamp":"1696644922","value":23668.466313},{"valueType":"DOUBLE","timestamp":"1696644862","value":23667.568638},{"valueType":"DOUBLE","timestamp":"1696644802","value":23666.912036},{"valueType":"DOUBLE","timestamp":"1696644742","value":23666.106203},{"valueType":"DOUBLE","timestamp":"1696644682","value":23665.242687},{"valueType":"DOUBLE","timestamp":"1696644622","value":23664.455848},{"valueType":"DOUBLE","timestamp":"1696644562","value":23663.63408},{"valueType":"DOUBLE","timestamp":"1696644502","value":23662.68988},{"valueType":"DOUBLE","timestamp":"1696644442","value":23661.777148},{"valueType":"DOUBLE","timestamp":"1696644382","value":23661.010086},{"valueType":"DOUBLE","timestamp":"1696644322","value":23660.184599},{"valueType":"DOUBLE","timestamp":"1696644262","value":23659.387423},{"valueType":"DOUBLE","timestamp":"1696644202","value":23658.447018},{"valueType":"DOUBLE","timestamp":"1696644142","value":23657.391789},{"valueType":"DOUBLE","timestamp":"1696644082","value":23656.599484},{"valueType":"DOUBLE","timestamp":"1696644022","value":23655.796211},{"valueType":"DOUBLE","timestamp":"1696643962","value":23654.956101},{"valueType":"DOUBLE","timestamp":"1696643902","value":23653.986299},{"valueType":"DOUBLE","timestamp":"1696643842","value":23653.212757},{"valueType":"DOUBLE","timestamp":"1696643782","value":23652.469516},{"valueType":"DOUBLE","timestamp":"1696643722","value":23651.553215},{"valueType":"DOUBLE","timestamp":"1696643662","value":23650.589054},{"valueType":"DOUBLE","timestamp":"1696643602","value":23649.764535},{"valueType":"DOUBLE","timestamp":"1696643542","value":23648.927577},{"valueType":"DOUBLE","timestamp":"1696643482","value":23648.227537},{"valueType":"DOUBLE","timestamp":"1696643422","value":23647.351994},{"valueType":"DOUBLE","timestamp":"1696643362","value":23646.394712},{"valueType":"DOUBLE","timestamp":"1696643302","value":23645.700599},{"valueType":"DOUBLE","timestamp":"1696643242","value":23644.879293},{"valueType":"DOUBLE","timestamp":"1696643182","value":23643.970883},{"valueType":"DOUBLE","timestamp":"1696643122","value":23643.128655},{"valueType":"DOUBLE","timestamp":"1696643062","value":23642.12762},{"valueType":"DOUBLE","timestamp":"1696643002","value":23641.323411},{"valueType":"DOUBLE","timestamp":"1696642942","value":23640.60419},{"valueType":"DOUBLE","timestamp":"1696642882","value":23639.687842},{"valueType":"DOUBLE","timestamp":"1696642822","value":23638.850277},{"valueType":"DOUBLE","timestamp":"1696642762","value":23637.903837},{"valueType":"DOUBLE","timestamp":"1696642702","value":23637.06135},{"valueType":"DOUBLE","timestamp":"1696642642","value":23636.128585},{"valueType":"DOUBLE","timestamp":"1696642582","value":23635.356607},{"valueType":"DOUBLE","timestamp":"1696642522","value":23634.420299},{"valueType":"DOUBLE","timestamp":"1696642462","value":23633.58997},{"valueType":"DOUBLE","timestamp":"1696642402","value":23632.727993},{"valueType":"DOUBLE","timestamp":"1696642342","value":23631.95423},{"valueType":"DOUBLE","timestamp":"1696642282","value":23631.168191},{"valueType":"DOUBLE","timestamp":"1696642222","value":23630.344795},{"valueType":"DOUBLE","timestamp":"1696642162","value":23629.318343},{"valueType":"DOUBLE","timestamp":"1696642102","value":23628.498767},{"valueType":"DOUBLE","timestamp":"1696642042","value":23627.512995},{"valueType":"DOUBLE","timestamp":"1696641982","value":23626.708365},{"valueType":"DOUBLE","timestamp":"1696641922","value":23625.9586},{"valueType":"DOUBLE","timestamp":"1696641862","value":23624.983312},{"valueType":"DOUBLE","timestamp":"1696641802","value":23624.287414},{"valueType":"DOUBLE","timestamp":"1696641742","value":23623.457884},{"valueType":"DOUBLE","timestamp":"1696641682","value":23622.489475},{"valueType":"DOUBLE","timestamp":"1696641622","value":23621.705116},{"valueType":"DOUBLE","timestamp":"1696641562","value":23620.883415},{"valueType":"DOUBLE","timestamp":"1696641502","value":23619.960357},{"valueType":"DOUBLE","timestamp":"1696641442","value":23619.009275},{"valueType":"DOUBLE","timestamp":"1696641382","value":23618.348219},{"valueType":"DOUBLE","timestamp":"1696641322","value":23617.522823},{"valueType":"DOUBLE","timestamp":"1696641262","value":23616.577097},{"valueType":"DOUBLE","timestamp":"1696641202","value":23615.651663},{"valueType":"DOUBLE","timestamp":"1696641142","value":23614.842412},{"valueType":"DOUBLE","timestamp":"1696641082","value":23614.120223},{"valueType":"DOUBLE","timestamp":"1696641022","value":23613.299033},{"valueType":"DOUBLE","timestamp":"1696640962","value":23612.308264},{"valueType":"DOUBLE","timestamp":"1696640902","value":23611.419686},{"valueType":"DOUBLE","timestamp":"1696640842","value":23610.623211},{"valueType":"DOUBLE","timestamp":"1696640782","value":23609.71875},{"valueType":"DOUBLE","timestamp":"1696640722","value":23608.803119},{"valueType":"DOUBLE","timestamp":"1696640662","value":23608.054045},{"valueType":"DOUBLE","timestamp":"1696640602","value":23607.144883},{"valueType":"DOUBLE","timestamp":"1696640542","value":23606.254662},{"valueType":"DOUBLE","timestamp":"1696640482","value":23605.514832},{"valueType":"DOUBLE","timestamp":"1696640422","value":23604.520566},{"valueType":"DOUBLE","timestamp":"1696640362","value":23603.611632},{"valueType":"DOUBLE","timestamp":"1696640302","value":23602.882015},{"valueType":"DOUBLE","timestamp":"1696640242","value":23601.891282},{"valueType":"DOUBLE","timestamp":"1696640182","value":23600.999897},{"valueType":"DOUBLE","timestamp":"1696640122","value":23600.31032},{"valueType":"DOUBLE","timestamp":"1696640062","value":23599.497055},{"valueType":"DOUBLE","timestamp":"1696640002","value":23598.729988},{"valueType":"DOUBLE","timestamp":"1696639942","value":23597.93852},{"valueType":"DOUBLE","timestamp":"1696639882","value":23597.022561},{"valueType":"DOUBLE","timestamp":"1696639822","value":23596.127371},{"valueType":"DOUBLE","timestamp":"1696639762","value":23595.122822},{"valueType":"DOUBLE","timestamp":"1696639702","value":23594.529621},{"valueType":"DOUBLE","timestamp":"1696639642","value":23593.553802},{"valueType":"DOUBLE","timestamp":"1696639582","value":23592.831912},{"valueType":"DOUBLE","timestamp":"1696639522","value":23591.762802},{"valueType":"DOUBLE","timestamp":"1696639462","value":23591.109348},{"valueType":"DOUBLE","timestamp":"1696639402","value":23590.256195},{"valueType":"DOUBLE","timestamp":"1696639342","value":23589.363154},{"valueType":"DOUBLE","timestamp":"1696639282","value":23588.466912},{"valueType":"DOUBLE","timestamp":"1696639222","value":23587.693243},{"valueType":"DOUBLE","timestamp":"1696639162","value":23586.867586},{"valueType":"DOUBLE","timestamp":"1696639102","value":23585.847697},{"valueType":"DOUBLE","timestamp":"1696639042","value":23584.983505},{"valueType":"DOUBLE","timestamp":"1696638982","value":23584.194616},{"valueType":"DOUBLE","timestamp":"1696638922","value":23583.391643},{"valueType":"DOUBLE","timestamp":"1696638862","value":23582.3172},{"valueType":"DOUBLE","timestamp":"1696638802","value":23581.545606},{"valueType":"DOUBLE","timestamp":"1696638742","value":23580.752896},{"valueType":"DOUBLE","timestamp":"1696638682","value":23579.680025},{"valueType":"DOUBLE","timestamp":"1696638622","value":23578.899259},{"valueType":"DOUBLE","timestamp":"1696638562","value":23578.170742},{"valueType":"DOUBLE","timestamp":"1696638502","value":23577.316811},{"valueType":"DOUBLE","timestamp":"1696638442","value":23576.375686},{"valueType":"DOUBLE","timestamp":"1696638382","value":23575.589232},{"valueType":"DOUBLE","timestamp":"1696638322","value":23574.73358},{"valueType":"DOUBLE","timestamp":"1696638262","value":23573.769409},{"valueType":"DOUBLE","timestamp":"1696638202","value":23572.882161},{"valueType":"DOUBLE","timestamp":"1696638142","value":23572.201757},{"valueType":"DOUBLE","timestamp":"1696638082","value":23571.275336},{"valueType":"DOUBLE","timestamp":"1696638022","value":23570.393294},{"valueType":"DOUBLE","timestamp":"1696637962","value":23569.413166},{"valueType":"DOUBLE","timestamp":"1696637902","value":23568.544066},{"valueType":"DOUBLE","timestamp":"1696637842","value":23567.273538},{"valueType":"DOUBLE","timestamp":"1696637782","value":23566.460946},{"valueType":"DOUBLE","timestamp":"1696637722","value":23565.808274},{"valueType":"DOUBLE","timestamp":"1696637662","value":23564.930602},{"valueType":"DOUBLE","timestamp":"1696637602","value":23564.12146},{"valueType":"DOUBLE","timestamp":"1696637542","value":23563.243254},{"valueType":"DOUBLE","timestamp":"1696637482","value":23562.256068},{"valueType":"DOUBLE","timestamp":"1696637422","value":23561.474886},{"valueType":"DOUBLE","timestamp":"1696637362","value":23560.516407},{"valueType":"DOUBLE","timestamp":"1696637302","value":23559.593954},{"valueType":"DOUBLE","timestamp":"1696637242","value":23558.833747},{"valueType":"DOUBLE","timestamp":"1696637182","value":23558.041144},{"valueType":"DOUBLE","timestamp":"1696637122","value":23557.100334},{"valueType":"DOUBLE","timestamp":"1696637062","value":23556.266292},{"valueType":"DOUBLE","timestamp":"1696637002","value":23555.307442},{"valueType":"DOUBLE","timestamp":"1696636942","value":23554.482813},{"valueType":"DOUBLE","timestamp":"1696636882","value":23553.502821},{"valueType":"DOUBLE","timestamp":"1696636822","value":23552.858953},{"valueType":"DOUBLE","timestamp":"1696636762","value":23551.988538},{"valueType":"DOUBLE","timestamp":"1696636702","value":23551.031406},{"valueType":"DOUBLE","timestamp":"1696636642","value":23550.26025},{"valueType":"DOUBLE","timestamp":"1696636582","value":23549.419593},{"valueType":"DOUBLE","timestamp":"1696636522","value":23548.479385},{"valueType":"DOUBLE","timestamp":"1696636462","value":23547.729063},{"valueType":"DOUBLE","timestamp":"1696636402","value":23546.693633},{"valueType":"DOUBLE","timestamp":"1696636342","value":23546.082948},{"valueType":"DOUBLE","timestamp":"1696636282","value":23545.209985},{"valueType":"DOUBLE","timestamp":"1696636222","value":23544.40523},{"valueType":"DOUBLE","timestamp":"1696636162","value":23543.551709},{"valueType":"DOUBLE","timestamp":"1696636102","value":23542.579378},{"valueType":"DOUBLE","timestamp":"1696636042","value":23541.867873},{"valueType":"DOUBLE","timestamp":"1696635982","value":23540.758018},{"valueType":"DOUBLE","timestamp":"1696635922","value":23539.910023},{"valueType":"DOUBLE","timestamp":"1696635862","value":23539.23394},{"valueType":"DOUBLE","timestamp":"1696635802","value":23538.201076},{"valueType":"DOUBLE","timestamp":"1696635742","value":23537.456245},{"valueType":"DOUBLE","timestamp":"1696635682","value":23536.596707},{"valueType":"DOUBLE","timestamp":"1696635622","value":23535.725164},{"valueType":"DOUBLE","timestamp":"1696635562","value":23534.684527},{"valueType":"DOUBLE","timestamp":"1696635502","value":23533.87636},{"valueType":"DOUBLE","timestamp":"1696635442","value":23533.086277},{"valueType":"DOUBLE","timestamp":"1696635382","value":23532.389123},{"valueType":"DOUBLE","timestamp":"1696635322","value":23531.50064},{"valueType":"DOUBLE","timestamp":"1696635262","value":23530.66662},{"valueType":"DOUBLE","timestamp":"1696635202","value":23529.930162},{"valueType":"DOUBLE","timestamp":"1696635142","value":23529.088925},{"valueType":"DOUBLE","timestamp":"1696635082","value":23528.449946},{"valueType":"DOUBLE","timestamp":"1696635022","value":23527.475584},{"valueType":"DOUBLE","timestamp":"1696634962","value":23526.827523},{"valueType":"DOUBLE","timestamp":"1696634902","value":23525.933221},{"valueType":"DOUBLE","timestamp":"1696634842","value":23525.112285},{"valueType":"DOUBLE","timestamp":"1696634782","value":23524.39037},{"valueType":"DOUBLE","timestamp":"1696634722","value":23523.594639},{"valueType":"DOUBLE","timestamp":"1696634662","value":23522.638516},{"valueType":"DOUBLE","timestamp":"1696634602","value":23521.895429},{"valueType":"DOUBLE","timestamp":"1696634542","value":23521.064628},{"valueType":"DOUBLE","timestamp":"1696634482","value":23520.372411},{"valueType":"DOUBLE","timestamp":"1696634422","value":23519.529289},{"valueType":"DOUBLE","timestamp":"1696634362","value":23518.76028},{"valueType":"DOUBLE","timestamp":"1696634302","value":23517.972189},{"valueType":"DOUBLE","timestamp":"1696634242","value":23517.131682},{"valueType":"DOUBLE","timestamp":"1696634182","value":23516.559416},{"valueType":"DOUBLE","timestamp":"1696634122","value":23515.833916},{"valueType":"DOUBLE","timestamp":"1696634062","value":23514.870795},{"valueType":"DOUBLE","timestamp":"1696634002","value":23514.194065},{"valueType":"DOUBLE","timestamp":"1696633942","value":23513.38166},{"valueType":"DOUBLE","timestamp":"1696633882","value":23512.567557},{"valueType":"DOUBLE","timestamp":"1696633822","value":23511.80175},{"valueType":"DOUBLE","timestamp":"1696633762","value":23511.123132},{"valueType":"DOUBLE","timestamp":"1696633702","value":23510.290235},{"valueType":"DOUBLE","timestamp":"1696633642","value":23509.427064},{"valueType":"DOUBLE","timestamp":"1696633582","value":23508.706},{"valueType":"DOUBLE","timestamp":"1696633522","value":23507.865549},{"valueType":"DOUBLE","timestamp":"1696633462","value":23507.104641},{"valueType":"DOUBLE","timestamp":"1696633402","value":23506.323909},{"valueType":"DOUBLE","timestamp":"1696633342","value":23505.384844},{"valueType":"DOUBLE","timestamp":"1696633282","value":23504.559447},{"valueType":"DOUBLE","timestamp":"1696633222","value":23503.629549},{"valueType":"DOUBLE","timestamp":"1696633162","value":23502.798359},{"valueType":"DOUBLE","timestamp":"1696633102","value":23502.090845},{"valueType":"DOUBLE","timestamp":"1696633042","value":23501.359008},{"valueType":"DOUBLE","timestamp":"1696632982","value":23500.530982},{"valueType":"DOUBLE","timestamp":"1696632922","value":23499.733165},{"valueType":"DOUBLE","timestamp":"1696632862","value":23498.806832},{"valueType":"DOUBLE","timestamp":"1696632802","value":23498.173073},{"valueType":"DOUBLE","timestamp":"1696632742","value":23497.264965},{"valueType":"DOUBLE","timestamp":"1696632682","value":23496.485281},{"valueType":"DOUBLE","timestamp":"1696632622","value":23495.740225},{"valueType":"DOUBLE","timestamp":"1696632562","value":23494.969364},{"valueType":"DOUBLE","timestamp":"1696632502","value":23494.111608},{"valueType":"DOUBLE","timestamp":"1696632442","value":23493.254289},{"valueType":"DOUBLE","timestamp":"1696632382","value":23492.507727},{"valueType":"DOUBLE","timestamp":"1696632322","value":23491.582068},{"valueType":"DOUBLE","timestamp":"1696632262","value":23490.887911},{"valueType":"DOUBLE","timestamp":"1696632202","value":23490.138014},{"valueType":"DOUBLE","timestamp":"1696632142","value":23489.3204},{"valueType":"DOUBLE","timestamp":"1696632082","value":23488.554849},{"valueType":"DOUBLE","timestamp":"1696632022","value":23487.575777},{"valueType":"DOUBLE","timestamp":"1696631962","value":23486.811878},{"valueType":"DOUBLE","timestamp":"1696631902","value":23486.068659},{"valueType":"DOUBLE","timestamp":"1696631842","value":23485.071725},{"valueType":"DOUBLE","timestamp":"1696631782","value":23484.403059},{"valueType":"DOUBLE","timestamp":"1696631722","value":23483.574527},{"valueType":"DOUBLE","timestamp":"1696631662","value":23482.673796},{"valueType":"DOUBLE","timestamp":"1696631602","value":23481.996473},{"valueType":"DOUBLE","timestamp":"1696631542","value":23481.17769},{"valueType":"DOUBLE","timestamp":"1696631482","value":23480.230064},{"valueType":"DOUBLE","timestamp":"1696631422","value":23479.437908},{"valueType":"DOUBLE","timestamp":"1696631362","value":23478.612552},{"valueType":"DOUBLE","timestamp":"1696631302","value":23477.765664},{"valueType":"DOUBLE","timestamp":"1696631242","value":23476.956603},{"valueType":"DOUBLE","timestamp":"1696631182","value":23476.193368},{"valueType":"DOUBLE","timestamp":"1696631122","value":23475.432556},{"valueType":"DOUBLE","timestamp":"1696631062","value":23474.645541},{"valueType":"DOUBLE","timestamp":"1696631002","value":23473.9155},{"valueType":"DOUBLE","timestamp":"1696630942","value":23472.968367},{"valueType":"DOUBLE","timestamp":"1696630882","value":23472.124007},{"valueType":"DOUBLE","timestamp":"1696630822","value":23471.435833},{"valueType":"DOUBLE","timestamp":"1696630762","value":23470.552802},{"valueType":"DOUBLE","timestamp":"1696630702","value":23469.738052},{"valueType":"DOUBLE","timestamp":"1696630642","value":23468.968172},{"valueType":"DOUBLE","timestamp":"1696630582","value":23468.237924},{"valueType":"DOUBLE","timestamp":"1696630522","value":23467.428605},{"valueType":"DOUBLE","timestamp":"1696630462","value":23466.746093},{"valueType":"DOUBLE","timestamp":"1696630402","value":23465.91449},{"valueType":"DOUBLE","timestamp":"1696630342","value":23465.001221},{"valueType":"DOUBLE","timestamp":"1696630282","value":23464.10614},{"valueType":"DOUBLE","timestamp":"1696630222","value":23463.248216},{"valueType":"DOUBLE","timestamp":"1696630162","value":23462.650499},{"valueType":"DOUBLE","timestamp":"1696630102","value":23461.805579},{"valueType":"DOUBLE","timestamp":"1696630042","value":23461.004652},{"valueType":"DOUBLE","timestamp":"1696629982","value":23460.205252},{"valueType":"DOUBLE","timestamp":"1696629922","value":23459.311842},{"valueType":"DOUBLE","timestamp":"1696629862","value":23458.611641},{"valueType":"DOUBLE","timestamp":"1696629802","value":23457.702716},{"valueType":"DOUBLE","timestamp":"1696629742","value":23456.835918},{"valueType":"DOUBLE","timestamp":"1696629682","value":23456.211679},{"valueType":"DOUBLE","timestamp":"1696629622","value":23455.508405},{"valueType":"DOUBLE","timestamp":"1696629562","value":23454.590236},{"valueType":"DOUBLE","timestamp":"1696629502","value":23453.936441},{"valueType":"DOUBLE","timestamp":"1696629442","value":23453.078691},{"valueType":"DOUBLE","timestamp":"1696629382","value":23452.293768},{"valueType":"DOUBLE","timestamp":"1696629322","value":23451.443201},{"valueType":"DOUBLE","timestamp":"1696629262","value":23450.665362},{"valueType":"DOUBLE","timestamp":"1696629202","value":23449.879506},{"valueType":"DOUBLE","timestamp":"1696629142","value":23449.074294},{"valueType":"DOUBLE","timestamp":"1696629082","value":23448.248871},{"valueType":"DOUBLE","timestamp":"1696629022","value":23447.377036},{"valueType":"DOUBLE","timestamp":"1696628962","value":23446.605283},{"valueType":"DOUBLE","timestamp":"1696628902","value":23445.857014},{"valueType":"DOUBLE","timestamp":"1696628842","value":23445.001417},{"valueType":"DOUBLE","timestamp":"1696628782","value":23444.282542},{"valueType":"DOUBLE","timestamp":"1696628722","value":23443.351768},{"valueType":"DOUBLE","timestamp":"1696628662","value":23442.545112},{"valueType":"DOUBLE","timestamp":"1696628602","value":23441.86701},{"valueType":"DOUBLE","timestamp":"1696628542","value":23440.827761},{"valueType":"DOUBLE","timestamp":"1696628482","value":23439.967937},{"valueType":"DOUBLE","timestamp":"1696628422","value":23439.213679},{"valueType":"DOUBLE","timestamp":"1696628362","value":23438.393727},{"valueType":"DOUBLE","timestamp":"1696628302","value":23437.589936},{"valueType":"DOUBLE","timestamp":"1696628242","value":23436.977124},{"valueType":"DOUBLE","timestamp":"1696628182","value":23436.160387},{"valueType":"DOUBLE","timestamp":"1696628122","value":23435.366891},{"valueType":"DOUBLE","timestamp":"1696628062","value":23434.552385},{"valueType":"DOUBLE","timestamp":"1696628002","value":23433.681791},{"valueType":"DOUBLE","timestamp":"1696627942","value":23432.877324},{"valueType":"DOUBLE","timestamp":"1696627882","value":23432.038787},{"valueType":"DOUBLE","timestamp":"1696627822","value":23431.263854},{"valueType":"DOUBLE","timestamp":"1696627762","value":23430.314089},{"valueType":"DOUBLE","timestamp":"1696627702","value":23429.671326},{"valueType":"DOUBLE","timestamp":"1696627642","value":23428.895263},{"valueType":"DOUBLE","timestamp":"1696627582","value":23428.151791},{"valueType":"DOUBLE","timestamp":"1696627522","value":23427.29649},{"valueType":"DOUBLE","timestamp":"1696627462","value":23426.48922},{"valueType":"DOUBLE","timestamp":"1696627402","value":23425.708242},{"valueType":"DOUBLE","timestamp":"1696627342","value":23424.700385},{"valueType":"DOUBLE","timestamp":"1696627282","value":23424.000708},{"valueType":"DOUBLE","timestamp":"1696627222","value":23423.120122},{"valueType":"DOUBLE","timestamp":"1696627162","value":23422.354596},{"valueType":"DOUBLE","timestamp":"1696627102","value":23421.553308},{"valueType":"DOUBLE","timestamp":"1696627042","value":23420.829508},{"valueType":"DOUBLE","timestamp":"1696626982","value":23419.92881},{"valueType":"DOUBLE","timestamp":"1696626922","value":23419.269734},{"valueType":"DOUBLE","timestamp":"1696626862","value":23418.290031},{"valueType":"DOUBLE","timestamp":"1696626802","value":23417.654007},{"valueType":"DOUBLE","timestamp":"1696626742","value":23416.726733},{"valueType":"DOUBLE","timestamp":"1696626682","value":23416.10943},{"valueType":"DOUBLE","timestamp":"1696626622","value":23415.161836},{"valueType":"DOUBLE","timestamp":"1696626562","value":23414.431698},{"valueType":"DOUBLE","timestamp":"1696626502","value":23413.704785},{"valueType":"DOUBLE","timestamp":"1696626442","value":23412.806325},{"valueType":"DOUBLE","timestamp":"1696626382","value":23412.01091},{"valueType":"DOUBLE","timestamp":"1696626322","value":23411.276775},{"valueType":"DOUBLE","timestamp":"1696626262","value":23410.402472},{"valueType":"DOUBLE","timestamp":"1696626202","value":23409.796996},{"valueType":"DOUBLE","timestamp":"1696626142","value":23408.95064},{"valueType":"DOUBLE","timestamp":"1696626082","value":23408.137597},{"valueType":"DOUBLE","timestamp":"1696626022","value":23407.230594},{"valueType":"DOUBLE","timestamp":"1696625962","value":23406.602717},{"valueType":"DOUBLE","timestamp":"1696625902","value":23405.808123},{"valueType":"DOUBLE","timestamp":"1696625842","value":23405.074964},{"valueType":"DOUBLE","timestamp":"1696625782","value":23404.228911},{"valueType":"DOUBLE","timestamp":"1696625722","value":23403.571318},{"valueType":"DOUBLE","timestamp":"1696625662","value":23402.65876},{"valueType":"DOUBLE","timestamp":"1696625602","value":23401.961841},{"valueType":"DOUBLE","timestamp":"1696625542","value":23401.110637},{"valueType":"DOUBLE","timestamp":"1696625482","value":23400.353959},{"valueType":"DOUBLE","timestamp":"1696625422","value":23399.58543},{"valueType":"DOUBLE","timestamp":"1696625362","value":23398.828584},{"valueType":"DOUBLE","timestamp":"1696625302","value":23397.978129},{"valueType":"DOUBLE","timestamp":"1696625242","value":23397.147142},{"valueType":"DOUBLE","timestamp":"1696625182","value":23396.301752},{"valueType":"DOUBLE","timestamp":"1696625122","value":23395.518242},{"valueType":"DOUBLE","timestamp":"1696625062","value":23394.725123},{"valueType":"DOUBLE","timestamp":"1696625002","value":23393.895194},{"valueType":"DOUBLE","timestamp":"1696624942","value":23393.093903},{"valueType":"DOUBLE","timestamp":"1696624882","value":23392.365713},{"valueType":"DOUBLE","timestamp":"1696624822","value":23391.493501},{"valueType":"DOUBLE","timestamp":"1696624762","value":23390.901683},{"valueType":"DOUBLE","timestamp":"1696624702","value":23389.926265},{"valueType":"DOUBLE","timestamp":"1696624642","value":23389.299985},{"valueType":"DOUBLE","timestamp":"1696624582","value":23388.286571},{"valueType":"DOUBLE","timestamp":"1696624522","value":23387.641223},{"valueType":"DOUBLE","timestamp":"1696624462","value":23386.794855},{"valueType":"DOUBLE","timestamp":"1696624402","value":23385.942401},{"valueType":"DOUBLE","timestamp":"1696624342","value":23385.034588},{"valueType":"DOUBLE","timestamp":"1696624282","value":23384.338028},{"valueType":"DOUBLE","timestamp":"1696624222","value":23383.496159},{"valueType":"DOUBLE","timestamp":"1696624162","value":23382.848315},{"valueType":"DOUBLE","timestamp":"1696624102","value":23381.987605},{"valueType":"DOUBLE","timestamp":"1696624042","value":23381.335787},{"valueType":"DOUBLE","timestamp":"1696623982","value":23380.325691},{"valueType":"DOUBLE","timestamp":"1696623922","value":23379.674628},{"valueType":"DOUBLE","timestamp":"1696623862","value":23378.845153},{"valueType":"DOUBLE","timestamp":"1696623802","value":23378.186258},{"valueType":"DOUBLE","timestamp":"1696623742","value":23377.352726},{"valueType":"DOUBLE","timestamp":"1696623682","value":23376.54381},{"valueType":"DOUBLE","timestamp":"1696623622","value":23375.691821},{"valueType":"DOUBLE","timestamp":"1696623562","value":23374.804146},{"valueType":"DOUBLE","timestamp":"1696623502","value":23373.968431},{"valueType":"DOUBLE","timestamp":"1696623442","value":23373.15201},{"valueType":"DOUBLE","timestamp":"1696623382","value":23372.474096},{"valueType":"DOUBLE","timestamp":"1696623322","value":23371.687654},{"valueType":"DOUBLE","timestamp":"1696623262","value":23370.918569},{"valueType":"DOUBLE","timestamp":"1696623202","value":23370.13984},{"valueType":"DOUBLE","timestamp":"1696623142","value":23369.134971},{"valueType":"DOUBLE","timestamp":"1696623082","value":23368.476733},{"valueType":"DOUBLE","timestamp":"1696623022","value":23367.626744},{"valueType":"DOUBLE","timestamp":"1696622962","value":23366.757971},{"valueType":"DOUBLE","timestamp":"1696622902","value":23366.036186},{"valueType":"DOUBLE","timestamp":"1696622842","value":23365.199053},{"valueType":"DOUBLE","timestamp":"1696622782","value":23364.541804},{"valueType":"DOUBLE","timestamp":"1696622722","value":23363.678421},{"valueType":"DOUBLE","timestamp":"1696622662","value":23362.756552},{"valueType":"DOUBLE","timestamp":"1696622602","value":23361.936209},{"valueType":"DOUBLE","timestamp":"1696622542","value":23361.152033},{"valueType":"DOUBLE","timestamp":"1696622482","value":23360.418223},{"valueType":"DOUBLE","timestamp":"1696622422","value":23359.514336},{"valueType":"DOUBLE","timestamp":"1696622362","value":23358.770598},{"valueType":"DOUBLE","timestamp":"1696622302","value":23358.003184},{"valueType":"DOUBLE","timestamp":"1696622242","value":23357.150715},{"valueType":"DOUBLE","timestamp":"1696622182","value":23356.510127},{"valueType":"DOUBLE","timestamp":"1696622122","value":23355.538173},{"valueType":"DOUBLE","timestamp":"1696622062","value":23354.681709},{"valueType":"DOUBLE","timestamp":"1696622002","value":23353.938988},{"valueType":"DOUBLE","timestamp":"1696621942","value":23353.252875},{"valueType":"DOUBLE","timestamp":"1696621882","value":23352.516624},{"valueType":"DOUBLE","timestamp":"1696621822","value":23351.694241},{"valueType":"DOUBLE","timestamp":"1696621762","value":23350.709268},{"valueType":"DOUBLE","timestamp":"1696621702","value":23349.890915},{"valueType":"DOUBLE","timestamp":"1696621642","value":23349.217988},{"valueType":"DOUBLE","timestamp":"1696621582","value":23348.359932},{"valueType":"DOUBLE","timestamp":"1696621522","value":23347.462715},{"valueType":"DOUBLE","timestamp":"1696621462","value":23346.631908},{"valueType":"DOUBLE","timestamp":"1696621402","value":23345.77701},{"valueType":"DOUBLE","timestamp":"1696621342","value":23345.006417},{"valueType":"DOUBLE","timestamp":"1696621282","value":23344.355912},{"valueType":"DOUBLE","timestamp":"1696621222","value":23343.637033},{"valueType":"DOUBLE","timestamp":"1696621162","value":23342.754829},{"valueType":"DOUBLE","timestamp":"1696621102","value":23341.970179},{"valueType":"DOUBLE","timestamp":"1696621042","value":23341.060799},{"valueType":"DOUBLE","timestamp":"1696620982","value":23340.464509},{"valueType":"DOUBLE","timestamp":"1696620922","value":23339.746301},{"valueType":"DOUBLE","timestamp":"1696620862","value":23338.943966},{"valueType":"DOUBLE","timestamp":"1696620802","value":23338.22587},{"valueType":"DOUBLE","timestamp":"1696620742","value":23337.408415},{"valueType":"DOUBLE","timestamp":"1696620682","value":23336.520559},{"valueType":"DOUBLE","timestamp":"1696620622","value":23335.563827},{"valueType":"DOUBLE","timestamp":"1696620562","value":23334.714486},{"valueType":"DOUBLE","timestamp":"1696620502","value":23334.033803},{"valueType":"DOUBLE","timestamp":"1696620442","value":23333.205894},{"valueType":"DOUBLE","timestamp":"1696620382","value":23332.195567},{"valueType":"DOUBLE","timestamp":"1696620322","value":23331.364942},{"valueType":"DOUBLE","timestamp":"1696620262","value":23330.767655},{"valueType":"DOUBLE","timestamp":"1696620202","value":23329.965942},{"valueType":"DOUBLE","timestamp":"1696620142","value":23329.251119},{"valueType":"DOUBLE","timestamp":"1696620082","value":23328.506587},{"valueType":"DOUBLE","timestamp":"1696620022","value":23327.598067},{"valueType":"DOUBLE","timestamp":"1696619962","value":23327.030682},{"valueType":"DOUBLE","timestamp":"1696619902","value":23326.099778},{"valueType":"DOUBLE","timestamp":"1696619842","value":23325.420126},{"valueType":"DOUBLE","timestamp":"1696619782","value":23324.659959},{"valueType":"DOUBLE","timestamp":"1696619722","value":23323.928429},{"valueType":"DOUBLE","timestamp":"1696619662","value":23323.243533},{"valueType":"DOUBLE","timestamp":"1696619602","value":23322.576866},{"valueType":"DOUBLE","timestamp":"1696619542","value":23321.849468},{"valueType":"DOUBLE","timestamp":"1696619482","value":23321.135194},{"valueType":"DOUBLE","timestamp":"1696619422","value":23320.402447},{"valueType":"DOUBLE","timestamp":"1696619362","value":23319.725012},{"valueType":"DOUBLE","timestamp":"1696619302","value":23318.87482},{"valueType":"DOUBLE","timestamp":"1696619242","value":23317.981639},{"valueType":"DOUBLE","timestamp":"1696619182","value":23317.27046},{"valueType":"DOUBLE","timestamp":"1696619122","value":23316.49819},{"valueType":"DOUBLE","timestamp":"1696619062","value":23315.754423},{"valueType":"DOUBLE","timestamp":"1696619002","value":23314.924286},{"valueType":"DOUBLE","timestamp":"1696618942","value":23314.251897},{"valueType":"DOUBLE","timestamp":"1696618882","value":23313.330997},{"valueType":"DOUBLE","timestamp":"1696618822","value":23312.453349},{"valueType":"DOUBLE","timestamp":"1696618762","value":23311.695609},{"valueType":"DOUBLE","timestamp":"1696618702","value":23310.949126},{"valueType":"DOUBLE","timestamp":"1696618642","value":23310.125376},{"valueType":"DOUBLE","timestamp":"1696618582","value":23309.23812},{"valueType":"DOUBLE","timestamp":"1696618522","value":23308.455799},{"valueType":"DOUBLE","timestamp":"1696618462","value":23307.796231},{"valueType":"DOUBLE","timestamp":"1696618402","value":23306.996502},{"valueType":"DOUBLE","timestamp":"1696618342","value":23306.172178},{"valueType":"DOUBLE","timestamp":"1696618282","value":23305.367416},{"valueType":"DOUBLE","timestamp":"1696618222","value":23304.606781},{"valueType":"DOUBLE","timestamp":"1696618162","value":23303.88018},{"valueType":"DOUBLE","timestamp":"1696618102","value":23303.184991},{"valueType":"DOUBLE","timestamp":"1696618042","value":23302.427081},{"valueType":"DOUBLE","timestamp":"1696617982","value":23301.571036},{"valueType":"DOUBLE","timestamp":"1696617922","value":23300.750408},{"valueType":"DOUBLE","timestamp":"1696617862","value":23300.021235},{"valueType":"DOUBLE","timestamp":"1696617802","value":23299.169205},{"valueType":"DOUBLE","timestamp":"1696617742","value":23298.444422},{"valueType":"DOUBLE","timestamp":"1696617682","value":23297.817939},{"valueType":"DOUBLE","timestamp":"1696617622","value":23296.910493},{"valueType":"DOUBLE","timestamp":"1696617562","value":23296.152533},{"valueType":"DOUBLE","timestamp":"1696617502","value":23295.46727},{"valueType":"DOUBLE","timestamp":"1696617442","value":23294.702672},{"valueType":"DOUBLE","timestamp":"1696617382","value":23293.983336},{"valueType":"DOUBLE","timestamp":"1696617322","value":23293.286049},{"valueType":"DOUBLE","timestamp":"1696617262","value":23292.359805},{"valueType":"DOUBLE","timestamp":"1696617202","value":23291.608637},{"valueType":"DOUBLE","timestamp":"1696617142","value":23290.72878},{"valueType":"DOUBLE","timestamp":"1696617082","value":23289.992411},{"valueType":"DOUBLE","timestamp":"1696617022","value":23289.080996},{"valueType":"DOUBLE","timestamp":"1696616962","value":23288.318116},{"valueType":"DOUBLE","timestamp":"1696616902","value":23287.470423},{"valueType":"DOUBLE","timestamp":"1696616842","value":23286.553272},{"valueType":"DOUBLE","timestamp":"1696616782","value":23285.844959},{"valueType":"DOUBLE","timestamp":"1696616722","value":23285.057489},{"valueType":"DOUBLE","timestamp":"1696616662","value":23284.061135},{"valueType":"DOUBLE","timestamp":"1696616602","value":23283.303251},{"valueType":"DOUBLE","timestamp":"1696616542","value":23282.511858},{"valueType":"DOUBLE","timestamp":"1696616482","value":23281.927927},{"valueType":"DOUBLE","timestamp":"1696616422","value":23281.180889},{"valueType":"DOUBLE","timestamp":"1696616362","value":23280.364475},{"valueType":"DOUBLE","timestamp":"1696616302","value":23279.602872},{"valueType":"DOUBLE","timestamp":"1696616242","value":23278.759924},{"valueType":"DOUBLE","timestamp":"1696616182","value":23277.980401},{"valueType":"DOUBLE","timestamp":"1696616122","value":23277.218157},{"valueType":"DOUBLE","timestamp":"1696616062","value":23276.212034},{"valueType":"DOUBLE","timestamp":"1696616002","value":23275.603002},{"valueType":"DOUBLE","timestamp":"1696615942","value":23274.766546},{"valueType":"DOUBLE","timestamp":"1696615882","value":23273.76626},{"valueType":"DOUBLE","timestamp":"1696615822","value":23273.113386},{"valueType":"DOUBLE","timestamp":"1696615762","value":23272.206766},{"valueType":"DOUBLE","timestamp":"1696615702","value":23271.339555},{"valueType":"DOUBLE","timestamp":"1696615642","value":23270.773316},{"valueType":"DOUBLE","timestamp":"1696615582","value":23269.948955},{"valueType":"DOUBLE","timestamp":"1696615522","value":23269.040488}]}