{"podName":"transactionhistory-5dd7c7fd77-7nxtf","containerName":"transactionhistory","nodeName":null,"metricType":"kubernetes.io/container/cpu/core_usage_time","metrics":[{"valueType":"DOUBLE","timestamp":"1696785202","value":25248.148756},{"valueType":"DOUBLE","timestamp":"1696785142","value":25247.702842},{"valueType":"DOUBLE","timestamp":"1696785082","value":25247.169398},{"valueType":"DOUBLE","timestamp":"1696785022","value":25246.683786},{"valueType":"DOUBLE","timestamp":"1696784962","value":25246.278017},{"valueType":"DOUBLE","timestamp":"1696784902","value":25245.779317},{"valueType":"DOUBLE","timestamp":"1696784842","value":25245.337227},{"valueType":"DOUBLE","timestamp":"1696784782","value":25244.88345},{"valueType":"DOUBLE","timestamp":"1696784722","value":25244.320718},{"valueType":"DOUBLE","timestamp":"1696784662","value":25243.890243},{"valueType":"DOUBLE","timestamp":"1696784602","value":25243.381088},{"valueType":"DOUBLE","timestamp":"1696784542","value":25242.981175},{"valueType":"DOUBLE","timestamp":"1696784482","value":25242.526073},{"valueType":"DOUBLE","timestamp":"1696784422","value":25242.051653},{"valueType":"DOUBLE","timestamp":"1696784362","value":25241.595738},{"valueType":"DOUBLE","timestamp":"1696784302","value":25241.130896},{"valueType":"DOUBLE","timestamp":"1696784242","value":25240.674877},{"valueType":"DOUBLE","timestamp":"1696784182","value":25240.250519},{"valueType":"DOUBLE","timestamp":"1696784122","value":25239.752169},{"valueType":"DOUBLE","timestamp":"1696784062","value":25239.300318},{"valueType":"DOUBLE","timestamp":"1696784002","value":25238.917109},{"valueType":"DOUBLE","timestamp":"1696783942","value":25238.450391},{"valueType":"DOUBLE","timestamp":"1696783882","value":25238.016008},{"valueType":"DOUBLE","timestamp":"1696783822","value":25237.617505},{"valueType":"DOUBLE","timestamp":"1696783762","value":25237.200001},{"valueType":"DOUBLE","timestamp":"1696783702","value":25236.679544},{"valueType":"DOUBLE","timestamp":"1696783642","value":25236.20886},{"valueType":"DOUBLE","timestamp":"1696783582","value":25235.79934},{"valueType":"DOUBLE","timestamp":"1696783522","value":25235.292387},{"valueType":"DOUBLE","timestamp":"1696783462","value":25234.933743},{"valueType":"DOUBLE","timestamp":"1696783402","value":25234.482965},{"valueType":"DOUBLE","timestamp":"1696783342","value":25233.991249},{"valueType":"DOUBLE","timestamp":"1696783282","value":25233.611515},{"valueType":"DOUBLE","timestamp":"1696783222","value":25233.125546},{"valueType":"DOUBLE","timestamp":"1696783162","value":25232.606718},{"valueType":"DOUBLE","timestamp":"1696783102","value":25232.139699},{"valueType":"DOUBLE","timestamp":"1696783042","value":25231.603321},{"valueType":"DOUBLE","timestamp":"1696782982","value":25231.264345},{"valueType":"DOUBLE","timestamp":"1696782922","value":25230.74364},{"valueType":"DOUBLE","timestamp":"1696782862","value":25230.343705},{"valueType":"DOUBLE","timestamp":"1696782802","value":25229.849382},{"valueType":"DOUBLE","timestamp":"1696782742","value":25229.383525},{"valueType":"DOUBLE","timestamp":"1696782682","value":25228.92386},{"valueType":"DOUBLE","timestamp":"1696782622","value":25228.473264},{"valueType":"DOUBLE","timestamp":"1696782562","value":25227.975023},{"valueType":"DOUBLE","timestamp":"1696782502","value":25227.477116},{"valueType":"DOUBLE","timestamp":"1696782442","value":25227.087932},{"valueType":"DOUBLE","timestamp":"1696782382","value":25226.519777},{"valueType":"DOUBLE","timestamp":"1696782322","value":25226.145997},{"valueType":"DOUBLE","timestamp":"1696782262","value":25225.614183},{"valueType":"DOUBLE","timestamp":"1696782202","value":25225.119474},{"valueType":"DOUBLE","timestamp":"1696782142","value":25224.712069},{"valueType":"DOUBLE","timestamp":"1696782082","value":25224.264526},{"valueType":"DOUBLE","timestamp":"1696782022","value":25223.803715},{"valueType":"DOUBLE","timestamp":"1696781962","value":25223.352789},{"valueType":"DOUBLE","timestamp":"1696781902","value":25222.898769},{"valueType":"DOUBLE","timestamp":"1696781842","value":25222.510035},{"valueType":"DOUBLE","timestamp":"1696781782","value":25221.992281},{"valueType":"DOUBLE","timestamp":"1696781722","value":25221.594885},{"valueType":"DOUBLE","timestamp":"1696781662","value":25221.065365},{"valueType":"DOUBLE","timestamp":"1696781602","value":25220.633843},{"valueType":"DOUBLE","timestamp":"1696781542","value":25220.180999},{"valueType":"DOUBLE","timestamp":"1696781482","value":25219.70964},{"valueType":"DOUBLE","timestamp":"1696781422","value":25219.266637},{"valueType":"DOUBLE","timestamp":"1696781362","value":25218.716697},{"valueType":"DOUBLE","timestamp":"1696781302","value":25218.315146},{"valueType":"DOUBLE","timestamp":"1696781242","value":25217.817853},{"valueType":"DOUBLE","timestamp":"1696781182","value":25217.317863},{"valueType":"DOUBLE","timestamp":"1696781122","value":25216.917676},{"valueType":"DOUBLE","timestamp":"1696781062","value":25216.34557},{"valueType":"DOUBLE","timestamp":"1696781002","value":25215.980823},{"valueType":"DOUBLE","timestamp":"1696780942","value":25215.504758},{"valueType":"DOUBLE","timestamp":"1696780882","value":25215.070321},{"valueType":"DOUBLE","timestamp":"1696780822","value":25214.557219},{"valueType":"DOUBLE","timestamp":"1696780762","value":25214.143922},{"valueType":"DOUBLE","timestamp":"1696780702","value":25213.631888},{"valueType":"DOUBLE","timestamp":"1696780642","value":25213.232315},{"valueType":"DOUBLE","timestamp":"1696780582","value":25212.782574},{"valueType":"DOUBLE","timestamp":"1696780522","value":25212.239799},{"valueType":"DOUBLE","timestamp":"1696780462","value":25211.861502},{"valueType":"DOUBLE","timestamp":"1696780402","value":25211.316518},{"valueType":"DOUBLE","timestamp":"1696780342","value":25210.844003},{"valueType":"DOUBLE","timestamp":"1696780282","value":25210.415168},{"valueType":"DOUBLE","timestamp":"1696780222","value":25209.933658},{"valueType":"DOUBLE","timestamp":"1696780162","value":25209.471298},{"valueType":"DOUBLE","timestamp":"1696780102","value":25209.029673},{"valueType":"DOUBLE","timestamp":"1696780042","value":25208.53794},{"valueType":"DOUBLE","timestamp":"1696779982","value":25208.085039},{"valueType":"DOUBLE","timestamp":"1696779922","value":25207.475581},{"valueType":"DOUBLE","timestamp":"1696779862","value":25206.81218},{"valueType":"DOUBLE","timestamp":"1696779802","value":25206.194218},{"valueType":"DOUBLE","timestamp":"1696779742","value":25205.376498},{"valueType":"DOUBLE","timestamp":"1696779682","value":25204.828046},{"valueType":"DOUBLE","timestamp":"1696779622","value":25204.071936},{"valueType":"DOUBLE","timestamp":"1696779562","value":25203.343595},{"valueType":"DOUBLE","timestamp":"1696779502","value":25202.716791},{"valueType":"DOUBLE","timestamp":"1696779442","value":25202.049545},{"valueType":"DOUBLE","timestamp":"1696779382","value":25201.341815},{"valueType":"DOUBLE","timestamp":"1696779322","value":25200.664345},{"valueType":"DOUBLE","timestamp":"1696779262","value":25199.852202},{"valueType":"DOUBLE","timestamp":"1696779202","value":25199.210048},{"valueType":"DOUBLE","timestamp":"1696779142","value":25198.58741},{"valueType":"DOUBLE","timestamp":"1696779082","value":25197.849741},{"valueType":"DOUBLE","timestamp":"1696779022","value":25197.067873},{"valueType":"DOUBLE","timestamp":"1696778962","value":25196.286612},{"valueType":"DOUBLE","timestamp":"1696778902","value":25195.634264},{"valueType":"DOUBLE","timestamp":"1696778842","value":25195.038806},{"valueType":"DOUBLE","timestamp":"1696778782","value":25194.332437},{"valueType":"DOUBLE","timestamp":"1696778722","value":25193.635153},{"valueType":"DOUBLE","timestamp":"1696778662","value":25192.924151},{"valueType":"DOUBLE","timestamp":"1696778602","value":25192.342295},{"valueType":"DOUBLE","timestamp":"1696778542","value":25191.629359},{"valueType":"DOUBLE","timestamp":"1696778482","value":25190.932301},{"valueType":"DOUBLE","timestamp":"1696778422","value":25190.270209},{"valueType":"DOUBLE","timestamp":"1696778362","value":25189.614962},{"valueType":"DOUBLE","timestamp":"1696778302","value":25188.905147},{"valueType":"DOUBLE","timestamp":"1696778242","value":25188.164728},{"valueType":"DOUBLE","timestamp":"1696778182","value":25187.478984},{"valueType":"DOUBLE","timestamp":"1696778122","value":25186.807827},{"valueType":"DOUBLE","timestamp":"1696778062","value":25186.106112},{"valueType":"DOUBLE","timestamp":"1696778002","value":25185.364447},{"valueType":"DOUBLE","timestamp":"1696777942","value":25184.763133},{"valueType":"DOUBLE","timestamp":"1696777882","value":25184.080244},{"valueType":"DOUBLE","timestamp":"1696777822","value":25183.486464},{"valueType":"DOUBLE","timestamp":"1696777762","value":25182.709249},{"valueType":"DOUBLE","timestamp":"1696777702","value":25182.007806},{"valueType":"DOUBLE","timestamp":"1696777642","value":25181.374823},{"valueType":"DOUBLE","timestamp":"1696777582","value":25180.697049},{"valueType":"DOUBLE","timestamp":"1696777522","value":25180.035482},{"valueType":"DOUBLE","timestamp":"1696777462","value":25179.331563},{"valueType":"DOUBLE","timestamp":"1696777402","value":25178.646266},{"valueType":"DOUBLE","timestamp":"1696777342","value":25177.888434},{"valueType":"DOUBLE","timestamp":"1696777282","value":25177.279289},{"valueType":"DOUBLE","timestamp":"1696777222","value":25176.648},{"valueType":"DOUBLE","timestamp":"1696777162","value":25175.814794},{"valueType":"DOUBLE","timestamp":"1696777102","value":25175.167634},{"valueType":"DOUBLE","timestamp":"1696777042","value":25174.460679},{"valueType":"DOUBLE","timestamp":"1696776982","value":25173.839459},{"valueType":"DOUBLE","timestamp":"1696776922","value":25173.157677},{"valueType":"DOUBLE","timestamp":"1696776862","value":25172.405259},{"valueType":"DOUBLE","timestamp":"1696776802","value":25171.6599},{"valueType":"DOUBLE","timestamp":"1696776742","value":25170.897619},{"valueType":"DOUBLE","timestamp":"1696776682","value":25170.223207},{"valueType":"DOUBLE","timestamp":"1696776622","value":25169.58701},{"valueType":"DOUBLE","timestamp":"1696776562","value":25168.92938},{"valueType":"DOUBLE","timestamp":"1696776502","value":25168.297095},{"valueType":"DOUBLE","timestamp":"1696776442","value":25167.438262},{"valueType":"DOUBLE","timestamp":"1696776382","value":25166.793851},{"valueType":"DOUBLE","timestamp":"1696776322","value":25166.071411},{"valueType":"DOUBLE","timestamp":"1696776262","value":25165.482085},{"valueType":"DOUBLE","timestamp":"1696776202","value":25164.732362},{"valueType":"DOUBLE","timestamp":"1696776142","value":25164.09329},{"valueType":"DOUBLE","timestamp":"1696776082","value":25163.243308},{"valueType":"DOUBLE","timestamp":"1696776022","value":25162.589054},{"valueType":"DOUBLE","timestamp":"1696775962","value":25161.937997},{"valueType":"DOUBLE","timestamp":"1696775902","value":25161.225319},{"valueType":"DOUBLE","timestamp":"1696775842","value":25160.45574},{"valueType":"DOUBLE","timestamp":"1696775782","value":25159.742669},{"valueType":"DOUBLE","timestamp":"1696775722","value":25159.020927},{"valueType":"DOUBLE","timestamp":"1696775662","value":25158.293238},{"valueType":"DOUBLE","timestamp":"1696775602","value":25157.502967},{"valueType":"DOUBLE","timestamp":"1696775542","value":25156.816142},{"valueType":"DOUBLE","timestamp":"1696775482","value":25156.150601},{"valueType":"DOUBLE","timestamp":"1696775422","value":25155.4995},{"valueType":"DOUBLE","timestamp":"1696775362","value":25154.752988},{"valueType":"DOUBLE","timestamp":"1696775302","value":25154.006032},{"valueType":"DOUBLE","timestamp":"1696775242","value":25153.283272},{"valueType":"DOUBLE","timestamp":"1696775182","value":25152.641764},{"valueType":"DOUBLE","timestamp":"1696775122","value":25151.912513},{"valueType":"DOUBLE","timestamp":"1696775062","value":25151.306272},{"valueType":"DOUBLE","timestamp":"1696775002","value":25150.540075},{"valueType":"DOUBLE","timestamp":"1696774942","value":25149.839784},{"valueType":"DOUBLE","timestamp":"1696774882","value":25149.134048},{"valueType":"DOUBLE","timestamp":"1696774822","value":25148.483471},{"valueType":"DOUBLE","timestamp":"1696774762","value":25147.753287},{"valueType":"DOUBLE","timestamp":"1696774702","value":25147.228838},{"valueType":"DOUBLE","timestamp":"1696774642","value":25146.494125},{"valueType":"DOUBLE","timestamp":"1696774582","value":25145.77043},{"valueType":"DOUBLE","timestamp":"1696774522","value":25145.204277},{"valueType":"DOUBLE","timestamp":"1696774462","value":25144.569344},{"valueType":"DOUBLE","timestamp":"1696774402","value":25143.788345},{"valueType":"DOUBLE","timestamp":"1696774342","value":25143.046293},{"valueType":"DOUBLE","timestamp":"1696774282","value":25142.420398},{"valueType":"DOUBLE","timestamp":"1696774222","value":25141.701938},{"valueType":"DOUBLE","timestamp":"1696774162","value":25141.01698},{"valueType":"DOUBLE","timestamp":"1696774102","value":25140.378002},{"valueType":"DOUBLE","timestamp":"1696774042","value":25139.618411},{"valueType":"DOUBLE","timestamp":"1696773982","value":25138.948551},{"valueType":"DOUBLE","timestamp":"1696773922","value":25138.162299},{"valueType":"DOUBLE","timestamp":"1696773862","value":25137.613913},{"valueType":"DOUBLE","timestamp":"1696773802","value":25136.854313},{"valueType":"DOUBLE","timestamp":"1696773742","value":25136.187132},{"valueType":"DOUBLE","timestamp":"1696773682","value":25135.538971},{"valueType":"DOUBLE","timestamp":"1696773622","value":25134.89569},{"valueType":"DOUBLE","timestamp":"1696773562","value":25134.098665},{"valueType":"DOUBLE","timestamp":"1696773502","value":25133.430431},{"valueType":"DOUBLE","timestamp":"1696773442","value":25132.763861},{"valueType":"DOUBLE","timestamp":"1696773382","value":25131.970886},{"valueType":"DOUBLE","timestamp":"1696773322","value":25131.349841},{"valueType":"DOUBLE","timestamp":"1696773262","value":25130.71877},{"valueType":"DOUBLE","timestamp":"1696773202","value":25130.047285},{"valueType":"DOUBLE","timestamp":"1696773142","value":25129.30101},{"valueType":"DOUBLE","timestamp":"1696773082","value":25128.614476},{"valueType":"DOUBLE","timestamp":"1696773022","value":25128.000225},{"valueType":"DOUBLE","timestamp":"1696772962","value":25127.248858},{"valueType":"DOUBLE","timestamp":"1696772902","value":25126.570302},{"valueType":"DOUBLE","timestamp":"1696772842","value":25125.79865},{"valueType":"DOUBLE","timestamp":"1696772782","value":25125.251813},{"valueType":"DOUBLE","timestamp":"1696772722","value":25124.56148},{"valueType":"DOUBLE","timestamp":"1696772662","value":25123.753258},{"valueType":"DOUBLE","timestamp":"1696772602","value":25123.169529},{"valueType":"DOUBLE","timestamp":"1696772542","value":25122.45955},{"valueType":"DOUBLE","timestamp":"1696772482","value":25121.858831},{"valueType":"DOUBLE","timestamp":"1696772422","value":25121.044796},{"valueType":"DOUBLE","timestamp":"1696772362","value":25120.311338},{"valueType":"DOUBLE","timestamp":"1696772302","value":25119.661517},{"valueType":"DOUBLE","timestamp":"1696772242","value":25119.011746},{"valueType":"DOUBLE","timestamp":"1696772182","value":25118.300442},{"valueType":"DOUBLE","timestamp":"1696772122","value":25117.609969},{"valueType":"DOUBLE","timestamp":"1696772062","value":25116.904868},{"valueType":"DOUBLE","timestamp":"1696772002","value":25116.167659},{"valueType":"DOUBLE","timestamp":"1696771942","value":25115.436974},{"valueType":"DOUBLE","timestamp":"1696771882","value":25114.819484},{"valueType":"DOUBLE","timestamp":"1696771822","value":25114.105394},{"valueType":"DOUBLE","timestamp":"1696771762","value":25113.382039},{"valueType":"DOUBLE","timestamp":"1696771702","value":25112.779472},{"valueType":"DOUBLE","timestamp":"1696771642","value":25112.11254},{"valueType":"DOUBLE","timestamp":"1696771582","value":25111.3964},{"valueType":"DOUBLE","timestamp":"1696771522","value":25110.686781},{"valueType":"DOUBLE","timestamp":"1696771462","value":25110.005586},{"valueType":"DOUBLE","timestamp":"1696771402","value":25109.301871},{"valueType":"DOUBLE","timestamp":"1696771342","value":25108.561223},{"valueType":"DOUBLE","timestamp":"1696771282","value":25107.9017},{"valueType":"DOUBLE","timestamp":"1696771222","value":25107.065914},{"valueType":"DOUBLE","timestamp":"1696771162","value":25106.552099},{"valueType":"DOUBLE","timestamp":"1696771102","value":25105.855992},{"valueType":"DOUBLE","timestamp":"1696771042","value":25105.070409},{"valueType":"DOUBLE","timestamp":"1696770982","value":25104.326391},{"valueType":"DOUBLE","timestamp":"1696770922","value":25103.713106},{"valueType":"DOUBLE","timestamp":"1696770862","value":25102.904372},{"valueType":"DOUBLE","timestamp":"1696770802","value":25102.290077},{"valueType":"DOUBLE","timestamp":"1696770742","value":25101.588032},{"valueType":"DOUBLE","timestamp":"1696770682","value":25100.783379},{"valueType":"DOUBLE","timestamp":"1696770622","value":25100.036608},{"valueType":"DOUBLE","timestamp":"1696770562","value":25099.452855},{"valueType":"DOUBLE","timestamp":"1696770502","value":25098.733349},{"valueType":"DOUBLE","timestamp":"1696770442","value":25098.047695},{"valueType":"DOUBLE","timestamp":"1696770382","value":25097.346087},{"valueType":"DOUBLE","timestamp":"1696770322","value":25096.658954},{"valueType":"DOUBLE","timestamp":"1696770262","value":25095.932079},{"valueType":"DOUBLE","timestamp":"1696770202","value":25095.369385},{"valueType":"DOUBLE","timestamp":"1696770142","value":25094.745341},{"valueType":"DOUBLE","timestamp":"1696770082","value":25094.022642},{"valueType":"DOUBLE","timestamp":"1696770022","value":25093.348732},{"valueType":"DOUBLE","timestamp":"1696769962","value":25092.646144},{"valueType":"DOUBLE","timestamp":"1696769902","value":25091.877514},{"valueType":"DOUBLE","timestamp":"1696769842","value":25091.249427},{"valueType":"DOUBLE","timestamp":"1696769782","value":25090.458198},{"valueType":"DOUBLE","timestamp":"1696769722","value":25089.771452},{"valueType":"DOUBLE","timestamp":"1696769662","value":25089.155762},{"valueType":"DOUBLE","timestamp":"1696769602","value":25088.446469},{"valueType":"DOUBLE","timestamp":"1696769542","value":25087.688524},{"valueType":"DOUBLE","timestamp":"1696769482","value":25087.018969},{"valueType":"DOUBLE","timestamp":"1696769422","value":25086.389177},{"valueType":"DOUBLE","timestamp":"1696769362","value":25085.620039},{"valueType":"DOUBLE","timestamp":"1696769302","value":25084.807138},{"valueType":"DOUBLE","timestamp":"1696769242","value":25084.183562},{"valueType":"DOUBLE","timestamp":"1696769182","value":25083.543589},{"valueType":"DOUBLE","timestamp":"1696769122","value":25082.850492},{"valueType":"DOUBLE","timestamp":"1696769062","value":25082.147288},{"valueType":"DOUBLE","timestamp":"1696769002","value":25081.333187},{"valueType":"DOUBLE","timestamp":"1696768942","value":25080.668633},{"valueType":"DOUBLE","timestamp":"1696768882","value":25079.974087},{"valueType":"DOUBLE","timestamp":"1696768822","value":25079.234757},{"valueType":"DOUBLE","timestamp":"1696768762","value":25078.48504},{"valueType":"DOUBLE","timestamp":"1696768702","value":25077.956632},{"valueType":"DOUBLE","timestamp":"1696768642","value":25077.189373},{"valueType":"DOUBLE","timestamp":"1696768582","value":25076.506026},{"valueType":"DOUBLE","timestamp":"1696768522","value":25075.812008}]}