{"podName":"userservice-cd5ddb4bb-nqdww","containerName":"userservice","nodeName":null,"metricType":"kubernetes.io/container/cpu/core_usage_time","metrics":[{"valueType":"DOUBLE","timestamp":"1696785200","value":690168.142959},{"valueType":"DOUBLE","timestamp":"1696785140","value":690168.037286},{"valueType":"DOUBLE","timestamp":"1696785080","value":690167.96476},{"valueType":"DOUBLE","timestamp":"1696785020","value":690167.860479},{"valueType":"DOUBLE","timestamp":"1696784960","value":690167.76984},{"valueType":"DOUBLE","timestamp":"1696784900","value":690167.662686},{"valueType":"DOUBLE","timestamp":"1696784840","value":690167.561901},{"valueType":"DOUBLE","timestamp":"1696784780","value":690167.468449},{"valueType":"DOUBLE","timestamp":"1696784720","value":690167.385287},{"valueType":"DOUBLE","timestamp":"1696784660","value":690167.289964},{"valueType":"DOUBLE","timestamp":"1696784600","value":690167.193811},{"valueType":"DOUBLE","timestamp":"1696784540","value":690167.095307},{"valueType":"DOUBLE","timestamp":"1696784480","value":690166.991111},{"valueType":"DOUBLE","timestamp":"1696784420","value":690166.883466},{"valueType":"DOUBLE","timestamp":"1696784360","value":690166.77725},{"valueType":"DOUBLE","timestamp":"1696784300","value":690166.68837},{"valueType":"DOUBLE","timestamp":"1696784240","value":690166.600199},{"valueType":"DOUBLE","timestamp":"1696784180","value":690166.503396},{"valueType":"DOUBLE","timestamp":"1696784120","value":690166.395965},{"valueType":"DOUBLE","timestamp":"1696784060","value":690166.306056},{"valueType":"DOUBLE","timestamp":"1696784000","value":690166.210562},{"valueType":"DOUBLE","timestamp":"1696783940","value":690166.098591},{"valueType":"DOUBLE","timestamp":"1696783880","value":690166.016726},{"valueType":"DOUBLE","timestamp":"1696783820","value":690165.90792},{"valueType":"DOUBLE","timestamp":"1696783760","value":690165.810123},{"valueType":"DOUBLE","timestamp":"1696783700","value":690165.718174},{"valueType":"DOUBLE","timestamp":"1696783640","value":690165.631271},{"valueType":"DOUBLE","timestamp":"1696783580","value":690165.513357},{"valueType":"DOUBLE","timestamp":"1696783520","value":690165.42992},{"valueType":"DOUBLE","timestamp":"1696783460","value":690165.325697},{"valueType":"DOUBLE","timestamp":"1696783400","value":690165.236588},{"valueType":"DOUBLE","timestamp":"1696783340","value":690165.133754},{"valueType":"DOUBLE","timestamp":"1696783280","value":690165.044029},{"valueType":"DOUBLE","timestamp":"1696783220","value":690164.937381},{"valueType":"DOUBLE","timestamp":"1696783160","value":690164.845715},{"valueType":"DOUBLE","timestamp":"1696783100","value":690164.747221},{"valueType":"DOUBLE","timestamp":"1696783040","value":690164.650642},{"valueType":"DOUBLE","timestamp":"1696782980","value":690164.54048},{"valueType":"DOUBLE","timestamp":"1696782920","value":690164.446845},{"valueType":"DOUBLE","timestamp":"1696782860","value":690164.337988},{"valueType":"DOUBLE","timestamp":"1696782800","value":690164.253497},{"valueType":"DOUBLE","timestamp":"1696782740","value":690164.138773},{"valueType":"DOUBLE","timestamp":"1696782680","value":690164.057654},{"valueType":"DOUBLE","timestamp":"1696782620","value":690163.945489},{"valueType":"DOUBLE","timestamp":"1696782560","value":690163.853306},{"valueType":"DOUBLE","timestamp":"1696782500","value":690163.73941},{"valueType":"DOUBLE","timestamp":"1696782440","value":690163.658978},{"valueType":"DOUBLE","timestamp":"1696782380","value":690163.539389},{"valueType":"DOUBLE","timestamp":"1696782320","value":690163.445104},{"valueType":"DOUBLE","timestamp":"1696782260","value":690163.338716},{"valueType":"DOUBLE","timestamp":"1696782200","value":690163.237991},{"valueType":"DOUBLE","timestamp":"1696782140","value":690163.14399},{"valueType":"DOUBLE","timestamp":"1696782080","value":690163.067733},{"valueType":"DOUBLE","timestamp":"1696782020","value":690162.972792},{"valueType":"DOUBLE","timestamp":"1696781960","value":690162.873849},{"valueType":"DOUBLE","timestamp":"1696781900","value":690162.770417},{"valueType":"DOUBLE","timestamp":"1696781840","value":690162.691339},{"valueType":"DOUBLE","timestamp":"1696781780","value":690162.610241},{"valueType":"DOUBLE","timestamp":"1696781720","value":690162.500191},{"valueType":"DOUBLE","timestamp":"1696781660","value":690162.402184},{"valueType":"DOUBLE","timestamp":"1696781600","value":690162.31446},{"valueType":"DOUBLE","timestamp":"1696781540","value":690162.230822},{"valueType":"DOUBLE","timestamp":"1696781480","value":690162.14874},{"valueType":"DOUBLE","timestamp":"1696781420","value":690162.037468},{"valueType":"DOUBLE","timestamp":"1696781360","value":690161.957605},{"valueType":"DOUBLE","timestamp":"1696781300","value":690161.852163},{"valueType":"DOUBLE","timestamp":"1696781240","value":690161.773516},{"valueType":"DOUBLE","timestamp":"1696781180","value":690161.680949},{"valueType":"DOUBLE","timestamp":"1696781120","value":690161.574229},{"valueType":"DOUBLE","timestamp":"1696781060","value":690161.497167},{"valueType":"DOUBLE","timestamp":"1696781000","value":690161.401073},{"valueType":"DOUBLE","timestamp":"1696780940","value":690161.304081},{"valueType":"DOUBLE","timestamp":"1696780880","value":690161.206085},{"valueType":"DOUBLE","timestamp":"1696780820","value":690161.111973},{"valueType":"DOUBLE","timestamp":"1696780760","value":690161.018987},{"valueType":"DOUBLE","timestamp":"1696780700","value":690160.93229},{"valueType":"DOUBLE","timestamp":"1696780640","value":690160.835161},{"valueType":"DOUBLE","timestamp":"1696780580","value":690160.742308},{"valueType":"DOUBLE","timestamp":"1696780520","value":690160.645654},{"valueType":"DOUBLE","timestamp":"1696780460","value":690160.562271},{"valueType":"DOUBLE","timestamp":"1696780400","value":690160.470309},{"valueType":"DOUBLE","timestamp":"1696780340","value":690160.316906},{"valueType":"DOUBLE","timestamp":"1696780280","value":690160.215727},{"valueType":"DOUBLE","timestamp":"1696780220","value":690160.131103},{"valueType":"DOUBLE","timestamp":"1696780160","value":690160.045183},{"valueType":"DOUBLE","timestamp":"1696780100","value":690159.949642},{"valueType":"DOUBLE","timestamp":"1696780040","value":690159.862512},{"valueType":"DOUBLE","timestamp":"1696779980","value":690159.74618},{"valueType":"DOUBLE","timestamp":"1696779920","value":690159.677416},{"valueType":"DOUBLE","timestamp":"1696779860","value":690140.188507},{"valueType":"DOUBLE","timestamp":"1696779800","value":690109.794569},{"valueType":"DOUBLE","timestamp":"1696779740","value":690086.347473},{"valueType":"DOUBLE","timestamp":"1696779680","value":690057.839783},{"valueType":"DOUBLE","timestamp":"1696779620","value":690036.207967},{"valueType":"DOUBLE","timestamp":"1696779560","value":690017.887508},{"valueType":"DOUBLE","timestamp":"1696779500","value":689994.985139},{"valueType":"DOUBLE","timestamp":"1696779440","value":689979.120612},{"valueType":"DOUBLE","timestamp":"1696779380","value":689956.066142},{"valueType":"DOUBLE","timestamp":"1696779320","value":689933.130884},{"valueType":"DOUBLE","timestamp":"1696779260","value":689903.067012},{"valueType":"DOUBLE","timestamp":"1696779200","value":689873.105567},{"valueType":"DOUBLE","timestamp":"1696779140","value":689849.836604},{"valueType":"DOUBLE","timestamp":"1696779080","value":689830.272374},{"valueType":"DOUBLE","timestamp":"1696779020","value":689804.802403},{"valueType":"DOUBLE","timestamp":"1696778960","value":689780.224033},{"valueType":"DOUBLE","timestamp":"1696778900","value":689759.044939},{"valueType":"DOUBLE","timestamp":"1696778840","value":689737.875606},{"valueType":"DOUBLE","timestamp":"1696778780","value":689718.023125},{"valueType":"DOUBLE","timestamp":"1696778720","value":689694.737949},{"valueType":"DOUBLE","timestamp":"1696778660","value":689666.043604},{"valueType":"DOUBLE","timestamp":"1696778600","value":689635.181867},{"valueType":"DOUBLE","timestamp":"1696778540","value":689618.170315},{"valueType":"DOUBLE","timestamp":"1696778480","value":689588.825674},{"valueType":"DOUBLE","timestamp":"1696778420","value":689564.505776},{"valueType":"DOUBLE","timestamp":"1696778360","value":689546.665352},{"valueType":"DOUBLE","timestamp":"1696778300","value":689525.562922},{"valueType":"DOUBLE","timestamp":"1696778240","value":689503.638106},{"valueType":"DOUBLE","timestamp":"1696778180","value":689480.709013},{"valueType":"DOUBLE","timestamp":"1696778120","value":689462.23534},{"valueType":"DOUBLE","timestamp":"1696778060","value":689447.827684},{"valueType":"DOUBLE","timestamp":"1696778000","value":689428.22059},{"valueType":"DOUBLE","timestamp":"1696777940","value":689410.472462},{"valueType":"DOUBLE","timestamp":"1696777880","value":689391.902834},{"valueType":"DOUBLE","timestamp":"1696777820","value":689377.69776},{"valueType":"DOUBLE","timestamp":"1696777760","value":689361.804924},{"valueType":"DOUBLE","timestamp":"1696777700","value":689340.589423},{"valueType":"DOUBLE","timestamp":"1696777640","value":689314.058631},{"valueType":"DOUBLE","timestamp":"1696777580","value":689285.926679},{"valueType":"DOUBLE","timestamp":"1696777520","value":689263.649976},{"valueType":"DOUBLE","timestamp":"1696777460","value":689248.72947},{"valueType":"DOUBLE","timestamp":"1696777400","value":689234.488342},{"valueType":"DOUBLE","timestamp":"1696777340","value":689220.872511},{"valueType":"DOUBLE","timestamp":"1696777280","value":689189.821713},{"valueType":"DOUBLE","timestamp":"1696777220","value":689174.640136},{"valueType":"DOUBLE","timestamp":"1696777160","value":689155.035067},{"valueType":"DOUBLE","timestamp":"1696777100","value":689126.985703},{"valueType":"DOUBLE","timestamp":"1696777040","value":689108.469614},{"valueType":"DOUBLE","timestamp":"1696776980","value":689089.626743},{"valueType":"DOUBLE","timestamp":"1696776920","value":689064.972155},{"valueType":"DOUBLE","timestamp":"1696776860","value":689037.156151},{"valueType":"DOUBLE","timestamp":"1696776800","value":689011.25169},{"valueType":"DOUBLE","timestamp":"1696776740","value":688992.06926},{"valueType":"DOUBLE","timestamp":"1696776680","value":688971.94592},{"valueType":"DOUBLE","timestamp":"1696776620","value":688955.332414},{"valueType":"DOUBLE","timestamp":"1696776560","value":688930.966932},{"valueType":"DOUBLE","timestamp":"1696776500","value":688918.79777},{"valueType":"DOUBLE","timestamp":"1696776440","value":688897.822066},{"valueType":"DOUBLE","timestamp":"1696776380","value":688871.865154},{"valueType":"DOUBLE","timestamp":"1696776320","value":688859.037347},{"valueType":"DOUBLE","timestamp":"1696776260","value":688840.604859},{"valueType":"DOUBLE","timestamp":"1696776200","value":688813.962015},{"valueType":"DOUBLE","timestamp":"1696776140","value":688791.897105},{"valueType":"DOUBLE","timestamp":"1696776080","value":688766.4364},{"valueType":"DOUBLE","timestamp":"1696776020","value":688749.568022},{"valueType":"DOUBLE","timestamp":"1696775960","value":688728.767333},{"valueType":"DOUBLE","timestamp":"1696775900","value":688709.017182},{"valueType":"DOUBLE","timestamp":"1696775840","value":688688.610676},{"valueType":"DOUBLE","timestamp":"1696775780","value":688657.449925},{"valueType":"DOUBLE","timestamp":"1696775720","value":688636.208027},{"valueType":"DOUBLE","timestamp":"1696775660","value":688614.469452},{"valueType":"DOUBLE","timestamp":"1696775600","value":688592.38626},{"valueType":"DOUBLE","timestamp":"1696775540","value":688574.851953},{"valueType":"DOUBLE","timestamp":"1696775480","value":688551.174838},{"valueType":"DOUBLE","timestamp":"1696775420","value":688533.444567},{"valueType":"DOUBLE","timestamp":"1696775360","value":688514.839814},{"valueType":"DOUBLE","timestamp":"1696775300","value":688488.194851},{"valueType":"DOUBLE","timestamp":"1696775240","value":688468.899432},{"valueType":"DOUBLE","timestamp":"1696775180","value":688451.427128},{"valueType":"DOUBLE","timestamp":"1696775120","value":688427.309673},{"valueType":"DOUBLE","timestamp":"1696775060","value":688411.139552},{"valueType":"DOUBLE","timestamp":"1696775000","value":688386.159172},{"valueType":"DOUBLE","timestamp":"1696774940","value":688369.224283},{"valueType":"DOUBLE","timestamp":"1696774880","value":688353.328031},{"valueType":"DOUBLE","timestamp":"1696774820","value":688329.516983},{"valueType":"DOUBLE","timestamp":"1696774760","value":688312.483115},{"valueType":"DOUBLE","timestamp":"1696774700","value":688298.885661},{"valueType":"DOUBLE","timestamp":"1696774640","value":688279.412334},{"valueType":"DOUBLE","timestamp":"1696774580","value":688261.50983},{"valueType":"DOUBLE","timestamp":"1696774520","value":688246.67102},{"valueType":"DOUBLE","timestamp":"1696774460","value":688220.01819},{"valueType":"DOUBLE","timestamp":"1696774400","value":688193.535703},{"valueType":"DOUBLE","timestamp":"1696774340","value":688171.045463},{"valueType":"DOUBLE","timestamp":"1696774280","value":688146.052804},{"valueType":"DOUBLE","timestamp":"1696774220","value":688133.083992},{"valueType":"DOUBLE","timestamp":"1696774160","value":688118.906014},{"valueType":"DOUBLE","timestamp":"1696774100","value":688098.548033},{"valueType":"DOUBLE","timestamp":"1696774040","value":688074.640673},{"valueType":"DOUBLE","timestamp":"1696773980","value":688051.142089},{"valueType":"DOUBLE","timestamp":"1696773920","value":688033.763754},{"valueType":"DOUBLE","timestamp":"1696773860","value":688011.96604},{"valueType":"DOUBLE","timestamp":"1696773800","value":687985.285777},{"valueType":"DOUBLE","timestamp":"1696773740","value":687970.663961},{"valueType":"DOUBLE","timestamp":"1696773680","value":687944.769124},{"valueType":"DOUBLE","timestamp":"1696773620","value":687923.739514},{"valueType":"DOUBLE","timestamp":"1696773560","value":687897.913275},{"valueType":"DOUBLE","timestamp":"1696773500","value":687879.503757},{"valueType":"DOUBLE","timestamp":"1696773440","value":687861.881077},{"valueType":"DOUBLE","timestamp":"1696773380","value":687841.056776},{"valueType":"DOUBLE","timestamp":"1696773320","value":687817.191558},{"valueType":"DOUBLE","timestamp":"1696773260","value":687805.099601},{"valueType":"DOUBLE","timestamp":"1696773200","value":687783.106517},{"valueType":"DOUBLE","timestamp":"1696773140","value":687766.111595},{"valueType":"DOUBLE","timestamp":"1696773080","value":687735.051536},{"valueType":"DOUBLE","timestamp":"1696773020","value":687714.021773},{"valueType":"DOUBLE","timestamp":"1696772960","value":687686.816106},{"valueType":"DOUBLE","timestamp":"1696772900","value":687662.032489},{"valueType":"DOUBLE","timestamp":"1696772840","value":687637.321437},{"valueType":"DOUBLE","timestamp":"1696772780","value":687619.551024},{"valueType":"DOUBLE","timestamp":"1696772720","value":687603.089253},{"valueType":"DOUBLE","timestamp":"1696772660","value":687583.174964},{"valueType":"DOUBLE","timestamp":"1696772600","value":687559.248645},{"valueType":"DOUBLE","timestamp":"1696772540","value":687534.466376},{"valueType":"DOUBLE","timestamp":"1696772480","value":687518.31446},{"valueType":"DOUBLE","timestamp":"1696772420","value":687503.227479},{"valueType":"DOUBLE","timestamp":"1696772360","value":687484.04225},{"valueType":"DOUBLE","timestamp":"1696772300","value":687466.414706},{"valueType":"DOUBLE","timestamp":"1696772240","value":687448.281601},{"valueType":"DOUBLE","timestamp":"1696772180","value":687422.35575},{"valueType":"DOUBLE","timestamp":"1696772120","value":687402.987127},{"valueType":"DOUBLE","timestamp":"1696772060","value":687383.920201},{"valueType":"DOUBLE","timestamp":"1696772000","value":687357.63647},{"valueType":"DOUBLE","timestamp":"1696771940","value":687343.343397},{"valueType":"DOUBLE","timestamp":"1696771880","value":687321.455668},{"valueType":"DOUBLE","timestamp":"1696771820","value":687300.22585},{"valueType":"DOUBLE","timestamp":"1696771760","value":687281.926228},{"valueType":"DOUBLE","timestamp":"1696771700","value":687255.196453},{"valueType":"DOUBLE","timestamp":"1696771640","value":687240.124927},{"valueType":"DOUBLE","timestamp":"1696771580","value":687214.698754},{"valueType":"DOUBLE","timestamp":"1696771520","value":687202.444587},{"valueType":"DOUBLE","timestamp":"1696771460","value":687174.285138},{"valueType":"DOUBLE","timestamp":"1696771400","value":687148.19069},{"valueType":"DOUBLE","timestamp":"1696771340","value":687128.035959},{"valueType":"DOUBLE","timestamp":"1696771280","value":687107.793456},{"valueType":"DOUBLE","timestamp":"1696771220","value":687089.152047},{"valueType":"DOUBLE","timestamp":"1696771160","value":687065.985141},{"valueType":"DOUBLE","timestamp":"1696771100","value":687046.855885},{"valueType":"DOUBLE","timestamp":"1696771040","value":687013.325037},{"valueType":"DOUBLE","timestamp":"1696770980","value":686993.221222},{"valueType":"DOUBLE","timestamp":"1696770920","value":686970.316838},{"valueType":"DOUBLE","timestamp":"1696770860","value":686948.988},{"valueType":"DOUBLE","timestamp":"1696770800","value":686918.936251},{"valueType":"DOUBLE","timestamp":"1696770740","value":686896.862505},{"valueType":"DOUBLE","timestamp":"1696770680","value":686875.92578},{"valueType":"DOUBLE","timestamp":"1696770620","value":686852.079313},{"valueType":"DOUBLE","timestamp":"1696770560","value":686833.883701},{"valueType":"DOUBLE","timestamp":"1696770500","value":686817.359645},{"valueType":"DOUBLE","timestamp":"1696770440","value":686800.479262},{"valueType":"DOUBLE","timestamp":"1696770380","value":686774.645178},{"valueType":"DOUBLE","timestamp":"1696770320","value":686760.61511},{"valueType":"DOUBLE","timestamp":"1696770260","value":686743.994754},{"valueType":"DOUBLE","timestamp":"1696770200","value":686714.071021},{"valueType":"DOUBLE","timestamp":"1696770140","value":686684.401077},{"valueType":"DOUBLE","timestamp":"1696770080","value":686667.288631},{"valueType":"DOUBLE","timestamp":"1696770020","value":686642.139461},{"valueType":"DOUBLE","timestamp":"1696769960","value":686623.480144},{"valueType":"DOUBLE","timestamp":"1696769900","value":686590.83848},{"valueType":"DOUBLE","timestamp":"1696769840","value":686567.178725},{"valueType":"DOUBLE","timestamp":"1696769780","value":686541.577266},{"valueType":"DOUBLE","timestamp":"1696769720","value":686513.084991},{"valueType":"DOUBLE","timestamp":"1696769660","value":686493.486411},{"valueType":"DOUBLE","timestamp":"1696769600","value":686472.035481},{"valueType":"DOUBLE","timestamp":"1696769540","value":686456.983574},{"valueType":"DOUBLE","timestamp":"1696769480","value":686437.315561},{"valueType":"DOUBLE","timestamp":"1696769420","value":686415.436244},{"valueType":"DOUBLE","timestamp":"1696769360","value":686390.406352},{"valueType":"DOUBLE","timestamp":"1696769300","value":686363.024809},{"valueType":"DOUBLE","timestamp":"1696769240","value":686335.342693},{"valueType":"DOUBLE","timestamp":"1696769180","value":686310.297528},{"valueType":"DOUBLE","timestamp":"1696769120","value":686282.060184},{"valueType":"DOUBLE","timestamp":"1696769060","value":686263.389403},{"valueType":"DOUBLE","timestamp":"1696769000","value":686232.032204},{"valueType":"DOUBLE","timestamp":"1696768940","value":686210.783525},{"valueType":"DOUBLE","timestamp":"1696768880","value":686185.049447},{"valueType":"DOUBLE","timestamp":"1696768820","value":686167.522644},{"valueType":"DOUBLE","timestamp":"1696768760","value":686140.550652},{"valueType":"DOUBLE","timestamp":"1696768700","value":686114.019415},{"valueType":"DOUBLE","timestamp":"1696768640","value":686096.158258},{"valueType":"DOUBLE","timestamp":"1696768580","value":686083.227068},{"valueType":"DOUBLE","timestamp":"1696768520","value":686064.270219},{"valueType":"DOUBLE","timestamp":"1696785218","value":33993.431853},{"valueType":"DOUBLE","timestamp":"1696785158","value":33993.366244},{"valueType":"DOUBLE","timestamp":"1696785098","value":33993.277729},{"valueType":"DOUBLE","timestamp":"1696785038","value":33993.192584},{"valueType":"DOUBLE","timestamp":"1696784978","value":33993.115038},{"valueType":"DOUBLE","timestamp":"1696784918","value":33993.027775},{"valueType":"DOUBLE","timestamp":"1696784858","value":33992.952231},{"valueType":"DOUBLE","timestamp":"1696784798","value":33992.874154},{"valueType":"DOUBLE","timestamp":"1696784738","value":33992.791358},{"valueType":"DOUBLE","timestamp":"1696784678","value":33992.710479},{"valueType":"DOUBLE","timestamp":"1696784618","value":33992.640829},{"valueType":"DOUBLE","timestamp":"1696784558","value":33992.562723},{"valueType":"DOUBLE","timestamp":"1696784498","value":33992.481705},{"valueType":"DOUBLE","timestamp":"1696784438","value":33992.403409},{"valueType":"DOUBLE","timestamp":"1696784378","value":33992.316744},{"valueType":"DOUBLE","timestamp":"1696784318","value":33992.24262},{"valueType":"DOUBLE","timestamp":"1696784258","value":33992.166658},{"valueType":"DOUBLE","timestamp":"1696784198","value":33992.080205},{"valueType":"DOUBLE","timestamp":"1696784138","value":33991.99546},{"valueType":"DOUBLE","timestamp":"1696784078","value":33991.925441},{"valueType":"DOUBLE","timestamp":"1696784018","value":33991.83155},{"valueType":"DOUBLE","timestamp":"1696783958","value":33991.752079},{"valueType":"DOUBLE","timestamp":"1696783898","value":33991.669055},{"valueType":"DOUBLE","timestamp":"1696783838","value":33991.580877},{"valueType":"DOUBLE","timestamp":"1696783778","value":33991.523096},{"valueType":"DOUBLE","timestamp":"1696783718","value":33991.442568},{"valueType":"DOUBLE","timestamp":"1696783658","value":33991.361136},{"valueType":"DOUBLE","timestamp":"1696783598","value":33991.275553},{"valueType":"DOUBLE","timestamp":"1696783538","value":33991.194004},{"valueType":"DOUBLE","timestamp":"1696783478","value":33991.106884},{"valueType":"DOUBLE","timestamp":"1696783418","value":33991.041891},{"valueType":"DOUBLE","timestamp":"1696783358","value":33990.961238},{"valueType":"DOUBLE","timestamp":"1696783298","value":33990.859329},{"valueType":"DOUBLE","timestamp":"1696783238","value":33990.768848},{"valueType":"DOUBLE","timestamp":"1696783178","value":33990.692099},{"valueType":"DOUBLE","timestamp":"1696783118","value":33990.618786},{"valueType":"DOUBLE","timestamp":"1696783058","value":33990.55155},{"valueType":"DOUBLE","timestamp":"1696782998","value":33990.470154},{"valueType":"DOUBLE","timestamp":"1696782938","value":33990.383373},{"valueType":"DOUBLE","timestamp":"1696782878","value":33990.307725},{"valueType":"DOUBLE","timestamp":"1696782818","value":33990.217406},{"valueType":"DOUBLE","timestamp":"1696782758","value":33990.146023},{"valueType":"DOUBLE","timestamp":"1696782698","value":33990.066599},{"valueType":"DOUBLE","timestamp":"1696782638","value":33989.991615},{"valueType":"DOUBLE","timestamp":"1696782578","value":33989.90572},{"valueType":"DOUBLE","timestamp":"1696782518","value":33989.816311},{"valueType":"DOUBLE","timestamp":"1696782458","value":33989.749378},{"valueType":"DOUBLE","timestamp":"1696782398","value":33989.6745},{"valueType":"DOUBLE","timestamp":"1696782338","value":33989.595636},{"valueType":"DOUBLE","timestamp":"1696782278","value":33989.50755},{"valueType":"DOUBLE","timestamp":"1696782218","value":33989.43781},{"valueType":"DOUBLE","timestamp":"1696782158","value":33989.355841},{"valueType":"DOUBLE","timestamp":"1696782098","value":33989.274488},{"valueType":"DOUBLE","timestamp":"1696782038","value":33989.191327},{"valueType":"DOUBLE","timestamp":"1696781978","value":33989.100824},{"valueType":"DOUBLE","timestamp":"1696781918","value":33989.041002},{"valueType":"DOUBLE","timestamp":"1696781858","value":33988.960824},{"valueType":"DOUBLE","timestamp":"1696781798","value":33988.859485},{"valueType":"DOUBLE","timestamp":"1696781738","value":33988.77949},{"valueType":"DOUBLE","timestamp":"1696781678","value":33988.704102},{"valueType":"DOUBLE","timestamp":"1696781618","value":33988.608812},{"valueType":"DOUBLE","timestamp":"1696781558","value":33988.545101},{"valueType":"DOUBLE","timestamp":"1696781498","value":33988.450512},{"valueType":"DOUBLE","timestamp":"1696781438","value":33988.380709},{"valueType":"DOUBLE","timestamp":"1696781378","value":33988.303114},{"valueType":"DOUBLE","timestamp":"1696781318","value":33988.217679},{"valueType":"DOUBLE","timestamp":"1696781258","value":33988.141527},{"valueType":"DOUBLE","timestamp":"1696781198","value":33988.061466},{"valueType":"DOUBLE","timestamp":"1696781138","value":33987.968802},{"valueType":"DOUBLE","timestamp":"1696781078","value":33987.902951},{"valueType":"DOUBLE","timestamp":"1696781018","value":33987.816359},{"valueType":"DOUBLE","timestamp":"1696780958","value":33987.727825},{"valueType":"DOUBLE","timestamp":"1696780898","value":33987.659227},{"valueType":"DOUBLE","timestamp":"1696780838","value":33987.571484},{"valueType":"DOUBLE","timestamp":"1696780778","value":33987.499398},{"valueType":"DOUBLE","timestamp":"1696780718","value":33987.415927},{"valueType":"DOUBLE","timestamp":"1696780658","value":33987.304602},{"valueType":"DOUBLE","timestamp":"1696780598","value":33987.209964},{"valueType":"DOUBLE","timestamp":"1696780538","value":33987.138371},{"valueType":"DOUBLE","timestamp":"1696780478","value":33987.060455},{"valueType":"DOUBLE","timestamp":"1696780418","value":33986.97559},{"valueType":"DOUBLE","timestamp":"1696780358","value":33986.891754},{"valueType":"DOUBLE","timestamp":"1696780298","value":33986.809236},{"valueType":"DOUBLE","timestamp":"1696780238","value":33986.729071},{"valueType":"DOUBLE","timestamp":"1696780178","value":33986.649977},{"valueType":"DOUBLE","timestamp":"1696780118","value":33986.571228},{"valueType":"DOUBLE","timestamp":"1696780058","value":33986.481501},{"valueType":"DOUBLE","timestamp":"1696779998","value":33986.394017},{"valueType":"DOUBLE","timestamp":"1696779938","value":33986.323461},{"valueType":"DOUBLE","timestamp":"1696779878","value":33963.398725},{"valueType":"DOUBLE","timestamp":"1696779818","value":33946.537632},{"valueType":"DOUBLE","timestamp":"1696779758","value":33931.545087},{"valueType":"DOUBLE","timestamp":"1696779698","value":33906.514655},{"valueType":"DOUBLE","timestamp":"1696779638","value":33888.628575},{"valueType":"DOUBLE","timestamp":"1696779578","value":33856.057118},{"valueType":"DOUBLE","timestamp":"1696779518","value":33838.969039},{"valueType":"DOUBLE","timestamp":"1696779458","value":33810.592531},{"valueType":"DOUBLE","timestamp":"1696779398","value":33777.902442},{"valueType":"DOUBLE","timestamp":"1696779338","value":33766.531382},{"valueType":"DOUBLE","timestamp":"1696779278","value":33753.783386},{"valueType":"DOUBLE","timestamp":"1696779218","value":33728.44048},{"valueType":"DOUBLE","timestamp":"1696779158","value":33702.126184},{"valueType":"DOUBLE","timestamp":"1696779098","value":33677.572024},{"valueType":"DOUBLE","timestamp":"1696779038","value":33649.524708},{"valueType":"DOUBLE","timestamp":"1696778978","value":33622.473437},{"valueType":"DOUBLE","timestamp":"1696778918","value":33601.616737},{"valueType":"DOUBLE","timestamp":"1696778858","value":33580.920818},{"valueType":"DOUBLE","timestamp":"1696778798","value":33551.049299},{"valueType":"DOUBLE","timestamp":"1696778738","value":33528.403462},{"valueType":"DOUBLE","timestamp":"1696778678","value":33517.308502},{"valueType":"DOUBLE","timestamp":"1696778618","value":33502.201507},{"valueType":"DOUBLE","timestamp":"1696778558","value":33485.323931},{"valueType":"DOUBLE","timestamp":"1696778498","value":33459.909367},{"valueType":"DOUBLE","timestamp":"1696778438","value":33437.879808},{"valueType":"DOUBLE","timestamp":"1696778378","value":33415.76681},{"valueType":"DOUBLE","timestamp":"1696778318","value":33387.993877},{"valueType":"DOUBLE","timestamp":"1696778258","value":33363.754667},{"valueType":"DOUBLE","timestamp":"1696778198","value":33340.953312},{"valueType":"DOUBLE","timestamp":"1696778138","value":33319.639959},{"valueType":"DOUBLE","timestamp":"1696778078","value":33292.972359},{"valueType":"DOUBLE","timestamp":"1696778018","value":33269.846655},{"valueType":"DOUBLE","timestamp":"1696777958","value":33245.569721},{"valueType":"DOUBLE","timestamp":"1696777898","value":33224.851743},{"valueType":"DOUBLE","timestamp":"1696777838","value":33203.582076},{"valueType":"DOUBLE","timestamp":"1696777778","value":33178.486305},{"valueType":"DOUBLE","timestamp":"1696777718","value":33158.70357},{"valueType":"DOUBLE","timestamp":"1696777658","value":33141.952662},{"valueType":"DOUBLE","timestamp":"1696777598","value":33129.746176},{"valueType":"DOUBLE","timestamp":"1696777538","value":33117.742641},{"valueType":"DOUBLE","timestamp":"1696777478","value":33090.437177},{"valueType":"DOUBLE","timestamp":"1696777418","value":33064.413898},{"valueType":"DOUBLE","timestamp":"1696777358","value":33036.69419},{"valueType":"DOUBLE","timestamp":"1696777298","value":33021.950581},{"valueType":"DOUBLE","timestamp":"1696777238","value":33003.295342},{"valueType":"DOUBLE","timestamp":"1696777178","value":32976.304679},{"valueType":"DOUBLE","timestamp":"1696777118","value":32961.08174},{"valueType":"DOUBLE","timestamp":"1696777058","value":32936.048677},{"valueType":"DOUBLE","timestamp":"1696776998","value":32909.987511},{"valueType":"DOUBLE","timestamp":"1696776938","value":32897.64852},{"valueType":"DOUBLE","timestamp":"1696776878","value":32884.94161},{"valueType":"DOUBLE","timestamp":"1696776818","value":32865.602157},{"valueType":"DOUBLE","timestamp":"1696776758","value":32840.877376},{"valueType":"DOUBLE","timestamp":"1696776698","value":32821.744826},{"valueType":"DOUBLE","timestamp":"1696776638","value":32796.721554},{"valueType":"DOUBLE","timestamp":"1696776578","value":32776.389596},{"valueType":"DOUBLE","timestamp":"1696776518","value":32749.014716},{"valueType":"DOUBLE","timestamp":"1696776458","value":32731.416653},{"valueType":"DOUBLE","timestamp":"1696776398","value":32715.978931},{"valueType":"DOUBLE","timestamp":"1696776338","value":32683.689996},{"valueType":"DOUBLE","timestamp":"1696776278","value":32658.791081},{"valueType":"DOUBLE","timestamp":"1696776218","value":32641.075995},{"valueType":"DOUBLE","timestamp":"1696776158","value":32621.825244},{"valueType":"DOUBLE","timestamp":"1696776098","value":32605.450613},{"valueType":"DOUBLE","timestamp":"1696776038","value":32578.365387},{"valueType":"DOUBLE","timestamp":"1696775978","value":32553.685181},{"valueType":"DOUBLE","timestamp":"1696775918","value":32533.871525},{"valueType":"DOUBLE","timestamp":"1696775858","value":32508.979145},{"valueType":"DOUBLE","timestamp":"1696775798","value":32488.96951},{"valueType":"DOUBLE","timestamp":"1696775738","value":32470.630611},{"valueType":"DOUBLE","timestamp":"1696775678","value":32456.886201},{"valueType":"DOUBLE","timestamp":"1696775618","value":32432.499301},{"valueType":"DOUBLE","timestamp":"1696775558","value":32412.951921},{"valueType":"DOUBLE","timestamp":"1696775498","value":32386.775749},{"valueType":"DOUBLE","timestamp":"1696775438","value":32366.265319},{"valueType":"DOUBLE","timestamp":"1696775378","value":32339.23343},{"valueType":"DOUBLE","timestamp":"1696775318","value":32326.712357},{"valueType":"DOUBLE","timestamp":"1696775258","value":32305.673122},{"valueType":"DOUBLE","timestamp":"1696775198","value":32279.658652},{"valueType":"DOUBLE","timestamp":"1696775138","value":32258.409943},{"valueType":"DOUBLE","timestamp":"1696775078","value":32230.838407},{"valueType":"DOUBLE","timestamp":"1696775018","value":32211.791816},{"valueType":"DOUBLE","timestamp":"1696774958","value":32190.486957},{"valueType":"DOUBLE","timestamp":"1696774898","value":32163.547194},{"valueType":"DOUBLE","timestamp":"1696774838","value":32144.274941},{"valueType":"DOUBLE","timestamp":"1696774778","value":32122.470456},{"valueType":"DOUBLE","timestamp":"1696774718","value":32098.651865},{"valueType":"DOUBLE","timestamp":"1696774658","value":32073.30622},{"valueType":"DOUBLE","timestamp":"1696774598","value":32049.622002},{"valueType":"DOUBLE","timestamp":"1696774538","value":32028.986924},{"valueType":"DOUBLE","timestamp":"1696774478","value":32004.68384},{"valueType":"DOUBLE","timestamp":"1696774418","value":31988.707694},{"valueType":"DOUBLE","timestamp":"1696774358","value":31972.905691},{"valueType":"DOUBLE","timestamp":"1696774298","value":31950.433671},{"valueType":"DOUBLE","timestamp":"1696774238","value":31928.385916},{"valueType":"DOUBLE","timestamp":"1696774178","value":31896.221334},{"valueType":"DOUBLE","timestamp":"1696774118","value":31878.220773},{"valueType":"DOUBLE","timestamp":"1696774058","value":31859.43234},{"valueType":"DOUBLE","timestamp":"1696773998","value":31843.759542},{"valueType":"DOUBLE","timestamp":"1696773938","value":31815.156318},{"valueType":"DOUBLE","timestamp":"1696773878","value":31792.064675},{"valueType":"DOUBLE","timestamp":"1696773818","value":31772.228457},{"valueType":"DOUBLE","timestamp":"1696773758","value":31749.732012},{"valueType":"DOUBLE","timestamp":"1696773698","value":31734.44758},{"valueType":"DOUBLE","timestamp":"1696773638","value":31706.850049},{"valueType":"DOUBLE","timestamp":"1696773578","value":31690.131647},{"valueType":"DOUBLE","timestamp":"1696773518","value":31671.767698},{"valueType":"DOUBLE","timestamp":"1696773458","value":31653.273073},{"valueType":"DOUBLE","timestamp":"1696773398","value":31629.553154},{"valueType":"DOUBLE","timestamp":"1696773338","value":31610.52494},{"valueType":"DOUBLE","timestamp":"1696773278","value":31590.07778},{"valueType":"DOUBLE","timestamp":"1696773218","value":31556.539496},{"valueType":"DOUBLE","timestamp":"1696773158","value":31538.29737},{"valueType":"DOUBLE","timestamp":"1696773098","value":31523.905447},{"valueType":"DOUBLE","timestamp":"1696773038","value":31509.787317},{"valueType":"DOUBLE","timestamp":"1696772978","value":31499.469265},{"valueType":"DOUBLE","timestamp":"1696772918","value":31476.795478},{"valueType":"DOUBLE","timestamp":"1696772858","value":31461.113797},{"valueType":"DOUBLE","timestamp":"1696772798","value":31443.092402},{"valueType":"DOUBLE","timestamp":"1696772738","value":31415.00703},{"valueType":"DOUBLE","timestamp":"1696772678","value":31395.955573},{"valueType":"DOUBLE","timestamp":"1696772618","value":31378.580152},{"valueType":"DOUBLE","timestamp":"1696772558","value":31363.215795},{"valueType":"DOUBLE","timestamp":"1696772498","value":31334.692301},{"valueType":"DOUBLE","timestamp":"1696772438","value":31311.090213},{"valueType":"DOUBLE","timestamp":"1696772378","value":31283.151211},{"valueType":"DOUBLE","timestamp":"1696772318","value":31260.445365},{"valueType":"DOUBLE","timestamp":"1696772258","value":31239.11664},{"valueType":"DOUBLE","timestamp":"1696772198","value":31212.840985},{"valueType":"DOUBLE","timestamp":"1696772138","value":31196.984788},{"valueType":"DOUBLE","timestamp":"1696772078","value":31173.226899},{"valueType":"DOUBLE","timestamp":"1696772018","value":31161.646661},{"valueType":"DOUBLE","timestamp":"1696771958","value":31132.087428},{"valueType":"DOUBLE","timestamp":"1696771898","value":31110.140094},{"valueType":"DOUBLE","timestamp":"1696771838","value":31086.297273},{"valueType":"DOUBLE","timestamp":"1696771778","value":31059.072917},{"valueType":"DOUBLE","timestamp":"1696771718","value":31042.534034},{"valueType":"DOUBLE","timestamp":"1696771658","value":31016.099931},{"valueType":"DOUBLE","timestamp":"1696771598","value":30994.196778},{"valueType":"DOUBLE","timestamp":"1696771538","value":30963.011636},{"valueType":"DOUBLE","timestamp":"1696771478","value":30943.964018},{"valueType":"DOUBLE","timestamp":"1696771418","value":30922.74488},{"valueType":"DOUBLE","timestamp":"1696771358","value":30900.473913},{"valueType":"DOUBLE","timestamp":"1696771298","value":30868.465857},{"valueType":"DOUBLE","timestamp":"1696771238","value":30838.134471},{"valueType":"DOUBLE","timestamp":"1696771178","value":30814.171247},{"valueType":"DOUBLE","timestamp":"1696771118","value":30792.193434},{"valueType":"DOUBLE","timestamp":"1696771058","value":30769.765221},{"valueType":"DOUBLE","timestamp":"1696770998","value":30754.317394},{"valueType":"DOUBLE","timestamp":"1696770938","value":30729.074501},{"valueType":"DOUBLE","timestamp":"1696770878","value":30710.601025},{"valueType":"DOUBLE","timestamp":"1696770818","value":30681.211157},{"valueType":"DOUBLE","timestamp":"1696770758","value":30663.405249},{"valueType":"DOUBLE","timestamp":"1696770698","value":30634.500931},{"valueType":"DOUBLE","timestamp":"1696770638","value":30614.79073},{"valueType":"DOUBLE","timestamp":"1696770578","value":30584.392356},{"valueType":"DOUBLE","timestamp":"1696770518","value":30552.35436},{"valueType":"DOUBLE","timestamp":"1696770458","value":30532.017671},{"valueType":"DOUBLE","timestamp":"1696770398","value":30504.964123},{"valueType":"DOUBLE","timestamp":"1696770338","value":30486.426637},{"valueType":"DOUBLE","timestamp":"1696770278","value":30455.219163},{"valueType":"DOUBLE","timestamp":"1696770218","value":30434.899339},{"valueType":"DOUBLE","timestamp":"1696770158","value":30415.050018},{"valueType":"DOUBLE","timestamp":"1696770098","value":30391.880426},{"valueType":"DOUBLE","timestamp":"1696770038","value":30369.38564},{"valueType":"DOUBLE","timestamp":"1696769978","value":30346.96508},{"valueType":"DOUBLE","timestamp":"1696769918","value":30326.953668},{"valueType":"DOUBLE","timestamp":"1696769858","value":30309.504947},{"valueType":"DOUBLE","timestamp":"1696769798","value":30284.561324},{"valueType":"DOUBLE","timestamp":"1696769738","value":30262.880886},{"valueType":"DOUBLE","timestamp":"1696769678","value":30241.307953},{"valueType":"DOUBLE","timestamp":"1696769618","value":30209.88048},{"valueType":"DOUBLE","timestamp":"1696769558","value":30187.008833},{"valueType":"DOUBLE","timestamp":"1696769498","value":30153.781619},{"valueType":"DOUBLE","timestamp":"1696769438","value":30128.399754},{"valueType":"DOUBLE","timestamp":"1696769378","value":30099.785771},{"valueType":"DOUBLE","timestamp":"1696769318","value":30082.875547},{"valueType":"DOUBLE","timestamp":"1696769258","value":30065.416279},{"valueType":"DOUBLE","timestamp":"1696769198","value":30045.90173},{"valueType":"DOUBLE","timestamp":"1696769138","value":30017.469574},{"valueType":"DOUBLE","timestamp":"1696769078","value":29996.945774},{"valueType":"DOUBLE","timestamp":"1696769018","value":29973.865993},{"valueType":"DOUBLE","timestamp":"1696768958","value":29952.227334},{"valueType":"DOUBLE","timestamp":"1696768898","value":29930.488028},{"valueType":"DOUBLE","timestamp":"1696768838","value":29913.971713},{"valueType":"DOUBLE","timestamp":"1696768778","value":29883.874605},{"valueType":"DOUBLE","timestamp":"1696768718","value":29866.914907},{"valueType":"DOUBLE","timestamp":"1696768658","value":29842.30963},{"valueType":"DOUBLE","timestamp":"1696768598","value":29811.181844},{"valueType":"DOUBLE","timestamp":"1696768538","value":29785.465723}]}