{"podName":"userservice-cd5ddb4bb-nqdww","containerName":"userservice","nodeName":null,"metricType":"kubernetes.io/container/memory/used_bytes","metrics":[{"valueType":"INT64","timestamp":"1696785260"},{"valueType":"INT64","timestamp":"1696785200"},{"valueType":"INT64","timestamp":"1696785140"},{"valueType":"INT64","timestamp":"1696785080"},{"valueType":"INT64","timestamp":"1696785020"},{"valueType":"INT64","timestamp":"1696784960"},{"valueType":"INT64","timestamp":"1696784900"},{"valueType":"INT64","timestamp":"1696784840"},{"valueType":"INT64","timestamp":"1696784780"},{"valueType":"INT64","timestamp":"1696784720"},{"valueType":"INT64","timestamp":"1696784660"},{"valueType":"INT64","timestamp":"1696784600"},{"valueType":"INT64","timestamp":"1696784540"},{"valueType":"INT64","timestamp":"1696784480"},{"valueType":"INT64","timestamp":"1696784420"},{"valueType":"INT64","timestamp":"1696784360"},{"valueType":"INT64","timestamp":"1696784300"},{"valueType":"INT64","timestamp":"1696784240"},{"valueType":"INT64","timestamp":"1696784180"},{"valueType":"INT64","timestamp":"1696784120"},{"valueType":"INT64","timestamp":"1696784060"},{"valueType":"INT64","timestamp":"1696784000"},{"valueType":"INT64","timestamp":"1696783940"},{"valueType":"INT64","timestamp":"1696783880"},{"valueType":"INT64","timestamp":"1696783820"},{"valueType":"INT64","timestamp":"1696783760"},{"valueType":"INT64","timestamp":"1696783700"},{"valueType":"INT64","timestamp":"1696783640"},{"valueType":"INT64","timestamp":"1696783580"},{"valueType":"INT64","timestamp":"1696783520"},{"valueType":"INT64","timestamp":"1696783460"},{"valueType":"INT64","timestamp":"1696783400"},{"valueType":"INT64","timestamp":"1696783340"},{"valueType":"INT64","timestamp":"1696783280"},{"valueType":"INT64","timestamp":"1696783220"},{"valueType":"INT64","timestamp":"1696783160"},{"valueType":"INT64","timestamp":"1696783100"},{"valueType":"INT64","timestamp":"1696783040"},{"valueType":"INT64","timestamp":"1696782980"},{"valueType":"INT64","timestamp":"1696782920"},{"valueType":"INT64","timestamp":"1696782860"},{"valueType":"INT64","timestamp":"1696782800"},{"valueType":"INT64","timestamp":"1696782740"},{"valueType":"INT64","timestamp":"1696782680"},{"valueType":"INT64","timestamp":"1696782620"},{"valueType":"INT64","timestamp":"1696782560"},{"valueType":"INT64","timestamp":"1696782500"},{"valueType":"INT64","timestamp":"1696782440"},{"valueType":"INT64","timestamp":"1696782380"},{"valueType":"INT64","timestamp":"1696782320"},{"valueType":"INT64","timestamp":"1696782260"},{"valueType":"INT64","timestamp":"1696782200"},{"valueType":"INT64","timestamp":"1696782140"},{"valueType":"INT64","timestamp":"1696782080"},{"valueType":"INT64","timestamp":"1696782020"},{"valueType":"INT64","timestamp":"1696781960"},{"valueType":"INT64","timestamp":"1696781900"},{"valueType":"INT64","timestamp":"1696781840"},{"valueType":"INT64","timestamp":"1696781780"},{"valueType":"INT64","timestamp":"1696781720"},{"valueType":"INT64","timestamp":"1696781660"},{"valueType":"INT64","timestamp":"1696781600"},{"valueType":"INT64","timestamp":"1696781540"},{"valueType":"INT64","timestamp":"1696781480"},{"valueType":"INT64","timestamp":"1696781420"},{"valueType":"INT64","timestamp":"1696781360"},{"valueType":"INT64","timestamp":"1696781300"},{"valueType":"INT64","timestamp":"1696781240"},{"valueType":"INT64","timestamp":"1696781180"},{"valueType":"INT64","timestamp":"1696781120"},{"valueType":"INT64","timestamp":"1696781060"},{"valueType":"INT64","timestamp":"1696781000"},{"valueType":"INT64","timestamp":"1696780940"},{"valueType":"INT64","timestamp":"1696780880"},{"valueType":"INT64","timestamp":"1696780820"},{"valueType":"INT64","timestamp":"1696780760"},{"valueType":"INT64","timestamp":"1696780700"},{"valueType":"INT64","timestamp":"1696780640"},{"valueType":"INT64","timestamp":"1696780580"},{"valueType":"INT64","timestamp":"1696780520"},{"valueType":"INT64","timestamp":"1696780460"},{"valueType":"INT64","timestamp":"1696780400"},{"valueType":"INT64","timestamp":"1696780340"},{"valueType":"INT64","timestamp":"1696780280"},{"valueType":"INT64","timestamp":"1696780220"},{"valueType":"INT64","timestamp":"1696780160"},{"valueType":"INT64","timestamp":"1696780100"},{"valueType":"INT64","timestamp":"1696780040"},{"valueType":"INT64","timestamp":"1696779980"},{"valueType":"INT64","timestamp":"1696779920"},{"valueType":"INT64","timestamp":"1696779860"},{"valueType":"INT64","timestamp":"1696779800"},{"valueType":"INT64","timestamp":"1696779740"},{"valueType":"INT64","timestamp":"1696779680"},{"valueType":"INT64","timestamp":"1696779620"},{"valueType":"INT64","timestamp":"1696779560"},{"valueType":"INT64","timestamp":"1696779500"},{"valueType":"INT64","timestamp":"1696779440"},{"valueType":"INT64","timestamp":"1696779380"},{"valueType":"INT64","timestamp":"1696779320"},{"valueType":"INT64","timestamp":"1696779260"},{"valueType":"INT64","timestamp":"1696779200"},{"valueType":"INT64","timestamp":"1696779140"},{"valueType":"INT64","timestamp":"1696779080"},{"valueType":"INT64","timestamp":"1696779020"},{"valueType":"INT64","timestamp":"1696778960"},{"valueType":"INT64","timestamp":"1696778900"},{"valueType":"INT64","timestamp":"1696778840"},{"valueType":"INT64","timestamp":"1696778780"},{"valueType":"INT64","timestamp":"1696778720"},{"valueType":"INT64","timestamp":"1696778660"},{"valueType":"INT64","timestamp":"1696778600"},{"valueType":"INT64","timestamp":"1696778540"},{"valueType":"INT64","timestamp":"1696778480"},{"valueType":"INT64","timestamp":"1696778420"},{"valueType":"INT64","timestamp":"1696778360"},{"valueType":"INT64","timestamp":"1696778300"},{"valueType":"INT64","timestamp":"1696778240"},{"valueType":"INT64","timestamp":"1696778180"},{"valueType":"INT64","timestamp":"1696778120"},{"valueType":"INT64","timestamp":"1696778060"},{"valueType":"INT64","timestamp":"1696778000"},{"valueType":"INT64","timestamp":"1696777940"},{"valueType":"INT64","timestamp":"1696777880"},{"valueType":"INT64","timestamp":"1696777820"},{"valueType":"INT64","timestamp":"1696777760"},{"valueType":"INT64","timestamp":"1696777700"},{"valueType":"INT64","timestamp":"1696777640"},{"valueType":"INT64","timestamp":"1696777580"},{"valueType":"INT64","timestamp":"1696777520"},{"valueType":"INT64","timestamp":"1696777460"},{"valueType":"INT64","timestamp":"1696777400"},{"valueType":"INT64","timestamp":"1696777340"},{"valueType":"INT64","timestamp":"1696777280"},{"valueType":"INT64","timestamp":"1696777220"},{"valueType":"INT64","timestamp":"1696777160"},{"valueType":"INT64","timestamp":"1696777100"},{"valueType":"INT64","timestamp":"1696777040"},{"valueType":"INT64","timestamp":"1696776980"},{"valueType":"INT64","timestamp":"1696776920"},{"valueType":"INT64","timestamp":"1696776860"},{"valueType":"INT64","timestamp":"1696776800"},{"valueType":"INT64","timestamp":"1696776740"},{"valueType":"INT64","timestamp":"1696776680"},{"valueType":"INT64","timestamp":"1696776620"},{"valueType":"INT64","timestamp":"1696776560"},{"valueType":"INT64","timestamp":"1696776500"},{"valueType":"INT64","timestamp":"1696776440"},{"valueType":"INT64","timestamp":"1696776380"},{"valueType":"INT64","timestamp":"1696776320"},{"valueType":"INT64","timestamp":"1696776260"},{"valueType":"INT64","timestamp":"1696776200"},{"valueType":"INT64","timestamp":"1696776140"},{"valueType":"INT64","timestamp":"1696776080"},{"valueType":"INT64","timestamp":"1696776020"},{"valueType":"INT64","timestamp":"1696775960"},{"valueType":"INT64","timestamp":"1696775900"},{"valueType":"INT64","timestamp":"1696775840"},{"valueType":"INT64","timestamp":"1696775780"},{"valueType":"INT64","timestamp":"1696775720"},{"valueType":"INT64","timestamp":"1696775660"},{"valueType":"INT64","timestamp":"1696775600"},{"valueType":"INT64","timestamp":"1696775540"},{"valueType":"INT64","timestamp":"1696775480"},{"valueType":"INT64","timestamp":"1696775420"},{"valueType":"INT64","timestamp":"1696775360"},{"valueType":"INT64","timestamp":"1696775300"},{"valueType":"INT64","timestamp":"1696775240"},{"valueType":"INT64","timestamp":"1696775180"},{"valueType":"INT64","timestamp":"1696775120"},{"valueType":"INT64","timestamp":"1696775060"},{"valueType":"INT64","timestamp":"1696775000"},{"valueType":"INT64","timestamp":"1696774940"},{"valueType":"INT64","timestamp":"1696774880"},{"valueType":"INT64","timestamp":"1696774820"},{"valueType":"INT64","timestamp":"1696774760"},{"valueType":"INT64","timestamp":"1696774700"},{"valueType":"INT64","timestamp":"1696774640"},{"valueType":"INT64","timestamp":"1696774580"},{"valueType":"INT64","timestamp":"1696774520"},{"valueType":"INT64","timestamp":"1696774460"},{"valueType":"INT64","timestamp":"1696774400"},{"valueType":"INT64","timestamp":"1696774340"},{"valueType":"INT64","timestamp":"1696774280"},{"valueType":"INT64","timestamp":"1696774220"},{"valueType":"INT64","timestamp":"1696774160"},{"valueType":"INT64","timestamp":"1696774100"},{"valueType":"INT64","timestamp":"1696774040"},{"valueType":"INT64","timestamp":"1696773980"},{"valueType":"INT64","timestamp":"1696773920"},{"valueType":"INT64","timestamp":"1696773860"},{"valueType":"INT64","timestamp":"1696773800"},{"valueType":"INT64","timestamp":"1696773740"},{"valueType":"INT64","timestamp":"1696773680"},{"valueType":"INT64","timestamp":"1696773620"},{"valueType":"INT64","timestamp":"1696773560"},{"valueType":"INT64","timestamp":"1696773500"},{"valueType":"INT64","timestamp":"1696773440"},{"valueType":"INT64","timestamp":"1696773380"},{"valueType":"INT64","timestamp":"1696773320"},{"valueType":"INT64","timestamp":"1696773260"},{"valueType":"INT64","timestamp":"1696773200"},{"valueType":"INT64","timestamp":"1696773140"},{"valueType":"INT64","timestamp":"1696773080"},{"valueType":"INT64","timestamp":"1696773020"},{"valueType":"INT64","timestamp":"1696772960"},{"valueType":"INT64","timestamp":"1696772900"},{"valueType":"INT64","timestamp":"1696772840"},{"valueType":"INT64","timestamp":"1696772780"},{"valueType":"INT64","timestamp":"1696772720"},{"valueType":"INT64","timestamp":"1696772660"},{"valueType":"INT64","timestamp":"1696772600"},{"valueType":"INT64","timestamp":"1696772540"},{"valueType":"INT64","timestamp":"1696772480"},{"valueType":"INT64","timestamp":"1696772420"},{"valueType":"INT64","timestamp":"1696772360"},{"valueType":"INT64","timestamp":"1696772300"},{"valueType":"INT64","timestamp":"1696772240"},{"valueType":"INT64","timestamp":"1696772180"},{"valueType":"INT64","timestamp":"1696772120"},{"valueType":"INT64","timestamp":"1696772060"},{"valueType":"INT64","timestamp":"1696772000"},{"valueType":"INT64","timestamp":"1696771940"},{"valueType":"INT64","timestamp":"1696771880"},{"valueType":"INT64","timestamp":"1696771820"},{"valueType":"INT64","timestamp":"1696771760"},{"valueType":"INT64","timestamp":"1696771700"},{"valueType":"INT64","timestamp":"1696771640"},{"valueType":"INT64","timestamp":"1696771580"},{"valueType":"INT64","timestamp":"1696771520"},{"valueType":"INT64","timestamp":"1696771460"},{"valueType":"INT64","timestamp":"1696771400"},{"valueType":"INT64","timestamp":"1696771340"},{"valueType":"INT64","timestamp":"1696771280"},{"valueType":"INT64","timestamp":"1696771220"},{"valueType":"INT64","timestamp":"1696771160"},{"valueType":"INT64","timestamp":"1696771100"},{"valueType":"INT64","timestamp":"1696771040"},{"valueType":"INT64","timestamp":"1696770980"},{"valueType":"INT64","timestamp":"1696770920"},{"valueType":"INT64","timestamp":"1696770860"},{"valueType":"INT64","timestamp":"1696770800"},{"valueType":"INT64","timestamp":"1696770740"},{"valueType":"INT64","timestamp":"1696770680"},{"valueType":"INT64","timestamp":"1696770620"},{"valueType":"INT64","timestamp":"1696770560"},{"valueType":"INT64","timestamp":"1696770500"},{"valueType":"INT64","timestamp":"1696770440"},{"valueType":"INT64","timestamp":"1696770380"},{"valueType":"INT64","timestamp":"1696770320"},{"valueType":"INT64","timestamp":"1696770260"},{"valueType":"INT64","timestamp":"1696770200"},{"valueType":"INT64","timestamp":"1696770140"},{"valueType":"INT64","timestamp":"1696770080"},{"valueType":"INT64","timestamp":"1696770020"},{"valueType":"INT64","timestamp":"1696769960"},{"valueType":"INT64","timestamp":"1696769900"},{"valueType":"INT64","timestamp":"1696769840"},{"valueType":"INT64","timestamp":"1696769780"},{"valueType":"INT64","timestamp":"1696769720"},{"valueType":"INT64","timestamp":"1696769660"},{"valueType":"INT64","timestamp":"1696769600"},{"valueType":"INT64","timestamp":"1696769540"},{"valueType":"INT64","timestamp":"1696769480"},{"valueType":"INT64","timestamp":"1696769420"},{"valueType":"INT64","timestamp":"1696769360"},{"valueType":"INT64","timestamp":"1696769300"},{"valueType":"INT64","timestamp":"1696769240"},{"valueType":"INT64","timestamp":"1696769180"},{"valueType":"INT64","timestamp":"1696769120"},{"valueType":"INT64","timestamp":"1696769060"},{"valueType":"INT64","timestamp":"1696769000"},{"valueType":"INT64","timestamp":"1696768940"},{"valueType":"INT64","timestamp":"1696768880"},{"valueType":"INT64","timestamp":"1696768820"},{"valueType":"INT64","timestamp":"1696768760"},{"valueType":"INT64","timestamp":"1696768700"},{"valueType":"INT64","timestamp":"1696768640"},{"valueType":"INT64","timestamp":"1696768580"},{"valueType":"INT64","timestamp":"1696768520"},{"valueType":"INT64","timestamp":"1696785260"},{"valueType":"INT64","timestamp":"1696785200"},{"valueType":"INT64","timestamp":"1696785140"},{"valueType":"INT64","timestamp":"1696785080"},{"valueType":"INT64","timestamp":"1696785020"},{"valueType":"INT64","timestamp":"1696784960"},{"valueType":"INT64","timestamp":"1696784900"},{"valueType":"INT64","timestamp":"1696784840"},{"valueType":"INT64","timestamp":"1696784780"},{"valueType":"INT64","timestamp":"1696784720"},{"valueType":"INT64","timestamp":"1696784660"},{"valueType":"INT64","timestamp":"1696784600"},{"valueType":"INT64","timestamp":"1696784540"},{"valueType":"INT64","timestamp":"1696784480"},{"valueType":"INT64","timestamp":"1696784420"},{"valueType":"INT64","timestamp":"1696784360"},{"valueType":"INT64","timestamp":"1696784300"},{"valueType":"INT64","timestamp":"1696784240"},{"valueType":"INT64","timestamp":"1696784180"},{"valueType":"INT64","timestamp":"1696784120"},{"valueType":"INT64","timestamp":"1696784060"},{"valueType":"INT64","timestamp":"1696784000"},{"valueType":"INT64","timestamp":"1696783940"},{"valueType":"INT64","timestamp":"1696783880"},{"valueType":"INT64","timestamp":"1696783820"},{"valueType":"INT64","timestamp":"1696783760"},{"valueType":"INT64","timestamp":"1696783700"},{"valueType":"INT64","timestamp":"1696783640"},{"valueType":"INT64","timestamp":"1696783580"},{"valueType":"INT64","timestamp":"1696783520"},{"valueType":"INT64","timestamp":"1696783460"},{"valueType":"INT64","timestamp":"1696783400"},{"valueType":"INT64","timestamp":"1696783340"},{"valueType":"INT64","timestamp":"1696783280"},{"valueType":"INT64","timestamp":"1696783220"},{"valueType":"INT64","timestamp":"1696783160"},{"valueType":"INT64","timestamp":"1696783100"},{"valueType":"INT64","timestamp":"1696783040"},{"valueType":"INT64","timestamp":"1696782980"},{"valueType":"INT64","timestamp":"1696782920"},{"valueType":"INT64","timestamp":"1696782860"},{"valueType":"INT64","timestamp":"1696782800"},{"valueType":"INT64","timestamp":"1696782740"},{"valueType":"INT64","timestamp":"1696782680"},{"valueType":"INT64","timestamp":"1696782620"},{"valueType":"INT64","timestamp":"1696782560"},{"valueType":"INT64","timestamp":"1696782500"},{"valueType":"INT64","timestamp":"1696782440"},{"valueType":"INT64","timestamp":"1696782380"},{"valueType":"INT64","timestamp":"1696782320"},{"valueType":"INT64","timestamp":"1696782260"},{"valueType":"INT64","timestamp":"1696782200"},{"valueType":"INT64","timestamp":"1696782140"},{"valueType":"INT64","timestamp":"1696782080"},{"valueType":"INT64","timestamp":"1696782020"},{"valueType":"INT64","timestamp":"1696781960"},{"valueType":"INT64","timestamp":"1696781900"},{"valueType":"INT64","timestamp":"1696781840"},{"valueType":"INT64","timestamp":"1696781780"},{"valueType":"INT64","timestamp":"1696781720"},{"valueType":"INT64","timestamp":"1696781660"},{"valueType":"INT64","timestamp":"1696781600"},{"valueType":"INT64","timestamp":"1696781540"},{"valueType":"INT64","timestamp":"1696781480"},{"valueType":"INT64","timestamp":"1696781420"},{"valueType":"INT64","timestamp":"1696781360"},{"valueType":"INT64","timestamp":"1696781300"},{"valueType":"INT64","timestamp":"1696781240"},{"valueType":"INT64","timestamp":"1696781180"},{"valueType":"INT64","timestamp":"1696781120"},{"valueType":"INT64","timestamp":"1696781060"},{"valueType":"INT64","timestamp":"1696781000"},{"valueType":"INT64","timestamp":"1696780940"},{"valueType":"INT64","timestamp":"1696780880"},{"valueType":"INT64","timestamp":"1696780820"},{"valueType":"INT64","timestamp":"1696780760"},{"valueType":"INT64","timestamp":"1696780700"},{"valueType":"INT64","timestamp":"1696780640"},{"valueType":"INT64","timestamp":"1696780580"},{"valueType":"INT64","timestamp":"1696780520"},{"valueType":"INT64","timestamp":"1696780460"},{"valueType":"INT64","timestamp":"1696780400"},{"valueType":"INT64","timestamp":"1696780340"},{"valueType":"INT64","timestamp":"1696780280"},{"valueType":"INT64","timestamp":"1696780220"},{"valueType":"INT64","timestamp":"1696780160"},{"valueType":"INT64","timestamp":"1696780100"},{"valueType":"INT64","timestamp":"1696780040"},{"valueType":"INT64","timestamp":"1696779980"},{"valueType":"INT64","timestamp":"1696779920"},{"valueType":"INT64","timestamp":"1696779860"},{"valueType":"INT64","timestamp":"1696779800"},{"valueType":"INT64","timestamp":"1696779740"},{"valueType":"INT64","timestamp":"1696779680"},{"valueType":"INT64","timestamp":"1696779620"},{"valueType":"INT64","timestamp":"1696779560"},{"valueType":"INT64","timestamp":"1696779500"},{"valueType":"INT64","timestamp":"1696779440"},{"valueType":"INT64","timestamp":"1696779380"},{"valueType":"INT64","timestamp":"1696779320"},{"valueType":"INT64","timestamp":"1696779260"},{"valueType":"INT64","timestamp":"1696779200"},{"valueType":"INT64","timestamp":"1696779140"},{"valueType":"INT64","timestamp":"1696779080"},{"valueType":"INT64","timestamp":"1696779020"},{"valueType":"INT64","timestamp":"1696778960"},{"valueType":"INT64","timestamp":"1696778900"},{"valueType":"INT64","timestamp":"1696778840"},{"valueType":"INT64","timestamp":"1696778780"},{"valueType":"INT64","timestamp":"1696778720"},{"valueType":"INT64","timestamp":"1696778660"},{"valueType":"INT64","timestamp":"1696778600"},{"valueType":"INT64","timestamp":"1696778540"},{"valueType":"INT64","timestamp":"1696778480"},{"valueType":"INT64","timestamp":"1696778420"},{"valueType":"INT64","timestamp":"1696778360"},{"valueType":"INT64","timestamp":"1696778300"},{"valueType":"INT64","timestamp":"1696778240"},{"valueType":"INT64","timestamp":"1696778180"},{"valueType":"INT64","timestamp":"1696778120"},{"valueType":"INT64","timestamp":"1696778060"},{"valueType":"INT64","timestamp":"1696778000"},{"valueType":"INT64","timestamp":"1696777940"},{"valueType":"INT64","timestamp":"1696777880"},{"valueType":"INT64","timestamp":"1696777820"},{"valueType":"INT64","timestamp":"1696777760"},{"valueType":"INT64","timestamp":"1696777700"},{"valueType":"INT64","timestamp":"1696777640"},{"valueType":"INT64","timestamp":"1696777580"},{"valueType":"INT64","timestamp":"1696777520"},{"valueType":"INT64","timestamp":"1696777460"},{"valueType":"INT64","timestamp":"1696777400"},{"valueType":"INT64","timestamp":"1696777340"},{"valueType":"INT64","timestamp":"1696777280"},{"valueType":"INT64","timestamp":"1696777220"},{"valueType":"INT64","timestamp":"1696777160"},{"valueType":"INT64","timestamp":"1696777100"},{"valueType":"INT64","timestamp":"1696777040"},{"valueType":"INT64","timestamp":"1696776980"},{"valueType":"INT64","timestamp":"1696776920"},{"valueType":"INT64","timestamp":"1696776860"},{"valueType":"INT64","timestamp":"1696776800"},{"valueType":"INT64","timestamp":"1696776740"},{"valueType":"INT64","timestamp":"1696776680"},{"valueType":"INT64","timestamp":"1696776620"},{"valueType":"INT64","timestamp":"1696776560"},{"valueType":"INT64","timestamp":"1696776500"},{"valueType":"INT64","timestamp":"1696776440"},{"valueType":"INT64","timestamp":"1696776380"},{"valueType":"INT64","timestamp":"1696776320"},{"valueType":"INT64","timestamp":"1696776260"},{"valueType":"INT64","timestamp":"1696776200"},{"valueType":"INT64","timestamp":"1696776140"},{"valueType":"INT64","timestamp":"1696776080"},{"valueType":"INT64","timestamp":"1696776020"},{"valueType":"INT64","timestamp":"1696775960"},{"valueType":"INT64","timestamp":"1696775900"},{"valueType":"INT64","timestamp":"1696775840"},{"valueType":"INT64","timestamp":"1696775780"},{"valueType":"INT64","timestamp":"1696775720"},{"valueType":"INT64","timestamp":"1696775660"},{"valueType":"INT64","timestamp":"1696775600"},{"valueType":"INT64","timestamp":"1696775540"},{"valueType":"INT64","timestamp":"1696775480"},{"valueType":"INT64","timestamp":"1696775420"},{"valueType":"INT64","timestamp":"1696775360"},{"valueType":"INT64","timestamp":"1696775300"},{"valueType":"INT64","timestamp":"1696775240"},{"valueType":"INT64","timestamp":"1696775180"},{"valueType":"INT64","timestamp":"1696775120"},{"valueType":"INT64","timestamp":"1696775060"},{"valueType":"INT64","timestamp":"1696775000"},{"valueType":"INT64","timestamp":"1696774940"},{"valueType":"INT64","timestamp":"1696774880"},{"valueType":"INT64","timestamp":"1696774820"},{"valueType":"INT64","timestamp":"1696774760"},{"valueType":"INT64","timestamp":"1696774700"},{"valueType":"INT64","timestamp":"1696774640"},{"valueType":"INT64","timestamp":"1696774580"},{"valueType":"INT64","timestamp":"1696774520"},{"valueType":"INT64","timestamp":"1696774460"},{"valueType":"INT64","timestamp":"1696774400"},{"valueType":"INT64","timestamp":"1696774340"},{"valueType":"INT64","timestamp":"1696774280"},{"valueType":"INT64","timestamp":"1696774220"},{"valueType":"INT64","timestamp":"1696774160"},{"valueType":"INT64","timestamp":"1696774100"},{"valueType":"INT64","timestamp":"1696774040"},{"valueType":"INT64","timestamp":"1696773980"},{"valueType":"INT64","timestamp":"1696773920"},{"valueType":"INT64","timestamp":"1696773860"},{"valueType":"INT64","timestamp":"1696773800"},{"valueType":"INT64","timestamp":"1696773740"},{"valueType":"INT64","timestamp":"1696773680"},{"valueType":"INT64","timestamp":"1696773620"},{"valueType":"INT64","timestamp":"1696773560"},{"valueType":"INT64","timestamp":"1696773500"},{"valueType":"INT64","timestamp":"1696773440"},{"valueType":"INT64","timestamp":"1696773380"},{"valueType":"INT64","timestamp":"1696773320"},{"valueType":"INT64","timestamp":"1696773260"},{"valueType":"INT64","timestamp":"1696773200"},{"valueType":"INT64","timestamp":"1696773140"},{"valueType":"INT64","timestamp":"1696773080"},{"valueType":"INT64","timestamp":"1696773020"},{"valueType":"INT64","timestamp":"1696772960"},{"valueType":"INT64","timestamp":"1696772900"},{"valueType":"INT64","timestamp":"1696772840"},{"valueType":"INT64","timestamp":"1696772780"},{"valueType":"INT64","timestamp":"1696772720"},{"valueType":"INT64","timestamp":"1696772660"},{"valueType":"INT64","timestamp":"1696772600"},{"valueType":"INT64","timestamp":"1696772540"},{"valueType":"INT64","timestamp":"1696772480"},{"valueType":"INT64","timestamp":"1696772420"},{"valueType":"INT64","timestamp":"1696772360"},{"valueType":"INT64","timestamp":"1696772300"},{"valueType":"INT64","timestamp":"1696772240"},{"valueType":"INT64","timestamp":"1696772180"},{"valueType":"INT64","timestamp":"1696772120"},{"valueType":"INT64","timestamp":"1696772060"},{"valueType":"INT64","timestamp":"1696772000"},{"valueType":"INT64","timestamp":"1696771940"},{"valueType":"INT64","timestamp":"1696771880"},{"valueType":"INT64","timestamp":"1696771820"},{"valueType":"INT64","timestamp":"1696771760"},{"valueType":"INT64","timestamp":"1696771700"},{"valueType":"INT64","timestamp":"1696771640"},{"valueType":"INT64","timestamp":"1696771580"},{"valueType":"INT64","timestamp":"1696771520"},{"valueType":"INT64","timestamp":"1696771460"},{"valueType":"INT64","timestamp":"1696771400"},{"valueType":"INT64","timestamp":"1696771340"},{"valueType":"INT64","timestamp":"1696771280"},{"valueType":"INT64","timestamp":"1696771220"},{"valueType":"INT64","timestamp":"1696771160"},{"valueType":"INT64","timestamp":"1696771100"},{"valueType":"INT64","timestamp":"1696771040"},{"valueType":"INT64","timestamp":"1696770980"},{"valueType":"INT64","timestamp":"1696770920"},{"valueType":"INT64","timestamp":"1696770860"},{"valueType":"INT64","timestamp":"1696770800"},{"valueType":"INT64","timestamp":"1696770740"},{"valueType":"INT64","timestamp":"1696770680"},{"valueType":"INT64","timestamp":"1696770620"},{"valueType":"INT64","timestamp":"1696770560"},{"valueType":"INT64","timestamp":"1696770500"},{"valueType":"INT64","timestamp":"1696770440"},{"valueType":"INT64","timestamp":"1696770380"},{"valueType":"INT64","timestamp":"1696770320"},{"valueType":"INT64","timestamp":"1696770260"},{"valueType":"INT64","timestamp":"1696770200"},{"valueType":"INT64","timestamp":"1696770140"},{"valueType":"INT64","timestamp":"1696770080"},{"valueType":"INT64","timestamp":"1696770020"},{"valueType":"INT64","timestamp":"1696769960"},{"valueType":"INT64","timestamp":"1696769900"},{"valueType":"INT64","timestamp":"1696769840"},{"valueType":"INT64","timestamp":"1696769780"},{"valueType":"INT64","timestamp":"1696769720"},{"valueType":"INT64","timestamp":"1696769660"},{"valueType":"INT64","timestamp":"1696769600"},{"valueType":"INT64","timestamp":"1696769540"},{"valueType":"INT64","timestamp":"1696769480"},{"valueType":"INT64","timestamp":"1696769420"},{"valueType":"INT64","timestamp":"1696769360"},{"valueType":"INT64","timestamp":"1696769300"},{"valueType":"INT64","timestamp":"1696769240"},{"valueType":"INT64","timestamp":"1696769180"},{"valueType":"INT64","timestamp":"1696769120"},{"valueType":"INT64","timestamp":"1696769060"},{"valueType":"INT64","timestamp":"1696769000"},{"valueType":"INT64","timestamp":"1696768940"},{"valueType":"INT64","timestamp":"1696768880"},{"valueType":"INT64","timestamp":"1696768820"},{"valueType":"INT64","timestamp":"1696768760"},{"valueType":"INT64","timestamp":"1696768700"},{"valueType":"INT64","timestamp":"1696768640"},{"valueType":"INT64","timestamp":"1696768580"},{"valueType":"INT64","timestamp":"1696768520"},{"valueType":"INT64","timestamp":"1696785218"},{"valueType":"INT64","timestamp":"1696785158"},{"valueType":"INT64","timestamp":"1696785098"},{"valueType":"INT64","timestamp":"1696785038"},{"valueType":"INT64","timestamp":"1696784978"},{"valueType":"INT64","timestamp":"1696784918"},{"valueType":"INT64","timestamp":"1696784858"},{"valueType":"INT64","timestamp":"1696784798"},{"valueType":"INT64","timestamp":"1696784738"},{"valueType":"INT64","timestamp":"1696784678"},{"valueType":"INT64","timestamp":"1696784618"},{"valueType":"INT64","timestamp":"1696784558"},{"valueType":"INT64","timestamp":"1696784498"},{"valueType":"INT64","timestamp":"1696784438"},{"valueType":"INT64","timestamp":"1696784378"},{"valueType":"INT64","timestamp":"1696784318"},{"valueType":"INT64","timestamp":"1696784258"},{"valueType":"INT64","timestamp":"1696784198"},{"valueType":"INT64","timestamp":"1696784138"},{"valueType":"INT64","timestamp":"1696784078"},{"valueType":"INT64","timestamp":"1696784018"},{"valueType":"INT64","timestamp":"1696783958"},{"valueType":"INT64","timestamp":"1696783898"},{"valueType":"INT64","timestamp":"1696783838"},{"valueType":"INT64","timestamp":"1696783778"},{"valueType":"INT64","timestamp":"1696783718"},{"valueType":"INT64","timestamp":"1696783658"},{"valueType":"INT64","timestamp":"1696783598"},{"valueType":"INT64","timestamp":"1696783538"},{"valueType":"INT64","timestamp":"1696783478"},{"valueType":"INT64","timestamp":"1696783418"},{"valueType":"INT64","timestamp":"1696783358"},{"valueType":"INT64","timestamp":"1696783298"},{"valueType":"INT64","timestamp":"1696783238"},{"valueType":"INT64","timestamp":"1696783178"},{"valueType":"INT64","timestamp":"1696783118"},{"valueType":"INT64","timestamp":"1696783058"},{"valueType":"INT64","timestamp":"1696782998"},{"valueType":"INT64","timestamp":"1696782938"},{"valueType":"INT64","timestamp":"1696782878"},{"valueType":"INT64","timestamp":"1696782818"},{"valueType":"INT64","timestamp":"1696782758"},{"valueType":"INT64","timestamp":"1696782698"},{"valueType":"INT64","timestamp":"1696782638"},{"valueType":"INT64","timestamp":"1696782578"},{"valueType":"INT64","timestamp":"1696782518"},{"valueType":"INT64","timestamp":"1696782458"},{"valueType":"INT64","timestamp":"1696782398"},{"valueType":"INT64","timestamp":"1696782338"},{"valueType":"INT64","timestamp":"1696782278"},{"valueType":"INT64","timestamp":"1696782218"},{"valueType":"INT64","timestamp":"1696782158"},{"valueType":"INT64","timestamp":"1696782098"},{"valueType":"INT64","timestamp":"1696782038"},{"valueType":"INT64","timestamp":"1696781978"},{"valueType":"INT64","timestamp":"1696781918"},{"valueType":"INT64","timestamp":"1696781858"},{"valueType":"INT64","timestamp":"1696781798"},{"valueType":"INT64","timestamp":"1696781738"},{"valueType":"INT64","timestamp":"1696781678"},{"valueType":"INT64","timestamp":"1696781618"},{"valueType":"INT64","timestamp":"1696781558"},{"valueType":"INT64","timestamp":"1696781498"},{"valueType":"INT64","timestamp":"1696781438"},{"valueType":"INT64","timestamp":"1696781378"},{"valueType":"INT64","timestamp":"1696781318"},{"valueType":"INT64","timestamp":"1696781258"},{"valueType":"INT64","timestamp":"1696781198"},{"valueType":"INT64","timestamp":"1696781138"},{"valueType":"INT64","timestamp":"1696781078"},{"valueType":"INT64","timestamp":"1696781018"},{"valueType":"INT64","timestamp":"1696780958"},{"valueType":"INT64","timestamp":"1696780898"},{"valueType":"INT64","timestamp":"1696780838"},{"valueType":"INT64","timestamp":"1696780778"},{"valueType":"INT64","timestamp":"1696780718"},{"valueType":"INT64","timestamp":"1696780658"},{"valueType":"INT64","timestamp":"1696780598"},{"valueType":"INT64","timestamp":"1696780538"},{"valueType":"INT64","timestamp":"1696780478"},{"valueType":"INT64","timestamp":"1696780418"},{"valueType":"INT64","timestamp":"1696780358"},{"valueType":"INT64","timestamp":"1696780298"},{"valueType":"INT64","timestamp":"1696780238"},{"valueType":"INT64","timestamp":"1696780178"},{"valueType":"INT64","timestamp":"1696780118"},{"valueType":"INT64","timestamp":"1696780058"},{"valueType":"INT64","timestamp":"1696779998"},{"valueType":"INT64","timestamp":"1696779938"},{"valueType":"INT64","timestamp":"1696779878"},{"valueType":"INT64","timestamp":"1696779818"},{"valueType":"INT64","timestamp":"1696779758"},{"valueType":"INT64","timestamp":"1696779698"},{"valueType":"INT64","timestamp":"1696779638"},{"valueType":"INT64","timestamp":"1696779578"},{"valueType":"INT64","timestamp":"1696779518"},{"valueType":"INT64","timestamp":"1696779458"},{"valueType":"INT64","timestamp":"1696779398"},{"valueType":"INT64","timestamp":"1696779338"},{"valueType":"INT64","timestamp":"1696779278"},{"valueType":"INT64","timestamp":"1696779218"},{"valueType":"INT64","timestamp":"1696779158"},{"valueType":"INT64","timestamp":"1696779098"},{"valueType":"INT64","timestamp":"1696779038"},{"valueType":"INT64","timestamp":"1696778978"},{"valueType":"INT64","timestamp":"1696778918"},{"valueType":"INT64","timestamp":"1696778858"},{"valueType":"INT64","timestamp":"1696778798"},{"valueType":"INT64","timestamp":"1696778738"},{"valueType":"INT64","timestamp":"1696778678"},{"valueType":"INT64","timestamp":"1696778618"},{"valueType":"INT64","timestamp":"1696778558"},{"valueType":"INT64","timestamp":"1696778498"},{"valueType":"INT64","timestamp":"1696778438"},{"valueType":"INT64","timestamp":"1696778378"},{"valueType":"INT64","timestamp":"1696778318"},{"valueType":"INT64","timestamp":"1696778258"},{"valueType":"INT64","timestamp":"1696778198"},{"valueType":"INT64","timestamp":"1696778138"},{"valueType":"INT64","timestamp":"1696778078"},{"valueType":"INT64","timestamp":"1696778018"},{"valueType":"INT64","timestamp":"1696777958"},{"valueType":"INT64","timestamp":"1696777898"},{"valueType":"INT64","timestamp":"1696777838"},{"valueType":"INT64","timestamp":"1696777778"},{"valueType":"INT64","timestamp":"1696777718"},{"valueType":"INT64","timestamp":"1696777658"},{"valueType":"INT64","timestamp":"1696777598"},{"valueType":"INT64","timestamp":"1696777538"},{"valueType":"INT64","timestamp":"1696777478"},{"valueType":"INT64","timestamp":"1696777418"},{"valueType":"INT64","timestamp":"1696777358"},{"valueType":"INT64","timestamp":"1696777298"},{"valueType":"INT64","timestamp":"1696777238"},{"valueType":"INT64","timestamp":"1696777178"},{"valueType":"INT64","timestamp":"1696777118"},{"valueType":"INT64","timestamp":"1696777058"},{"valueType":"INT64","timestamp":"1696776998"},{"valueType":"INT64","timestamp":"1696776938"},{"valueType":"INT64","timestamp":"1696776878"},{"valueType":"INT64","timestamp":"1696776818"},{"valueType":"INT64","timestamp":"1696776758"},{"valueType":"INT64","timestamp":"1696776698"},{"valueType":"INT64","timestamp":"1696776638"},{"valueType":"INT64","timestamp":"1696776578"},{"valueType":"INT64","timestamp":"1696776518"},{"valueType":"INT64","timestamp":"1696776458"},{"valueType":"INT64","timestamp":"1696776398"},{"valueType":"INT64","timestamp":"1696776338"},{"valueType":"INT64","timestamp":"1696776278"},{"valueType":"INT64","timestamp":"1696776218"},{"valueType":"INT64","timestamp":"1696776158"},{"valueType":"INT64","timestamp":"1696776098"},{"valueType":"INT64","timestamp":"1696776038"},{"valueType":"INT64","timestamp":"1696775978"},{"valueType":"INT64","timestamp":"1696775918"},{"valueType":"INT64","timestamp":"1696775858"},{"valueType":"INT64","timestamp":"1696775798"},{"valueType":"INT64","timestamp":"1696775738"},{"valueType":"INT64","timestamp":"1696775678"},{"valueType":"INT64","timestamp":"1696775618"},{"valueType":"INT64","timestamp":"1696775558"},{"valueType":"INT64","timestamp":"1696775498"},{"valueType":"INT64","timestamp":"1696775438"},{"valueType":"INT64","timestamp":"1696775378"},{"valueType":"INT64","timestamp":"1696775318"},{"valueType":"INT64","timestamp":"1696775258"},{"valueType":"INT64","timestamp":"1696775198"},{"valueType":"INT64","timestamp":"1696775138"},{"valueType":"INT64","timestamp":"1696775078"},{"valueType":"INT64","timestamp":"1696775018"},{"valueType":"INT64","timestamp":"1696774958"},{"valueType":"INT64","timestamp":"1696774898"},{"valueType":"INT64","timestamp":"1696774838"},{"valueType":"INT64","timestamp":"1696774778"},{"valueType":"INT64","timestamp":"1696774718"},{"valueType":"INT64","timestamp":"1696774658"},{"valueType":"INT64","timestamp":"1696774598"},{"valueType":"INT64","timestamp":"1696774538"},{"valueType":"INT64","timestamp":"1696774478"},{"valueType":"INT64","timestamp":"1696774418"},{"valueType":"INT64","timestamp":"1696774358"},{"valueType":"INT64","timestamp":"1696774298"},{"valueType":"INT64","timestamp":"1696774238"},{"valueType":"INT64","timestamp":"1696774178"},{"valueType":"INT64","timestamp":"1696774118"},{"valueType":"INT64","timestamp":"1696774058"},{"valueType":"INT64","timestamp":"1696773998"},{"valueType":"INT64","timestamp":"1696773938"},{"valueType":"INT64","timestamp":"1696773878"},{"valueType":"INT64","timestamp":"1696773818"},{"valueType":"INT64","timestamp":"1696773758"},{"valueType":"INT64","timestamp":"1696773698"},{"valueType":"INT64","timestamp":"1696773638"},{"valueType":"INT64","timestamp":"1696773578"},{"valueType":"INT64","timestamp":"1696773518"},{"valueType":"INT64","timestamp":"1696773458"},{"valueType":"INT64","timestamp":"1696773398"},{"valueType":"INT64","timestamp":"1696773338"},{"valueType":"INT64","timestamp":"1696773278"},{"valueType":"INT64","timestamp":"1696773218"},{"valueType":"INT64","timestamp":"1696773158"},{"valueType":"INT64","timestamp":"1696773098"},{"valueType":"INT64","timestamp":"1696773038"},{"valueType":"INT64","timestamp":"1696772978"},{"valueType":"INT64","timestamp":"1696772918"},{"valueType":"INT64","timestamp":"1696772858"},{"valueType":"INT64","timestamp":"1696772798"},{"valueType":"INT64","timestamp":"1696772738"},{"valueType":"INT64","timestamp":"1696772678"},{"valueType":"INT64","timestamp":"1696772618"},{"valueType":"INT64","timestamp":"1696772558"},{"valueType":"INT64","timestamp":"1696772498"},{"valueType":"INT64","timestamp":"1696772438"},{"valueType":"INT64","timestamp":"1696772378"},{"valueType":"INT64","timestamp":"1696772318"},{"valueType":"INT64","timestamp":"1696772258"},{"valueType":"INT64","timestamp":"1696772198"},{"valueType":"INT64","timestamp":"1696772138"},{"valueType":"INT64","timestamp":"1696772078"},{"valueType":"INT64","timestamp":"1696772018"},{"valueType":"INT64","timestamp":"1696771958"},{"valueType":"INT64","timestamp":"1696771898"},{"valueType":"INT64","timestamp":"1696771838"},{"valueType":"INT64","timestamp":"1696771778"},{"valueType":"INT64","timestamp":"1696771718"},{"valueType":"INT64","timestamp":"1696771658"},{"valueType":"INT64","timestamp":"1696771598"},{"valueType":"INT64","timestamp":"1696771538"},{"valueType":"INT64","timestamp":"1696771478"},{"valueType":"INT64","timestamp":"1696771418"},{"valueType":"INT64","timestamp":"1696771358"},{"valueType":"INT64","timestamp":"1696771298"},{"valueType":"INT64","timestamp":"1696771238"},{"valueType":"INT64","timestamp":"1696771178"},{"valueType":"INT64","timestamp":"1696771118"},{"valueType":"INT64","timestamp":"1696771058"},{"valueType":"INT64","timestamp":"1696770998"},{"valueType":"INT64","timestamp":"1696770938"},{"valueType":"INT64","timestamp":"1696770878"},{"valueType":"INT64","timestamp":"1696770818"},{"valueType":"INT64","timestamp":"1696770758"},{"valueType":"INT64","timestamp":"1696770698"},{"valueType":"INT64","timestamp":"1696770638"},{"valueType":"INT64","timestamp":"1696770578"},{"valueType":"INT64","timestamp":"1696770518"},{"valueType":"INT64","timestamp":"1696770458"},{"valueType":"INT64","timestamp":"1696770398"},{"valueType":"INT64","timestamp":"1696770338"},{"valueType":"INT64","timestamp":"1696770278"},{"valueType":"INT64","timestamp":"1696770218"},{"valueType":"INT64","timestamp":"1696770158"},{"valueType":"INT64","timestamp":"1696770098"},{"valueType":"INT64","timestamp":"1696770038"},{"valueType":"INT64","timestamp":"1696769978"},{"valueType":"INT64","timestamp":"1696769918"},{"valueType":"INT64","timestamp":"1696769858"},{"valueType":"INT64","timestamp":"1696769798"},{"valueType":"INT64","timestamp":"1696769738"},{"valueType":"INT64","timestamp":"1696769678"},{"valueType":"INT64","timestamp":"1696769618"},{"valueType":"INT64","timestamp":"1696769558"},{"valueType":"INT64","timestamp":"1696769498"},{"valueType":"INT64","timestamp":"1696769438"},{"valueType":"INT64","timestamp":"1696769378"},{"valueType":"INT64","timestamp":"1696769318"},{"valueType":"INT64","timestamp":"1696769258"},{"valueType":"INT64","timestamp":"1696769198"},{"valueType":"INT64","timestamp":"1696769138"},{"valueType":"INT64","timestamp":"1696769078"},{"valueType":"INT64","timestamp":"1696769018"},{"valueType":"INT64","timestamp":"1696768958"},{"valueType":"INT64","timestamp":"1696768898"},{"valueType":"INT64","timestamp":"1696768838"},{"valueType":"INT64","timestamp":"1696768778"},{"valueType":"INT64","timestamp":"1696768718"},{"valueType":"INT64","timestamp":"1696768658"},{"valueType":"INT64","timestamp":"1696768598"},{"valueType":"INT64","timestamp":"1696768538"},{"valueType":"INT64","timestamp":"1696785218"},{"valueType":"INT64","timestamp":"1696785158"},{"valueType":"INT64","timestamp":"1696785098"},{"valueType":"INT64","timestamp":"1696785038"},{"valueType":"INT64","timestamp":"1696784978"},{"valueType":"INT64","timestamp":"1696784918"},{"valueType":"INT64","timestamp":"1696784858"},{"valueType":"INT64","timestamp":"1696784798"},{"valueType":"INT64","timestamp":"1696784738"},{"valueType":"INT64","timestamp":"1696784678"},{"valueType":"INT64","timestamp":"1696784618"},{"valueType":"INT64","timestamp":"1696784558"},{"valueType":"INT64","timestamp":"1696784498"},{"valueType":"INT64","timestamp":"1696784438"},{"valueType":"INT64","timestamp":"1696784378"},{"valueType":"INT64","timestamp":"1696784318"},{"valueType":"INT64","timestamp":"1696784258"},{"valueType":"INT64","timestamp":"1696784198"},{"valueType":"INT64","timestamp":"1696784138"},{"valueType":"INT64","timestamp":"1696784078"},{"valueType":"INT64","timestamp":"1696784018"},{"valueType":"INT64","timestamp":"1696783958"},{"valueType":"INT64","timestamp":"1696783898"},{"valueType":"INT64","timestamp":"1696783838"},{"valueType":"INT64","timestamp":"1696783778"},{"valueType":"INT64","timestamp":"1696783718"},{"valueType":"INT64","timestamp":"1696783658"},{"valueType":"INT64","timestamp":"1696783598"},{"valueType":"INT64","timestamp":"1696783538"},{"valueType":"INT64","timestamp":"1696783478"},{"valueType":"INT64","timestamp":"1696783418"},{"valueType":"INT64","timestamp":"1696783358"},{"valueType":"INT64","timestamp":"1696783298"},{"valueType":"INT64","timestamp":"1696783238"},{"valueType":"INT64","timestamp":"1696783178"},{"valueType":"INT64","timestamp":"1696783118"},{"valueType":"INT64","timestamp":"1696783058"},{"valueType":"INT64","timestamp":"1696782998"},{"valueType":"INT64","timestamp":"1696782938"},{"valueType":"INT64","timestamp":"1696782878"},{"valueType":"INT64","timestamp":"1696782818"},{"valueType":"INT64","timestamp":"1696782758"},{"valueType":"INT64","timestamp":"1696782698"},{"valueType":"INT64","timestamp":"1696782638"},{"valueType":"INT64","timestamp":"1696782578"},{"valueType":"INT64","timestamp":"1696782518"},{"valueType":"INT64","timestamp":"1696782458"},{"valueType":"INT64","timestamp":"1696782398"},{"valueType":"INT64","timestamp":"1696782338"},{"valueType":"INT64","timestamp":"1696782278"},{"valueType":"INT64","timestamp":"1696782218"},{"valueType":"INT64","timestamp":"1696782158"},{"valueType":"INT64","timestamp":"1696782098"},{"valueType":"INT64","timestamp":"1696782038"},{"valueType":"INT64","timestamp":"1696781978"},{"valueType":"INT64","timestamp":"1696781918"},{"valueType":"INT64","timestamp":"1696781858"},{"valueType":"INT64","timestamp":"1696781798"},{"valueType":"INT64","timestamp":"1696781738"},{"valueType":"INT64","timestamp":"1696781678"},{"valueType":"INT64","timestamp":"1696781618"},{"valueType":"INT64","timestamp":"1696781558"},{"valueType":"INT64","timestamp":"1696781498"},{"valueType":"INT64","timestamp":"1696781438"},{"valueType":"INT64","timestamp":"1696781378"},{"valueType":"INT64","timestamp":"1696781318"},{"valueType":"INT64","timestamp":"1696781258"},{"valueType":"INT64","timestamp":"1696781198"},{"valueType":"INT64","timestamp":"1696781138"},{"valueType":"INT64","timestamp":"1696781078"},{"valueType":"INT64","timestamp":"1696781018"},{"valueType":"INT64","timestamp":"1696780958"},{"valueType":"INT64","timestamp":"1696780898"},{"valueType":"INT64","timestamp":"1696780838"},{"valueType":"INT64","timestamp":"1696780778"},{"valueType":"INT64","timestamp":"1696780718"},{"valueType":"INT64","timestamp":"1696780658"},{"valueType":"INT64","timestamp":"1696780598"},{"valueType":"INT64","timestamp":"1696780538"},{"valueType":"INT64","timestamp":"1696780478"},{"valueType":"INT64","timestamp":"1696780418"},{"valueType":"INT64","timestamp":"1696780358"},{"valueType":"INT64","timestamp":"1696780298"},{"valueType":"INT64","timestamp":"1696780238"},{"valueType":"INT64","timestamp":"1696780178"},{"valueType":"INT64","timestamp":"1696780118"},{"valueType":"INT64","timestamp":"1696780058"},{"valueType":"INT64","timestamp":"1696779998"},{"valueType":"INT64","timestamp":"1696779938"},{"valueType":"INT64","timestamp":"1696779878"},{"valueType":"INT64","timestamp":"1696779818"},{"valueType":"INT64","timestamp":"1696779758"},{"valueType":"INT64","timestamp":"1696779698"},{"valueType":"INT64","timestamp":"1696779638"},{"valueType":"INT64","timestamp":"1696779578"},{"valueType":"INT64","timestamp":"1696779518"},{"valueType":"INT64","timestamp":"1696779458"},{"valueType":"INT64","timestamp":"1696779398"},{"valueType":"INT64","timestamp":"1696779338"},{"valueType":"INT64","timestamp":"1696779278"},{"valueType":"INT64","timestamp":"1696779218"},{"valueType":"INT64","timestamp":"1696779158"},{"valueType":"INT64","timestamp":"1696779098"},{"valueType":"INT64","timestamp":"1696779038"},{"valueType":"INT64","timestamp":"1696778978"},{"valueType":"INT64","timestamp":"1696778918"},{"valueType":"INT64","timestamp":"1696778858"},{"valueType":"INT64","timestamp":"1696778798"},{"valueType":"INT64","timestamp":"1696778738"},{"valueType":"INT64","timestamp":"1696778678"},{"valueType":"INT64","timestamp":"1696778618"},{"valueType":"INT64","timestamp":"1696778558"},{"valueType":"INT64","timestamp":"1696778498"},{"valueType":"INT64","timestamp":"1696778438"},{"valueType":"INT64","timestamp":"1696778378"},{"valueType":"INT64","timestamp":"1696778318"},{"valueType":"INT64","timestamp":"1696778258"},{"valueType":"INT64","timestamp":"1696778198"},{"valueType":"INT64","timestamp":"1696778138"},{"valueType":"INT64","timestamp":"1696778078"},{"valueType":"INT64","timestamp":"1696778018"},{"valueType":"INT64","timestamp":"1696777958"},{"valueType":"INT64","timestamp":"1696777898"},{"valueType":"INT64","timestamp":"1696777838"},{"valueType":"INT64","timestamp":"1696777778"},{"valueType":"INT64","timestamp":"1696777718"},{"valueType":"INT64","timestamp":"1696777658"},{"valueType":"INT64","timestamp":"1696777598"},{"valueType":"INT64","timestamp":"1696777538"},{"valueType":"INT64","timestamp":"1696777478"},{"valueType":"INT64","timestamp":"1696777418"},{"valueType":"INT64","timestamp":"1696777358"},{"valueType":"INT64","timestamp":"1696777298"},{"valueType":"INT64","timestamp":"1696777238"},{"valueType":"INT64","timestamp":"1696777178"},{"valueType":"INT64","timestamp":"1696777118"},{"valueType":"INT64","timestamp":"1696777058"},{"valueType":"INT64","timestamp":"1696776998"},{"valueType":"INT64","timestamp":"1696776938"},{"valueType":"INT64","timestamp":"1696776878"},{"valueType":"INT64","timestamp":"1696776818"},{"valueType":"INT64","timestamp":"1696776758"},{"valueType":"INT64","timestamp":"1696776698"},{"valueType":"INT64","timestamp":"1696776638"},{"valueType":"INT64","timestamp":"1696776578"},{"valueType":"INT64","timestamp":"1696776518"},{"valueType":"INT64","timestamp":"1696776458"},{"valueType":"INT64","timestamp":"1696776398"},{"valueType":"INT64","timestamp":"1696776338"},{"valueType":"INT64","timestamp":"1696776278"},{"valueType":"INT64","timestamp":"1696776218"},{"valueType":"INT64","timestamp":"1696776158"},{"valueType":"INT64","timestamp":"1696776098"},{"valueType":"INT64","timestamp":"1696776038"},{"valueType":"INT64","timestamp":"1696775978"},{"valueType":"INT64","timestamp":"1696775918"},{"valueType":"INT64","timestamp":"1696775858"},{"valueType":"INT64","timestamp":"1696775798"},{"valueType":"INT64","timestamp":"1696775738"},{"valueType":"INT64","timestamp":"1696775678"},{"valueType":"INT64","timestamp":"1696775618"},{"valueType":"INT64","timestamp":"1696775558"},{"valueType":"INT64","timestamp":"1696775498"},{"valueType":"INT64","timestamp":"1696775438"},{"valueType":"INT64","timestamp":"1696775378"},{"valueType":"INT64","timestamp":"1696775318"},{"valueType":"INT64","timestamp":"1696775258"},{"valueType":"INT64","timestamp":"1696775198"},{"valueType":"INT64","timestamp":"1696775138"},{"valueType":"INT64","timestamp":"1696775078"},{"valueType":"INT64","timestamp":"1696775018"},{"valueType":"INT64","timestamp":"1696774958"},{"valueType":"INT64","timestamp":"1696774898"},{"valueType":"INT64","timestamp":"1696774838"},{"valueType":"INT64","timestamp":"1696774778"},{"valueType":"INT64","timestamp":"1696774718"},{"valueType":"INT64","timestamp":"1696774658"},{"valueType":"INT64","timestamp":"1696774598"},{"valueType":"INT64","timestamp":"1696774538"},{"valueType":"INT64","timestamp":"1696774478"},{"valueType":"INT64","timestamp":"1696774418"},{"valueType":"INT64","timestamp":"1696774358"},{"valueType":"INT64","timestamp":"1696774298"},{"valueType":"INT64","timestamp":"1696774238"},{"valueType":"INT64","timestamp":"1696774178"},{"valueType":"INT64","timestamp":"1696774118"},{"valueType":"INT64","timestamp":"1696774058"},{"valueType":"INT64","timestamp":"1696773998"},{"valueType":"INT64","timestamp":"1696773938"},{"valueType":"INT64","timestamp":"1696773878"},{"valueType":"INT64","timestamp":"1696773818"},{"valueType":"INT64","timestamp":"1696773758"},{"valueType":"INT64","timestamp":"1696773698"},{"valueType":"INT64","timestamp":"1696773638"},{"valueType":"INT64","timestamp":"1696773578"},{"valueType":"INT64","timestamp":"1696773518"},{"valueType":"INT64","timestamp":"1696773458"},{"valueType":"INT64","timestamp":"1696773398"},{"valueType":"INT64","timestamp":"1696773338"},{"valueType":"INT64","timestamp":"1696773278"},{"valueType":"INT64","timestamp":"1696773218"},{"valueType":"INT64","timestamp":"1696773158"},{"valueType":"INT64","timestamp":"1696773098"},{"valueType":"INT64","timestamp":"1696773038"},{"valueType":"INT64","timestamp":"1696772978"},{"valueType":"INT64","timestamp":"1696772918"},{"valueType":"INT64","timestamp":"1696772858"},{"valueType":"INT64","timestamp":"1696772798"},{"valueType":"INT64","timestamp":"1696772738"},{"valueType":"INT64","timestamp":"1696772678"},{"valueType":"INT64","timestamp":"1696772618"},{"valueType":"INT64","timestamp":"1696772558"},{"valueType":"INT64","timestamp":"1696772498"},{"valueType":"INT64","timestamp":"1696772438"},{"valueType":"INT64","timestamp":"1696772378"},{"valueType":"INT64","timestamp":"1696772318"},{"valueType":"INT64","timestamp":"1696772258"},{"valueType":"INT64","timestamp":"1696772198"},{"valueType":"INT64","timestamp":"1696772138"},{"valueType":"INT64","timestamp":"1696772078"},{"valueType":"INT64","timestamp":"1696772018"},{"valueType":"INT64","timestamp":"1696771958"},{"valueType":"INT64","timestamp":"1696771898"},{"valueType":"INT64","timestamp":"1696771838"},{"valueType":"INT64","timestamp":"1696771778"},{"valueType":"INT64","timestamp":"1696771718"},{"valueType":"INT64","timestamp":"1696771658"},{"valueType":"INT64","timestamp":"1696771598"},{"valueType":"INT64","timestamp":"1696771538"},{"valueType":"INT64","timestamp":"1696771478"},{"valueType":"INT64","timestamp":"1696771418"},{"valueType":"INT64","timestamp":"1696771358"},{"valueType":"INT64","timestamp":"1696771298"},{"valueType":"INT64","timestamp":"1696771238"},{"valueType":"INT64","timestamp":"1696771178"},{"valueType":"INT64","timestamp":"1696771118"},{"valueType":"INT64","timestamp":"1696771058"},{"valueType":"INT64","timestamp":"1696770998"},{"valueType":"INT64","timestamp":"1696770938"},{"valueType":"INT64","timestamp":"1696770878"},{"valueType":"INT64","timestamp":"1696770818"},{"valueType":"INT64","timestamp":"1696770758"},{"valueType":"INT64","timestamp":"1696770698"},{"valueType":"INT64","timestamp":"1696770638"},{"valueType":"INT64","timestamp":"1696770578"},{"valueType":"INT64","timestamp":"1696770518"},{"valueType":"INT64","timestamp":"1696770458"},{"valueType":"INT64","timestamp":"1696770398"},{"valueType":"INT64","timestamp":"1696770338"},{"valueType":"INT64","timestamp":"1696770278"},{"valueType":"INT64","timestamp":"1696770218"},{"valueType":"INT64","timestamp":"1696770158"},{"valueType":"INT64","timestamp":"1696770098"},{"valueType":"INT64","timestamp":"1696770038"},{"valueType":"INT64","timestamp":"1696769978"},{"valueType":"INT64","timestamp":"1696769918"},{"valueType":"INT64","timestamp":"1696769858"},{"valueType":"INT64","timestamp":"1696769798"},{"valueType":"INT64","timestamp":"1696769738"},{"valueType":"INT64","timestamp":"1696769678"},{"valueType":"INT64","timestamp":"1696769618"},{"valueType":"INT64","timestamp":"1696769558"},{"valueType":"INT64","timestamp":"1696769498"},{"valueType":"INT64","timestamp":"1696769438"},{"valueType":"INT64","timestamp":"1696769378"},{"valueType":"INT64","timestamp":"1696769318"},{"valueType":"INT64","timestamp":"1696769258"},{"valueType":"INT64","timestamp":"1696769198"},{"valueType":"INT64","timestamp":"1696769138"},{"valueType":"INT64","timestamp":"1696769078"},{"valueType":"INT64","timestamp":"1696769018"},{"valueType":"INT64","timestamp":"1696768958"},{"valueType":"INT64","timestamp":"1696768898"},{"valueType":"INT64","timestamp":"1696768838"},{"valueType":"INT64","timestamp":"1696768778"},{"valueType":"INT64","timestamp":"1696768718"},{"valueType":"INT64","timestamp":"1696768658"},{"valueType":"INT64","timestamp":"1696768598"},{"valueType":"INT64","timestamp":"1696768538"}]}