{"podName":"userservice-cd5ddb4bb-lxh8j","containerName":"userservice","nodeName":null,"metricType":"kubernetes.io/container/memory/limit_utilization","metrics":[{"valueType":"DOUBLE","timestamp":"1696785180","value":0.0000457763671875},{"valueType":"DOUBLE","timestamp":"1696785120","value":0.0000457763671875},{"valueType":"DOUBLE","timestamp":"1696785060","value":0.0000457763671875},{"valueType":"DOUBLE","timestamp":"1696785000","value":0.0000457763671875},{"valueType":"DOUBLE","timestamp":"1696784940","value":0.0000457763671875},{"valueType":"DOUBLE","timestamp":"1696784880","value":0.0000457763671875},{"valueType":"DOUBLE","timestamp":"1696784820","value":0.0000457763671875},{"valueType":"DOUBLE","timestamp":"1696784760","value":0.0000457763671875},{"valueType":"DOUBLE","timestamp":"1696784700","value":0.0000457763671875},{"valueType":"DOUBLE","timestamp":"1696784640","value":0.0000457763671875},{"valueType":"DOUBLE","timestamp":"1696784580","value":0.0000457763671875},{"valueType":"DOUBLE","timestamp":"1696784520","value":0.0000457763671875},{"valueType":"DOUBLE","timestamp":"1696784460","value":0.0000457763671875},{"valueType":"DOUBLE","timestamp":"1696784400","value":0.0000457763671875},{"valueType":"DOUBLE","timestamp":"1696784340","value":0.0000457763671875},{"valueType":"DOUBLE","timestamp":"1696784280","value":0.0000457763671875},{"valueType":"DOUBLE","timestamp":"1696784220","value":0.0000457763671875},{"valueType":"DOUBLE","timestamp":"1696784160","value":0.0000457763671875},{"valueType":"DOUBLE","timestamp":"1696784100","value":0.0000457763671875},{"valueType":"DOUBLE","timestamp":"1696784040","value":0.0000457763671875},{"valueType":"DOUBLE","timestamp":"1696783980","value":0.0000457763671875},{"valueType":"DOUBLE","timestamp":"1696783920","value":0.0000457763671875},{"valueType":"DOUBLE","timestamp":"1696783860","value":0.0000457763671875},{"valueType":"DOUBLE","timestamp":"1696783800","value":0.0000457763671875},{"valueType":"DOUBLE","timestamp":"1696783740","value":0.0000457763671875},{"valueType":"DOUBLE","timestamp":"1696783680","value":0.0000457763671875},{"valueType":"DOUBLE","timestamp":"1696783620","value":0.0000457763671875},{"valueType":"DOUBLE","timestamp":"1696783560","value":0.0000457763671875},{"valueType":"DOUBLE","timestamp":"1696783500","value":0.0000457763671875},{"valueType":"DOUBLE","timestamp":"1696783440","value":0.0000457763671875},{"valueType":"DOUBLE","timestamp":"1696783380","value":0.0000457763671875},{"valueType":"DOUBLE","timestamp":"1696783320","value":0.0000457763671875},{"valueType":"DOUBLE","timestamp":"1696783260","value":0.0000457763671875},{"valueType":"DOUBLE","timestamp":"1696783200","value":0.0000457763671875},{"valueType":"DOUBLE","timestamp":"1696783140","value":0.0000457763671875},{"valueType":"DOUBLE","timestamp":"1696783080","value":0.0000457763671875},{"valueType":"DOUBLE","timestamp":"1696783020","value":0.0000457763671875},{"valueType":"DOUBLE","timestamp":"1696782960","value":0.0000457763671875},{"valueType":"DOUBLE","timestamp":"1696782900","value":0.0000457763671875},{"valueType":"DOUBLE","timestamp":"1696782840","value":0.0000457763671875},{"valueType":"DOUBLE","timestamp":"1696782780","value":0.0000457763671875},{"valueType":"DOUBLE","timestamp":"1696782720","value":0.0000457763671875},{"valueType":"DOUBLE","timestamp":"1696782660","value":0.0000457763671875},{"valueType":"DOUBLE","timestamp":"1696782600","value":0.0000457763671875},{"valueType":"DOUBLE","timestamp":"1696782540","value":0.0000457763671875},{"valueType":"DOUBLE","timestamp":"1696782480","value":0.0000457763671875},{"valueType":"DOUBLE","timestamp":"1696782420","value":0.0000457763671875},{"valueType":"DOUBLE","timestamp":"1696782360","value":0.0000457763671875},{"valueType":"DOUBLE","timestamp":"1696782300","value":0.0000457763671875},{"valueType":"DOUBLE","timestamp":"1696782240","value":0.0000457763671875},{"valueType":"DOUBLE","timestamp":"1696782180","value":0.0000457763671875},{"valueType":"DOUBLE","timestamp":"1696782120","value":0.0000457763671875},{"valueType":"DOUBLE","timestamp":"1696782060","value":0.0000457763671875},{"valueType":"DOUBLE","timestamp":"1696782000","value":0.0000457763671875},{"valueType":"DOUBLE","timestamp":"1696781940","value":0.0000457763671875},{"valueType":"DOUBLE","timestamp":"1696781880","value":0.0000457763671875},{"valueType":"DOUBLE","timestamp":"1696781820","value":0.0000457763671875},{"valueType":"DOUBLE","timestamp":"1696781760","value":0.0000457763671875},{"valueType":"DOUBLE","timestamp":"1696781700","value":0.0000457763671875},{"valueType":"DOUBLE","timestamp":"1696781640","value":0.0000457763671875},{"valueType":"DOUBLE","timestamp":"1696781580","value":0.0000457763671875},{"valueType":"DOUBLE","timestamp":"1696781520","value":0.0000457763671875},{"valueType":"DOUBLE","timestamp":"1696781460","value":0.0000457763671875},{"valueType":"DOUBLE","timestamp":"1696781400","value":0.0000457763671875},{"valueType":"DOUBLE","timestamp":"1696781340","value":0.0000457763671875},{"valueType":"DOUBLE","timestamp":"1696781280","value":0.0000457763671875},{"valueType":"DOUBLE","timestamp":"1696781220","value":0.0000457763671875},{"valueType":"DOUBLE","timestamp":"1696781160","value":0.0000457763671875},{"valueType":"DOUBLE","timestamp":"1696781100","value":0.0000457763671875},{"valueType":"DOUBLE","timestamp":"1696781040","value":0.0000457763671875},{"valueType":"DOUBLE","timestamp":"1696780980","value":0.0000457763671875},{"valueType":"DOUBLE","timestamp":"1696780920","value":0.0000457763671875},{"valueType":"DOUBLE","timestamp":"1696780860","value":0.0000457763671875},{"valueType":"DOUBLE","timestamp":"1696780800","value":0.0000457763671875},{"valueType":"DOUBLE","timestamp":"1696780740","value":0.0000457763671875},{"valueType":"DOUBLE","timestamp":"1696780680","value":0.0000457763671875},{"valueType":"DOUBLE","timestamp":"1696780620","value":0.0000457763671875},{"valueType":"DOUBLE","timestamp":"1696780560","value":0.0000457763671875},{"valueType":"DOUBLE","timestamp":"1696780500","value":0.0000457763671875},{"valueType":"DOUBLE","timestamp":"1696780440","value":0.0000457763671875},{"valueType":"DOUBLE","timestamp":"1696780380","value":0.0000457763671875},{"valueType":"DOUBLE","timestamp":"1696780320","value":0.0000457763671875},{"valueType":"DOUBLE","timestamp":"1696780260","value":0.0000457763671875},{"valueType":"DOUBLE","timestamp":"1696780200","value":0.0000457763671875},{"valueType":"DOUBLE","timestamp":"1696780140","value":0.0000457763671875},{"valueType":"DOUBLE","timestamp":"1696780080","value":0.0000457763671875},{"valueType":"DOUBLE","timestamp":"1696780020","value":0.0000457763671875},{"valueType":"DOUBLE","timestamp":"1696779960","value":0.0000457763671875},{"valueType":"DOUBLE","timestamp":"1696779900","value":0.0000457763671875},{"valueType":"DOUBLE","timestamp":"1696779840","value":0.0000457763671875},{"valueType":"DOUBLE","timestamp":"1696779780","value":0.0000457763671875},{"valueType":"DOUBLE","timestamp":"1696779720","value":0.0000457763671875},{"valueType":"DOUBLE","timestamp":"1696779660","value":0.0000457763671875},{"valueType":"DOUBLE","timestamp":"1696779600","value":0.0000457763671875},{"valueType":"DOUBLE","timestamp":"1696779540","value":0.0000457763671875},{"valueType":"DOUBLE","timestamp":"1696779480","value":0.0000457763671875},{"valueType":"DOUBLE","timestamp":"1696779420","value":0.0000457763671875},{"valueType":"DOUBLE","timestamp":"1696779360","value":0.0000457763671875},{"valueType":"DOUBLE","timestamp":"1696779300","value":0.0000457763671875},{"valueType":"DOUBLE","timestamp":"1696779240","value":0.0000457763671875},{"valueType":"DOUBLE","timestamp":"1696779180","value":0.0000457763671875},{"valueType":"DOUBLE","timestamp":"1696779120","value":0.0000457763671875},{"valueType":"DOUBLE","timestamp":"1696779060","value":0.0000457763671875},{"valueType":"DOUBLE","timestamp":"1696779000","value":0.0000457763671875},{"valueType":"DOUBLE","timestamp":"1696778940","value":0.0000457763671875},{"valueType":"DOUBLE","timestamp":"1696778880","value":0.0000457763671875},{"valueType":"DOUBLE","timestamp":"1696778820","value":0.0000457763671875},{"valueType":"DOUBLE","timestamp":"1696778760","value":0.0000457763671875},{"valueType":"DOUBLE","timestamp":"1696778700","value":0.0000457763671875},{"valueType":"DOUBLE","timestamp":"1696778640","value":0.0000457763671875},{"valueType":"DOUBLE","timestamp":"1696778580","value":0.0000457763671875},{"valueType":"DOUBLE","timestamp":"1696778520","value":0.0000457763671875},{"valueType":"DOUBLE","timestamp":"1696778460","value":0.0000457763671875},{"valueType":"DOUBLE","timestamp":"1696778400","value":0.0000457763671875},{"valueType":"DOUBLE","timestamp":"1696778340","value":0.0000457763671875},{"valueType":"DOUBLE","timestamp":"1696778280","value":0.0000457763671875},{"valueType":"DOUBLE","timestamp":"1696778220","value":0.0000457763671875},{"valueType":"DOUBLE","timestamp":"1696778160","value":0.0000457763671875},{"valueType":"DOUBLE","timestamp":"1696778100","value":0.0000457763671875},{"valueType":"DOUBLE","timestamp":"1696778040","value":0.0000457763671875},{"valueType":"DOUBLE","timestamp":"1696777980","value":0.0000457763671875},{"valueType":"DOUBLE","timestamp":"1696777920","value":0.0000457763671875},{"valueType":"DOUBLE","timestamp":"1696777860","value":0.0000457763671875},{"valueType":"DOUBLE","timestamp":"1696777800","value":0.0000457763671875},{"valueType":"DOUBLE","timestamp":"1696777740","value":0.0000457763671875},{"valueType":"DOUBLE","timestamp":"1696777680","value":0.0000457763671875},{"valueType":"DOUBLE","timestamp":"1696777620","value":0.0000457763671875},{"valueType":"DOUBLE","timestamp":"1696777560","value":0.0000457763671875},{"valueType":"DOUBLE","timestamp":"1696777500","value":0.0000457763671875},{"valueType":"DOUBLE","timestamp":"1696777440","value":0.0000457763671875},{"valueType":"DOUBLE","timestamp":"1696777380","value":0.0000457763671875},{"valueType":"DOUBLE","timestamp":"1696777320","value":0.0000457763671875},{"valueType":"DOUBLE","timestamp":"1696777260","value":0.0000457763671875},{"valueType":"DOUBLE","timestamp":"1696777200","value":0.0000457763671875},{"valueType":"DOUBLE","timestamp":"1696777140","value":0.0000457763671875},{"valueType":"DOUBLE","timestamp":"1696777080","value":0.0000457763671875},{"valueType":"DOUBLE","timestamp":"1696777020","value":0.0000457763671875},{"valueType":"DOUBLE","timestamp":"1696776960","value":0.0000457763671875},{"valueType":"DOUBLE","timestamp":"1696776900","value":0.0000457763671875},{"valueType":"DOUBLE","timestamp":"1696776840","value":0.0000457763671875},{"valueType":"DOUBLE","timestamp":"1696776780","value":0.0000457763671875},{"valueType":"DOUBLE","timestamp":"1696776720","value":0.0000457763671875},{"valueType":"DOUBLE","timestamp":"1696776660","value":0.0000457763671875},{"valueType":"DOUBLE","timestamp":"1696776600","value":0.0000457763671875},{"valueType":"DOUBLE","timestamp":"1696776540","value":0.0000457763671875},{"valueType":"DOUBLE","timestamp":"1696776480","value":0.0000457763671875},{"valueType":"DOUBLE","timestamp":"1696776420","value":0.0000457763671875},{"valueType":"DOUBLE","timestamp":"1696776360","value":0.0000457763671875},{"valueType":"DOUBLE","timestamp":"1696776300","value":0.0000457763671875},{"valueType":"DOUBLE","timestamp":"1696776240","value":0.0000457763671875},{"valueType":"DOUBLE","timestamp":"1696776180","value":0.0000457763671875},{"valueType":"DOUBLE","timestamp":"1696776120","value":0.0000457763671875},{"valueType":"DOUBLE","timestamp":"1696776060","value":0.0000457763671875},{"valueType":"DOUBLE","timestamp":"1696776000","value":0.0000457763671875},{"valueType":"DOUBLE","timestamp":"1696775940","value":0.0000457763671875},{"valueType":"DOUBLE","timestamp":"1696775880","value":0.0000457763671875},{"valueType":"DOUBLE","timestamp":"1696775820","value":0.0000457763671875},{"valueType":"DOUBLE","timestamp":"1696775760","value":0.0000457763671875},{"valueType":"DOUBLE","timestamp":"1696775700","value":0.0000457763671875},{"valueType":"DOUBLE","timestamp":"1696775640","value":0.0000457763671875},{"valueType":"DOUBLE","timestamp":"1696775580","value":0.0000457763671875},{"valueType":"DOUBLE","timestamp":"1696775520","value":0.0000457763671875},{"valueType":"DOUBLE","timestamp":"1696775460","value":0.0000457763671875},{"valueType":"DOUBLE","timestamp":"1696775400","value":0.0000457763671875},{"valueType":"DOUBLE","timestamp":"1696775340","value":0.0000457763671875},{"valueType":"DOUBLE","timestamp":"1696775280","value":0.0000457763671875},{"valueType":"DOUBLE","timestamp":"1696775220","value":0.0000457763671875},{"valueType":"DOUBLE","timestamp":"1696775160","value":0.0000457763671875},{"valueType":"DOUBLE","timestamp":"1696775100","value":0.0000457763671875},{"valueType":"DOUBLE","timestamp":"1696775040","value":0.0000457763671875},{"valueType":"DOUBLE","timestamp":"1696774980","value":0.0000457763671875},{"valueType":"DOUBLE","timestamp":"1696774920","value":0.0000457763671875},{"valueType":"DOUBLE","timestamp":"1696774860","value":0.0000457763671875},{"valueType":"DOUBLE","timestamp":"1696774800","value":0.0000457763671875},{"valueType":"DOUBLE","timestamp":"1696774740","value":0.0000457763671875},{"valueType":"DOUBLE","timestamp":"1696774680","value":0.0000457763671875},{"valueType":"DOUBLE","timestamp":"1696774620","value":0.0000457763671875},{"valueType":"DOUBLE","timestamp":"1696774560","value":0.0000457763671875},{"valueType":"DOUBLE","timestamp":"1696774500","value":0.0000457763671875},{"valueType":"DOUBLE","timestamp":"1696774440","value":0.0000457763671875},{"valueType":"DOUBLE","timestamp":"1696774380","value":0.0000457763671875},{"valueType":"DOUBLE","timestamp":"1696774320","value":0.0000457763671875},{"valueType":"DOUBLE","timestamp":"1696774260","value":0.0000457763671875},{"valueType":"DOUBLE","timestamp":"1696774200","value":0.0000457763671875},{"valueType":"DOUBLE","timestamp":"1696774140","value":0.0000457763671875},{"valueType":"DOUBLE","timestamp":"1696774080","value":0.0000457763671875},{"valueType":"DOUBLE","timestamp":"1696774020","value":0.0000457763671875},{"valueType":"DOUBLE","timestamp":"1696773960","value":0.0000457763671875},{"valueType":"DOUBLE","timestamp":"1696773900","value":0.0000457763671875},{"valueType":"DOUBLE","timestamp":"1696773840","value":0.0000457763671875},{"valueType":"DOUBLE","timestamp":"1696773780","value":0.0000457763671875},{"valueType":"DOUBLE","timestamp":"1696773720","value":0.0000457763671875},{"valueType":"DOUBLE","timestamp":"1696773660","value":0.0000457763671875},{"valueType":"DOUBLE","timestamp":"1696773600","value":0.0000457763671875},{"valueType":"DOUBLE","timestamp":"1696773540","value":0.0000457763671875},{"valueType":"DOUBLE","timestamp":"1696773480","value":0.0000457763671875},{"valueType":"DOUBLE","timestamp":"1696773420","value":0.0000457763671875},{"valueType":"DOUBLE","timestamp":"1696773360","value":0.0000457763671875},{"valueType":"DOUBLE","timestamp":"1696773300","value":0.0000457763671875},{"valueType":"DOUBLE","timestamp":"1696773240","value":0.0000457763671875},{"valueType":"DOUBLE","timestamp":"1696773180","value":0.0000457763671875},{"valueType":"DOUBLE","timestamp":"1696773120","value":0.0000457763671875},{"valueType":"DOUBLE","timestamp":"1696773060","value":0.0000457763671875},{"valueType":"DOUBLE","timestamp":"1696773000","value":0.0000457763671875},{"valueType":"DOUBLE","timestamp":"1696772940","value":0.0000457763671875},{"valueType":"DOUBLE","timestamp":"1696772880","value":0.0000457763671875},{"valueType":"DOUBLE","timestamp":"1696772820","value":0.0000457763671875},{"valueType":"DOUBLE","timestamp":"1696772760","value":0.0000457763671875},{"valueType":"DOUBLE","timestamp":"1696772700","value":0.0000457763671875},{"valueType":"DOUBLE","timestamp":"1696772640","value":0.0000457763671875},{"valueType":"DOUBLE","timestamp":"1696772580","value":0.0000457763671875},{"valueType":"DOUBLE","timestamp":"1696772520","value":0.0000457763671875},{"valueType":"DOUBLE","timestamp":"1696772460","value":0.0000457763671875},{"valueType":"DOUBLE","timestamp":"1696772400","value":0.0000457763671875},{"valueType":"DOUBLE","timestamp":"1696772340","value":0.0000457763671875},{"valueType":"DOUBLE","timestamp":"1696772280","value":0.0000457763671875},{"valueType":"DOUBLE","timestamp":"1696772220","value":0.0000457763671875},{"valueType":"DOUBLE","timestamp":"1696772160","value":0.0000457763671875},{"valueType":"DOUBLE","timestamp":"1696772100","value":0.0000457763671875},{"valueType":"DOUBLE","timestamp":"1696772040","value":0.0000457763671875},{"valueType":"DOUBLE","timestamp":"1696771980","value":0.0000457763671875},{"valueType":"DOUBLE","timestamp":"1696771920","value":0.0000457763671875},{"valueType":"DOUBLE","timestamp":"1696771860","value":0.0000457763671875},{"valueType":"DOUBLE","timestamp":"1696771800","value":0.0000457763671875},{"valueType":"DOUBLE","timestamp":"1696771740","value":0.0000457763671875},{"valueType":"DOUBLE","timestamp":"1696771680","value":0.0000457763671875},{"valueType":"DOUBLE","timestamp":"1696771620","value":0.0000457763671875},{"valueType":"DOUBLE","timestamp":"1696771560","value":0.0000457763671875},{"valueType":"DOUBLE","timestamp":"1696771500","value":0.0000457763671875},{"valueType":"DOUBLE","timestamp":"1696771440","value":0.0000457763671875},{"valueType":"DOUBLE","timestamp":"1696771380","value":0.0000457763671875},{"valueType":"DOUBLE","timestamp":"1696771320","value":0.0000457763671875},{"valueType":"DOUBLE","timestamp":"1696771260","value":0.0000457763671875},{"valueType":"DOUBLE","timestamp":"1696771200","value":0.0000457763671875},{"valueType":"DOUBLE","timestamp":"1696771140","value":0.0000457763671875},{"valueType":"DOUBLE","timestamp":"1696771080","value":0.0000457763671875},{"valueType":"DOUBLE","timestamp":"1696771020","value":0.0000457763671875},{"valueType":"DOUBLE","timestamp":"1696770960","value":0.0000457763671875},{"valueType":"DOUBLE","timestamp":"1696770900","value":0.0000457763671875},{"valueType":"DOUBLE","timestamp":"1696770840","value":0.0000457763671875},{"valueType":"DOUBLE","timestamp":"1696770780","value":0.0000457763671875},{"valueType":"DOUBLE","timestamp":"1696770720","value":0.0000457763671875},{"valueType":"DOUBLE","timestamp":"1696770660","value":0.0000457763671875},{"valueType":"DOUBLE","timestamp":"1696770600","value":0.0000457763671875},{"valueType":"DOUBLE","timestamp":"1696770540","value":0.0000457763671875},{"valueType":"DOUBLE","timestamp":"1696770480","value":0.0000457763671875},{"valueType":"DOUBLE","timestamp":"1696770420","value":0.0000457763671875},{"valueType":"DOUBLE","timestamp":"1696770360","value":0.0000457763671875},{"valueType":"DOUBLE","timestamp":"1696770300","value":0.0000457763671875},{"valueType":"DOUBLE","timestamp":"1696770240","value":0.0000457763671875},{"valueType":"DOUBLE","timestamp":"1696770180","value":0.0000457763671875},{"valueType":"DOUBLE","timestamp":"1696770120","value":0.0000457763671875},{"valueType":"DOUBLE","timestamp":"1696770060","value":0.0000457763671875},{"valueType":"DOUBLE","timestamp":"1696770000","value":0.0000457763671875},{"valueType":"DOUBLE","timestamp":"1696769940","value":0.0000457763671875},{"valueType":"DOUBLE","timestamp":"1696769880","value":0.0000457763671875},{"valueType":"DOUBLE","timestamp":"1696769820","value":0.0000457763671875},{"valueType":"DOUBLE","timestamp":"1696769760","value":0.0000457763671875},{"valueType":"DOUBLE","timestamp":"1696769700","value":0.0000457763671875},{"valueType":"DOUBLE","timestamp":"1696769640","value":0.0000457763671875},{"valueType":"DOUBLE","timestamp":"1696769580","value":0.0000457763671875},{"valueType":"DOUBLE","timestamp":"1696769520","value":0.0000457763671875},{"valueType":"DOUBLE","timestamp":"1696769460","value":0.0000457763671875},{"valueType":"DOUBLE","timestamp":"1696769400","value":0.0000457763671875},{"valueType":"DOUBLE","timestamp":"1696769340","value":0.0000457763671875},{"valueType":"DOUBLE","timestamp":"1696769280","value":0.0000457763671875},{"valueType":"DOUBLE","timestamp":"1696769220","value":0.0000457763671875},{"valueType":"DOUBLE","timestamp":"1696769160","value":0.0000457763671875},{"valueType":"DOUBLE","timestamp":"1696769100","value":0.0000457763671875},{"valueType":"DOUBLE","timestamp":"1696769040","value":0.0000457763671875},{"valueType":"DOUBLE","timestamp":"1696768980","value":0.0000457763671875},{"valueType":"DOUBLE","timestamp":"1696768920","value":0.0000457763671875},{"valueType":"DOUBLE","timestamp":"1696768860","value":0.0000457763671875},{"valueType":"DOUBLE","timestamp":"1696768800","value":0.0000457763671875},{"valueType":"DOUBLE","timestamp":"1696768740","value":0.0000457763671875},{"valueType":"DOUBLE","timestamp":"1696768680","value":0.0000457763671875},{"valueType":"DOUBLE","timestamp":"1696768620","value":0.0000457763671875},{"valueType":"DOUBLE","timestamp":"1696768560","value":0.0000457763671875},{"valueType":"DOUBLE","timestamp":"1696785180","value":0.3789215087890625},{"valueType":"DOUBLE","timestamp":"1696785120","value":0.3789215087890625},{"valueType":"DOUBLE","timestamp":"1696785060","value":0.3789215087890625},{"valueType":"DOUBLE","timestamp":"1696785000","value":0.378936767578125},{"valueType":"DOUBLE","timestamp":"1696784940","value":0.3789215087890625},{"valueType":"DOUBLE","timestamp":"1696784880","value":0.3789215087890625},{"valueType":"DOUBLE","timestamp":"1696784820","value":0.3794097900390625},{"valueType":"DOUBLE","timestamp":"1696784760","value":0.3789215087890625},{"valueType":"DOUBLE","timestamp":"1696784700","value":0.3789215087890625},{"valueType":"DOUBLE","timestamp":"1696784640","value":0.3789215087890625},{"valueType":"DOUBLE","timestamp":"1696784580","value":0.3789215087890625},{"valueType":"DOUBLE","timestamp":"1696784520","value":0.378936767578125},{"valueType":"DOUBLE","timestamp":"1696784460","value":0.3789215087890625},{"valueType":"DOUBLE","timestamp":"1696784400","value":0.3789215087890625},{"valueType":"DOUBLE","timestamp":"1696784340","value":0.378936767578125},{"valueType":"DOUBLE","timestamp":"1696784280","value":0.3789215087890625},{"valueType":"DOUBLE","timestamp":"1696784220","value":0.3789215087890625},{"valueType":"DOUBLE","timestamp":"1696784160","value":0.378936767578125},{"valueType":"DOUBLE","timestamp":"1696784100","value":0.3789215087890625},{"valueType":"DOUBLE","timestamp":"1696784040","value":0.3789215087890625},{"valueType":"DOUBLE","timestamp":"1696783980","value":0.3789215087890625},{"valueType":"DOUBLE","timestamp":"1696783920","value":0.378936767578125},{"valueType":"DOUBLE","timestamp":"1696783860","value":0.3789215087890625},{"valueType":"DOUBLE","timestamp":"1696783800","value":0.3789215087890625},{"valueType":"DOUBLE","timestamp":"1696783740","value":0.3789215087890625},{"valueType":"DOUBLE","timestamp":"1696783680","value":0.3789215087890625},{"valueType":"DOUBLE","timestamp":"1696783620","value":0.378936767578125},{"valueType":"DOUBLE","timestamp":"1696783560","value":0.378936767578125},{"valueType":"DOUBLE","timestamp":"1696783500","value":0.3789215087890625},{"valueType":"DOUBLE","timestamp":"1696783440","value":0.3789215087890625},{"valueType":"DOUBLE","timestamp":"1696783380","value":0.3789215087890625},{"valueType":"DOUBLE","timestamp":"1696783320","value":0.3789215087890625},{"valueType":"DOUBLE","timestamp":"1696783260","value":0.3789215087890625},{"valueType":"DOUBLE","timestamp":"1696783200","value":0.3789215087890625},{"valueType":"DOUBLE","timestamp":"1696783140","value":0.3789215087890625},{"valueType":"DOUBLE","timestamp":"1696783080","value":0.3789215087890625},{"valueType":"DOUBLE","timestamp":"1696783020","value":0.3789215087890625},{"valueType":"DOUBLE","timestamp":"1696782960","value":0.378936767578125},{"valueType":"DOUBLE","timestamp":"1696782900","value":0.3789215087890625},{"valueType":"DOUBLE","timestamp":"1696782840","value":0.3789215087890625},{"valueType":"DOUBLE","timestamp":"1696782780","value":0.3789215087890625},{"valueType":"DOUBLE","timestamp":"1696782720","value":0.3789215087890625},{"valueType":"DOUBLE","timestamp":"1696782660","value":0.37890625},{"valueType":"DOUBLE","timestamp":"1696782600","value":0.3789215087890625},{"valueType":"DOUBLE","timestamp":"1696782540","value":0.3789215087890625},{"valueType":"DOUBLE","timestamp":"1696782480","value":0.378936767578125},{"valueType":"DOUBLE","timestamp":"1696782420","value":0.378936767578125},{"valueType":"DOUBLE","timestamp":"1696782360","value":0.378936767578125},{"valueType":"DOUBLE","timestamp":"1696782300","value":0.378936767578125},{"valueType":"DOUBLE","timestamp":"1696782240","value":0.3789215087890625},{"valueType":"DOUBLE","timestamp":"1696782180","value":0.3789215087890625},{"valueType":"DOUBLE","timestamp":"1696782120","value":0.3789215087890625},{"valueType":"DOUBLE","timestamp":"1696782060","value":0.3789215087890625},{"valueType":"DOUBLE","timestamp":"1696782000","value":0.3789215087890625},{"valueType":"DOUBLE","timestamp":"1696781940","value":0.3789215087890625},{"valueType":"DOUBLE","timestamp":"1696781880","value":0.3789215087890625},{"valueType":"DOUBLE","timestamp":"1696781820","value":0.3789215087890625},{"valueType":"DOUBLE","timestamp":"1696781760","value":0.3789215087890625},{"valueType":"DOUBLE","timestamp":"1696781700","value":0.3789215087890625},{"valueType":"DOUBLE","timestamp":"1696781640","value":0.3789215087890625},{"valueType":"DOUBLE","timestamp":"1696781580","value":0.3789215087890625},{"valueType":"DOUBLE","timestamp":"1696781520","value":0.3789215087890625},{"valueType":"DOUBLE","timestamp":"1696781460","value":0.3789215087890625},{"valueType":"DOUBLE","timestamp":"1696781400","value":0.3789215087890625},{"valueType":"DOUBLE","timestamp":"1696781340","value":0.378936767578125},{"valueType":"DOUBLE","timestamp":"1696781280","value":0.3789215087890625},{"valueType":"DOUBLE","timestamp":"1696781220","value":0.3789215087890625},{"valueType":"DOUBLE","timestamp":"1696781160","value":0.378936767578125},{"valueType":"DOUBLE","timestamp":"1696781100","value":0.3789215087890625},{"valueType":"DOUBLE","timestamp":"1696781040","value":0.3789215087890625},{"valueType":"DOUBLE","timestamp":"1696780980","value":0.3789215087890625},{"valueType":"DOUBLE","timestamp":"1696780920","value":0.3789215087890625},{"valueType":"DOUBLE","timestamp":"1696780860","value":0.3789215087890625},{"valueType":"DOUBLE","timestamp":"1696780800","value":0.3789215087890625},{"valueType":"DOUBLE","timestamp":"1696780740","value":0.37890625},{"valueType":"DOUBLE","timestamp":"1696780680","value":0.3789215087890625},{"valueType":"DOUBLE","timestamp":"1696780620","value":0.3789215087890625},{"valueType":"DOUBLE","timestamp":"1696780560","value":0.3794097900390625},{"valueType":"DOUBLE","timestamp":"1696780500","value":0.3789215087890625},{"valueType":"DOUBLE","timestamp":"1696780440","value":0.378936767578125},{"valueType":"DOUBLE","timestamp":"1696780380","value":0.3789215087890625},{"valueType":"DOUBLE","timestamp":"1696780320","value":0.37933349609375},{"valueType":"DOUBLE","timestamp":"1696780260","value":0.3789215087890625},{"valueType":"DOUBLE","timestamp":"1696780200","value":0.3789215087890625},{"valueType":"DOUBLE","timestamp":"1696780140","value":0.3794097900390625},{"valueType":"DOUBLE","timestamp":"1696780080","value":0.3789215087890625},{"valueType":"DOUBLE","timestamp":"1696780020","value":0.3789215087890625},{"valueType":"DOUBLE","timestamp":"1696779960","value":0.378936767578125},{"valueType":"DOUBLE","timestamp":"1696779900","value":0.3790283203125},{"valueType":"DOUBLE","timestamp":"1696779840","value":0.3790283203125},{"valueType":"DOUBLE","timestamp":"1696779780","value":0.3790435791015625},{"valueType":"DOUBLE","timestamp":"1696779720","value":0.3794097900390625},{"valueType":"DOUBLE","timestamp":"1696779660","value":0.378936767578125},{"valueType":"DOUBLE","timestamp":"1696779600","value":0.378997802734375},{"valueType":"DOUBLE","timestamp":"1696779540","value":0.378936767578125},{"valueType":"DOUBLE","timestamp":"1696779480","value":0.3789215087890625},{"valueType":"DOUBLE","timestamp":"1696779420","value":0.3791046142578125},{"valueType":"DOUBLE","timestamp":"1696779360","value":0.379058837890625},{"valueType":"DOUBLE","timestamp":"1696779300","value":0.37896728515625},{"valueType":"DOUBLE","timestamp":"1696779240","value":0.3790283203125},{"valueType":"DOUBLE","timestamp":"1696779180","value":0.378936767578125},{"valueType":"DOUBLE","timestamp":"1696779120","value":0.3789825439453125},{"valueType":"DOUBLE","timestamp":"1696779060","value":0.3789215087890625},{"valueType":"DOUBLE","timestamp":"1696779000","value":0.3789825439453125},{"valueType":"DOUBLE","timestamp":"1696778940","value":0.3790435791015625},{"valueType":"DOUBLE","timestamp":"1696778880","value":0.379425048828125},{"valueType":"DOUBLE","timestamp":"1696778820","value":0.37896728515625},{"valueType":"DOUBLE","timestamp":"1696778760","value":0.379547119140625},{"valueType":"DOUBLE","timestamp":"1696778700","value":0.3794708251953125},{"valueType":"DOUBLE","timestamp":"1696778640","value":0.3790283203125},{"valueType":"DOUBLE","timestamp":"1696778580","value":0.378936767578125},{"valueType":"DOUBLE","timestamp":"1696778520","value":0.378997802734375},{"valueType":"DOUBLE","timestamp":"1696778460","value":0.378936767578125},{"valueType":"DOUBLE","timestamp":"1696778400","value":0.3790435791015625},{"valueType":"DOUBLE","timestamp":"1696778340","value":0.37896728515625},{"valueType":"DOUBLE","timestamp":"1696778280","value":0.3789215087890625},{"valueType":"DOUBLE","timestamp":"1696778220","value":0.3790130615234375},{"valueType":"DOUBLE","timestamp":"1696778160","value":0.378936767578125},{"valueType":"DOUBLE","timestamp":"1696778100","value":0.3789215087890625},{"valueType":"DOUBLE","timestamp":"1696778040","value":0.3789215087890625},{"valueType":"DOUBLE","timestamp":"1696777980","value":0.3789215087890625},{"valueType":"DOUBLE","timestamp":"1696777920","value":0.3789215087890625},{"valueType":"DOUBLE","timestamp":"1696777860","value":0.3789520263671875},{"valueType":"DOUBLE","timestamp":"1696777800","value":0.3789825439453125},{"valueType":"DOUBLE","timestamp":"1696777740","value":0.3790283203125},{"valueType":"DOUBLE","timestamp":"1696777680","value":0.3790283203125},{"valueType":"DOUBLE","timestamp":"1696777620","value":0.3789215087890625},{"valueType":"DOUBLE","timestamp":"1696777560","value":0.378936767578125},{"valueType":"DOUBLE","timestamp":"1696777500","value":0.3789825439453125},{"valueType":"DOUBLE","timestamp":"1696777440","value":0.3794097900390625},{"valueType":"DOUBLE","timestamp":"1696777380","value":0.378936767578125},{"valueType":"DOUBLE","timestamp":"1696777320","value":0.378936767578125},{"valueType":"DOUBLE","timestamp":"1696777260","value":0.378936767578125},{"valueType":"DOUBLE","timestamp":"1696777200","value":0.37896728515625},{"valueType":"DOUBLE","timestamp":"1696777140","value":0.378936767578125},{"valueType":"DOUBLE","timestamp":"1696777080","value":0.37896728515625},{"valueType":"DOUBLE","timestamp":"1696777020","value":0.378997802734375},{"valueType":"DOUBLE","timestamp":"1696776960","value":0.3789520263671875},{"valueType":"DOUBLE","timestamp":"1696776900","value":0.3794097900390625},{"valueType":"DOUBLE","timestamp":"1696776840","value":0.37896728515625},{"valueType":"DOUBLE","timestamp":"1696776780","value":0.3789520263671875},{"valueType":"DOUBLE","timestamp":"1696776720","value":0.3789215087890625},{"valueType":"DOUBLE","timestamp":"1696776660","value":0.3789215087890625},{"valueType":"DOUBLE","timestamp":"1696776600","value":0.379425048828125},{"valueType":"DOUBLE","timestamp":"1696776540","value":0.3789215087890625},{"valueType":"DOUBLE","timestamp":"1696776480","value":0.378936767578125},{"valueType":"DOUBLE","timestamp":"1696776420","value":0.378936767578125},{"valueType":"DOUBLE","timestamp":"1696776360","value":0.3789215087890625},{"valueType":"DOUBLE","timestamp":"1696776300","value":0.3794403076171875},{"valueType":"DOUBLE","timestamp":"1696776240","value":0.3790283203125},{"valueType":"DOUBLE","timestamp":"1696776180","value":0.37896728515625},{"valueType":"DOUBLE","timestamp":"1696776120","value":0.37896728515625},{"valueType":"DOUBLE","timestamp":"1696776060","value":0.3789215087890625},{"valueType":"DOUBLE","timestamp":"1696776000","value":0.378936767578125},{"valueType":"DOUBLE","timestamp":"1696775940","value":0.3794403076171875},{"valueType":"DOUBLE","timestamp":"1696775880","value":0.3794403076171875},{"valueType":"DOUBLE","timestamp":"1696775820","value":0.3790130615234375},{"valueType":"DOUBLE","timestamp":"1696775760","value":0.378997802734375},{"valueType":"DOUBLE","timestamp":"1696775700","value":0.3789825439453125},{"valueType":"DOUBLE","timestamp":"1696775640","value":0.378997802734375},{"valueType":"DOUBLE","timestamp":"1696775580","value":0.3790130615234375},{"valueType":"DOUBLE","timestamp":"1696775520","value":0.3789825439453125},{"valueType":"DOUBLE","timestamp":"1696775460","value":0.3789215087890625},{"valueType":"DOUBLE","timestamp":"1696775400","value":0.3789215087890625},{"valueType":"DOUBLE","timestamp":"1696775340","value":0.3790283203125},{"valueType":"DOUBLE","timestamp":"1696775280","value":0.379058837890625},{"valueType":"DOUBLE","timestamp":"1696775220","value":0.3789520263671875},{"valueType":"DOUBLE","timestamp":"1696775160","value":0.3789520263671875},{"valueType":"DOUBLE","timestamp":"1696775100","value":0.3790283203125},{"valueType":"DOUBLE","timestamp":"1696775040","value":0.3789215087890625},{"valueType":"DOUBLE","timestamp":"1696774980","value":0.37896728515625},{"valueType":"DOUBLE","timestamp":"1696774920","value":0.3789215087890625},{"valueType":"DOUBLE","timestamp":"1696774860","value":0.378997802734375},{"valueType":"DOUBLE","timestamp":"1696774800","value":0.3789825439453125},{"valueType":"DOUBLE","timestamp":"1696774740","value":0.37945556640625},{"valueType":"DOUBLE","timestamp":"1696774680","value":0.378936767578125},{"valueType":"DOUBLE","timestamp":"1696774620","value":0.3789215087890625},{"valueType":"DOUBLE","timestamp":"1696774560","value":0.3789825439453125},{"valueType":"DOUBLE","timestamp":"1696774500","value":0.378997802734375},{"valueType":"DOUBLE","timestamp":"1696774440","value":0.3790130615234375},{"valueType":"DOUBLE","timestamp":"1696774380","value":0.3789520263671875},{"valueType":"DOUBLE","timestamp":"1696774320","value":0.3789520263671875},{"valueType":"DOUBLE","timestamp":"1696774260","value":0.3790130615234375},{"valueType":"DOUBLE","timestamp":"1696774200","value":0.378936767578125},{"valueType":"DOUBLE","timestamp":"1696774140","value":0.37945556640625},{"valueType":"DOUBLE","timestamp":"1696774080","value":0.378997802734375},{"valueType":"DOUBLE","timestamp":"1696774020","value":0.378936767578125},{"valueType":"DOUBLE","timestamp":"1696773960","value":0.37896728515625},{"valueType":"DOUBLE","timestamp":"1696773900","value":0.378997802734375},{"valueType":"DOUBLE","timestamp":"1696773840","value":0.3789520263671875},{"valueType":"DOUBLE","timestamp":"1696773780","value":0.378936767578125},{"valueType":"DOUBLE","timestamp":"1696773720","value":0.3789825439453125},{"valueType":"DOUBLE","timestamp":"1696773660","value":0.37896728515625},{"valueType":"DOUBLE","timestamp":"1696773600","value":0.37896728515625},{"valueType":"DOUBLE","timestamp":"1696773540","value":0.3789825439453125},{"valueType":"DOUBLE","timestamp":"1696773480","value":0.3789215087890625},{"valueType":"DOUBLE","timestamp":"1696773420","value":0.378997802734375},{"valueType":"DOUBLE","timestamp":"1696773360","value":0.37896728515625},{"valueType":"DOUBLE","timestamp":"1696773300","value":0.3789215087890625},{"valueType":"DOUBLE","timestamp":"1696773240","value":0.3790130615234375},{"valueType":"DOUBLE","timestamp":"1696773180","value":0.3790435791015625},{"valueType":"DOUBLE","timestamp":"1696773120","value":0.378936767578125},{"valueType":"DOUBLE","timestamp":"1696773060","value":0.37908935546875},{"valueType":"DOUBLE","timestamp":"1696773000","value":0.3789825439453125},{"valueType":"DOUBLE","timestamp":"1696772940","value":0.3789215087890625},{"valueType":"DOUBLE","timestamp":"1696772880","value":0.3789825439453125},{"valueType":"DOUBLE","timestamp":"1696772820","value":0.3789215087890625},{"valueType":"DOUBLE","timestamp":"1696772760","value":0.3789215087890625},{"valueType":"DOUBLE","timestamp":"1696772700","value":0.3789520263671875},{"valueType":"DOUBLE","timestamp":"1696772640","value":0.378936767578125},{"valueType":"DOUBLE","timestamp":"1696772580","value":0.378936767578125},{"valueType":"DOUBLE","timestamp":"1696772520","value":0.379486083984375},{"valueType":"DOUBLE","timestamp":"1696772460","value":0.37896728515625},{"valueType":"DOUBLE","timestamp":"1696772400","value":0.378936767578125},{"valueType":"DOUBLE","timestamp":"1696772340","value":0.378997802734375},{"valueType":"DOUBLE","timestamp":"1696772280","value":0.3789520263671875},{"valueType":"DOUBLE","timestamp":"1696772220","value":0.37896728515625},{"valueType":"DOUBLE","timestamp":"1696772160","value":0.378936767578125},{"valueType":"DOUBLE","timestamp":"1696772100","value":0.3789215087890625},{"valueType":"DOUBLE","timestamp":"1696772040","value":0.3789520263671875},{"valueType":"DOUBLE","timestamp":"1696771980","value":0.3789520263671875},{"valueType":"DOUBLE","timestamp":"1696771920","value":0.37896728515625},{"valueType":"DOUBLE","timestamp":"1696771860","value":0.3789215087890625},{"valueType":"DOUBLE","timestamp":"1696771800","value":0.3790283203125},{"valueType":"DOUBLE","timestamp":"1696771740","value":0.3789520263671875},{"valueType":"DOUBLE","timestamp":"1696771680","value":0.3789825439453125},{"valueType":"DOUBLE","timestamp":"1696771620","value":0.37896728515625},{"valueType":"DOUBLE","timestamp":"1696771560","value":0.3789520263671875},{"valueType":"DOUBLE","timestamp":"1696771500","value":0.3790130615234375},{"valueType":"DOUBLE","timestamp":"1696771440","value":0.3789520263671875},{"valueType":"DOUBLE","timestamp":"1696771380","value":0.3789520263671875},{"valueType":"DOUBLE","timestamp":"1696771320","value":0.379058837890625},{"valueType":"DOUBLE","timestamp":"1696771260","value":0.378936767578125},{"valueType":"DOUBLE","timestamp":"1696771200","value":0.3790283203125},{"valueType":"DOUBLE","timestamp":"1696771140","value":0.3789520263671875},{"valueType":"DOUBLE","timestamp":"1696771080","value":0.3790435791015625},{"valueType":"DOUBLE","timestamp":"1696771020","value":0.37908935546875},{"valueType":"DOUBLE","timestamp":"1696770960","value":0.378997802734375},{"valueType":"DOUBLE","timestamp":"1696770900","value":0.3790130615234375},{"valueType":"DOUBLE","timestamp":"1696770840","value":0.3790435791015625},{"valueType":"DOUBLE","timestamp":"1696770780","value":0.3789520263671875},{"valueType":"DOUBLE","timestamp":"1696770720","value":0.3790130615234375},{"valueType":"DOUBLE","timestamp":"1696770660","value":0.379058837890625},{"valueType":"DOUBLE","timestamp":"1696770600","value":0.378997802734375},{"valueType":"DOUBLE","timestamp":"1696770540","value":0.3790283203125},{"valueType":"DOUBLE","timestamp":"1696770480","value":0.378936767578125},{"valueType":"DOUBLE","timestamp":"1696770420","value":0.378997802734375},{"valueType":"DOUBLE","timestamp":"1696770360","value":0.378936767578125},{"valueType":"DOUBLE","timestamp":"1696770300","value":0.3789520263671875},{"valueType":"DOUBLE","timestamp":"1696770240","value":0.3789825439453125},{"valueType":"DOUBLE","timestamp":"1696770180","value":0.3790283203125},{"valueType":"DOUBLE","timestamp":"1696770120","value":0.379058837890625},{"valueType":"DOUBLE","timestamp":"1696770060","value":0.378936767578125},{"valueType":"DOUBLE","timestamp":"1696770000","value":0.378997802734375},{"valueType":"DOUBLE","timestamp":"1696769940","value":0.379058837890625},{"valueType":"DOUBLE","timestamp":"1696769880","value":0.378936767578125},{"valueType":"DOUBLE","timestamp":"1696769820","value":0.37896728515625},{"valueType":"DOUBLE","timestamp":"1696769760","value":0.379058837890625},{"valueType":"DOUBLE","timestamp":"1696769700","value":0.3790435791015625},{"valueType":"DOUBLE","timestamp":"1696769640","value":0.3790435791015625},{"valueType":"DOUBLE","timestamp":"1696769580","value":0.378936767578125},{"valueType":"DOUBLE","timestamp":"1696769520","value":0.3789215087890625},{"valueType":"DOUBLE","timestamp":"1696769460","value":0.3789825439453125},{"valueType":"DOUBLE","timestamp":"1696769400","value":0.3790435791015625},{"valueType":"DOUBLE","timestamp":"1696769340","value":0.3789520263671875},{"valueType":"DOUBLE","timestamp":"1696769280","value":0.3790435791015625},{"valueType":"DOUBLE","timestamp":"1696769220","value":0.3789215087890625},{"valueType":"DOUBLE","timestamp":"1696769160","value":0.3784637451171875},{"valueType":"DOUBLE","timestamp":"1696769100","value":0.3778533935546875},{"valueType":"DOUBLE","timestamp":"1696769040","value":0.3784027099609375},{"valueType":"DOUBLE","timestamp":"1696768980","value":0.3778228759765625},{"valueType":"DOUBLE","timestamp":"1696768920","value":0.3778839111328125},{"valueType":"DOUBLE","timestamp":"1696768860","value":0.3778228759765625},{"valueType":"DOUBLE","timestamp":"1696768800","value":0.3779449462890625},{"valueType":"DOUBLE","timestamp":"1696768740","value":0.3778076171875},{"valueType":"DOUBLE","timestamp":"1696768680","value":0.37786865234375},{"valueType":"DOUBLE","timestamp":"1696768620","value":0.3778076171875},{"valueType":"DOUBLE","timestamp":"1696768560","value":0.3779449462890625},{"valueType":"DOUBLE","timestamp":"1696785180","value":0.000030517578125},{"valueType":"DOUBLE","timestamp":"1696785120","value":0.000030517578125},{"valueType":"DOUBLE","timestamp":"1696785060","value":0.000030517578125},{"valueType":"DOUBLE","timestamp":"1696785000","value":0.000030517578125},{"valueType":"DOUBLE","timestamp":"1696784940","value":0.000030517578125},{"valueType":"DOUBLE","timestamp":"1696784880","value":0.000030517578125},{"valueType":"DOUBLE","timestamp":"1696784820","value":0.000030517578125},{"valueType":"DOUBLE","timestamp":"1696784760","value":0.000030517578125},{"valueType":"DOUBLE","timestamp":"1696784700","value":0.000030517578125},{"valueType":"DOUBLE","timestamp":"1696784640","value":0.000030517578125},{"valueType":"DOUBLE","timestamp":"1696784580","value":0.000030517578125},{"valueType":"DOUBLE","timestamp":"1696784520","value":0.000030517578125},{"valueType":"DOUBLE","timestamp":"1696784460","value":0.000030517578125},{"valueType":"DOUBLE","timestamp":"1696784400","value":0.000030517578125},{"valueType":"DOUBLE","timestamp":"1696784340","value":0.000030517578125},{"valueType":"DOUBLE","timestamp":"1696784280","value":0.000030517578125},{"valueType":"DOUBLE","timestamp":"1696784220","value":0.000030517578125},{"valueType":"DOUBLE","timestamp":"1696784160","value":0.000030517578125},{"valueType":"DOUBLE","timestamp":"1696784100","value":0.000030517578125},{"valueType":"DOUBLE","timestamp":"1696784040","value":0.000030517578125},{"valueType":"DOUBLE","timestamp":"1696783980","value":0.000030517578125},{"valueType":"DOUBLE","timestamp":"1696783920","value":0.000030517578125},{"valueType":"DOUBLE","timestamp":"1696783860","value":0.000030517578125},{"valueType":"DOUBLE","timestamp":"1696783800","value":0.000030517578125},{"valueType":"DOUBLE","timestamp":"1696783740","value":0.000030517578125},{"valueType":"DOUBLE","timestamp":"1696783680","value":0.000030517578125},{"valueType":"DOUBLE","timestamp":"1696783620","value":0.000030517578125},{"valueType":"DOUBLE","timestamp":"1696783560","value":0.000030517578125},{"valueType":"DOUBLE","timestamp":"1696783500","value":0.000030517578125},{"valueType":"DOUBLE","timestamp":"1696783440","value":0.000030517578125},{"valueType":"DOUBLE","timestamp":"1696783380","value":0.000030517578125},{"valueType":"DOUBLE","timestamp":"1696783320","value":0.000030517578125},{"valueType":"DOUBLE","timestamp":"1696783260","value":0.000030517578125},{"valueType":"DOUBLE","timestamp":"1696783200","value":0.000030517578125},{"valueType":"DOUBLE","timestamp":"1696783140","value":0.000030517578125},{"valueType":"DOUBLE","timestamp":"1696783080","value":0.000030517578125},{"valueType":"DOUBLE","timestamp":"1696783020","value":0.000030517578125},{"valueType":"DOUBLE","timestamp":"1696782960","value":0.000030517578125},{"valueType":"DOUBLE","timestamp":"1696782900","value":0.000030517578125},{"valueType":"DOUBLE","timestamp":"1696782840","value":0.000030517578125},{"valueType":"DOUBLE","timestamp":"1696782780","value":0.000030517578125},{"valueType":"DOUBLE","timestamp":"1696782720","value":0.000030517578125},{"valueType":"DOUBLE","timestamp":"1696782660","value":0.000030517578125},{"valueType":"DOUBLE","timestamp":"1696782600","value":0.000030517578125},{"valueType":"DOUBLE","timestamp":"1696782540","value":0.000030517578125},{"valueType":"DOUBLE","timestamp":"1696782480","value":0.000030517578125},{"valueType":"DOUBLE","timestamp":"1696782420","value":0.000030517578125},{"valueType":"DOUBLE","timestamp":"1696782360","value":0.000030517578125},{"valueType":"DOUBLE","timestamp":"1696782300","value":0.000030517578125},{"valueType":"DOUBLE","timestamp":"1696782240","value":0.000030517578125},{"valueType":"DOUBLE","timestamp":"1696782180","value":0.000030517578125},{"valueType":"DOUBLE","timestamp":"1696782120","value":0.000030517578125},{"valueType":"DOUBLE","timestamp":"1696782060","value":0.000030517578125},{"valueType":"DOUBLE","timestamp":"1696782000","value":0.000030517578125},{"valueType":"DOUBLE","timestamp":"1696781940","value":0.000030517578125},{"valueType":"DOUBLE","timestamp":"1696781880","value":0.000030517578125},{"valueType":"DOUBLE","timestamp":"1696781820","value":0.000030517578125},{"valueType":"DOUBLE","timestamp":"1696781760","value":0.000030517578125},{"valueType":"DOUBLE","timestamp":"1696781700","value":0.000030517578125},{"valueType":"DOUBLE","timestamp":"1696781640","value":0.000030517578125},{"valueType":"DOUBLE","timestamp":"1696781580","value":0.000030517578125},{"valueType":"DOUBLE","timestamp":"1696781520","value":0.000030517578125},{"valueType":"DOUBLE","timestamp":"1696781460","value":0.000030517578125},{"valueType":"DOUBLE","timestamp":"1696781400","value":0.000030517578125},{"valueType":"DOUBLE","timestamp":"1696781340","value":0.000030517578125},{"valueType":"DOUBLE","timestamp":"1696781280","value":0.000030517578125},{"valueType":"DOUBLE","timestamp":"1696781220","value":0.000030517578125},{"valueType":"DOUBLE","timestamp":"1696781160","value":0.000030517578125},{"valueType":"DOUBLE","timestamp":"1696781100","value":0.000030517578125},{"valueType":"DOUBLE","timestamp":"1696781040","value":0.000030517578125},{"valueType":"DOUBLE","timestamp":"1696780980","value":0.000030517578125},{"valueType":"DOUBLE","timestamp":"1696780920","value":0.000030517578125},{"valueType":"DOUBLE","timestamp":"1696780860","value":0.000030517578125},{"valueType":"DOUBLE","timestamp":"1696780800","value":0.000030517578125},{"valueType":"DOUBLE","timestamp":"1696780740","value":0.000030517578125},{"valueType":"DOUBLE","timestamp":"1696780680","value":0.000030517578125},{"valueType":"DOUBLE","timestamp":"1696780620","value":0.000030517578125},{"valueType":"DOUBLE","timestamp":"1696780560","value":0.000030517578125},{"valueType":"DOUBLE","timestamp":"1696780500","value":0.000030517578125},{"valueType":"DOUBLE","timestamp":"1696780440","value":0.000030517578125},{"valueType":"DOUBLE","timestamp":"1696780380","value":0.000030517578125},{"valueType":"DOUBLE","timestamp":"1696780320","value":0.000030517578125},{"valueType":"DOUBLE","timestamp":"1696780260","value":0.000030517578125},{"valueType":"DOUBLE","timestamp":"1696780200","value":0.000030517578125},{"valueType":"DOUBLE","timestamp":"1696780140","value":0.000030517578125},{"valueType":"DOUBLE","timestamp":"1696780080","value":0.000030517578125},{"valueType":"DOUBLE","timestamp":"1696780020","value":0.000030517578125},{"valueType":"DOUBLE","timestamp":"1696779960","value":0.000030517578125},{"valueType":"DOUBLE","timestamp":"1696779900","value":0.000030517578125},{"valueType":"DOUBLE","timestamp":"1696779840","value":0.000030517578125},{"valueType":"DOUBLE","timestamp":"1696779780","value":0.000030517578125},{"valueType":"DOUBLE","timestamp":"1696779720","value":0.000030517578125},{"valueType":"DOUBLE","timestamp":"1696779660","value":0.000030517578125},{"valueType":"DOUBLE","timestamp":"1696779600","value":0.000030517578125},{"valueType":"DOUBLE","timestamp":"1696779540","value":0.000030517578125},{"valueType":"DOUBLE","timestamp":"1696779480","value":0.000030517578125},{"valueType":"DOUBLE","timestamp":"1696779420","value":0.000030517578125},{"valueType":"DOUBLE","timestamp":"1696779360","value":0.000030517578125},{"valueType":"DOUBLE","timestamp":"1696779300","value":0.000030517578125},{"valueType":"DOUBLE","timestamp":"1696779240","value":0.000030517578125},{"valueType":"DOUBLE","timestamp":"1696779180","value":0.000030517578125},{"valueType":"DOUBLE","timestamp":"1696779120","value":0.000030517578125},{"valueType":"DOUBLE","timestamp":"1696779060","value":0.000030517578125},{"valueType":"DOUBLE","timestamp":"1696779000","value":0.000030517578125},{"valueType":"DOUBLE","timestamp":"1696778940","value":0.000030517578125},{"valueType":"DOUBLE","timestamp":"1696778880","value":0.000030517578125},{"valueType":"DOUBLE","timestamp":"1696778820","value":0.000030517578125},{"valueType":"DOUBLE","timestamp":"1696778760","value":0.000030517578125},{"valueType":"DOUBLE","timestamp":"1696778700","value":0.000030517578125},{"valueType":"DOUBLE","timestamp":"1696778640","value":0.000030517578125},{"valueType":"DOUBLE","timestamp":"1696778580","value":0.000030517578125},{"valueType":"DOUBLE","timestamp":"1696778520","value":0.000030517578125},{"valueType":"DOUBLE","timestamp":"1696778460","value":0.000030517578125},{"valueType":"DOUBLE","timestamp":"1696778400","value":0.000030517578125},{"valueType":"DOUBLE","timestamp":"1696778340","value":0.000030517578125},{"valueType":"DOUBLE","timestamp":"1696778280","value":0.000030517578125},{"valueType":"DOUBLE","timestamp":"1696778220","value":0.000030517578125},{"valueType":"DOUBLE","timestamp":"1696778160","value":0.000030517578125},{"valueType":"DOUBLE","timestamp":"1696778100","value":0.000030517578125},{"valueType":"DOUBLE","timestamp":"1696778040","value":0.000030517578125},{"valueType":"DOUBLE","timestamp":"1696777980","value":0.000030517578125},{"valueType":"DOUBLE","timestamp":"1696777920","value":0.000030517578125},{"valueType":"DOUBLE","timestamp":"1696777860","value":0.000030517578125},{"valueType":"DOUBLE","timestamp":"1696777800","value":0.000030517578125},{"valueType":"DOUBLE","timestamp":"1696777740","value":0.000030517578125},{"valueType":"DOUBLE","timestamp":"1696777680","value":0.000030517578125},{"valueType":"DOUBLE","timestamp":"1696777620","value":0.000030517578125},{"valueType":"DOUBLE","timestamp":"1696777560","value":0.000030517578125},{"valueType":"DOUBLE","timestamp":"1696777500","value":0.000030517578125},{"valueType":"DOUBLE","timestamp":"1696777440","value":0.000030517578125},{"valueType":"DOUBLE","timestamp":"1696777380","value":0.000030517578125},{"valueType":"DOUBLE","timestamp":"1696777320","value":0.000030517578125},{"valueType":"DOUBLE","timestamp":"1696777260","value":0.000030517578125},{"valueType":"DOUBLE","timestamp":"1696777200","value":0.000030517578125},{"valueType":"DOUBLE","timestamp":"1696777140","value":0.000030517578125},{"valueType":"DOUBLE","timestamp":"1696777080","value":0.000030517578125},{"valueType":"DOUBLE","timestamp":"1696777020","value":0.000030517578125},{"valueType":"DOUBLE","timestamp":"1696776960","value":0.000030517578125},{"valueType":"DOUBLE","timestamp":"1696776900","value":0.000030517578125},{"valueType":"DOUBLE","timestamp":"1696776840","value":0.000030517578125},{"valueType":"DOUBLE","timestamp":"1696776780","value":0.000030517578125},{"valueType":"DOUBLE","timestamp":"1696776720","value":0.000030517578125},{"valueType":"DOUBLE","timestamp":"1696776660","value":0.000030517578125},{"valueType":"DOUBLE","timestamp":"1696776600","value":0.000030517578125},{"valueType":"DOUBLE","timestamp":"1696776540","value":0.000030517578125},{"valueType":"DOUBLE","timestamp":"1696776480","value":0.000030517578125},{"valueType":"DOUBLE","timestamp":"1696776420","value":0.000030517578125},{"valueType":"DOUBLE","timestamp":"1696776360","value":0.000030517578125},{"valueType":"DOUBLE","timestamp":"1696776300","value":0.000030517578125},{"valueType":"DOUBLE","timestamp":"1696776240","value":0.000030517578125},{"valueType":"DOUBLE","timestamp":"1696776180","value":0.000030517578125},{"valueType":"DOUBLE","timestamp":"1696776120","value":0.000030517578125},{"valueType":"DOUBLE","timestamp":"1696776060","value":0.000030517578125},{"valueType":"DOUBLE","timestamp":"1696776000","value":0.000030517578125},{"valueType":"DOUBLE","timestamp":"1696775940","value":0.000030517578125},{"valueType":"DOUBLE","timestamp":"1696775880","value":0.000030517578125},{"valueType":"DOUBLE","timestamp":"1696775820","value":0.000030517578125},{"valueType":"DOUBLE","timestamp":"1696775760","value":0.000030517578125},{"valueType":"DOUBLE","timestamp":"1696775700","value":0.000030517578125},{"valueType":"DOUBLE","timestamp":"1696775640","value":0.000030517578125},{"valueType":"DOUBLE","timestamp":"1696775580","value":0.000030517578125},{"valueType":"DOUBLE","timestamp":"1696775520","value":0.000030517578125},{"valueType":"DOUBLE","timestamp":"1696775460","value":0.000030517578125},{"valueType":"DOUBLE","timestamp":"1696775400","value":0.000030517578125},{"valueType":"DOUBLE","timestamp":"1696775340","value":0.000030517578125},{"valueType":"DOUBLE","timestamp":"1696775280","value":0.000030517578125},{"valueType":"DOUBLE","timestamp":"1696775220","value":0.000030517578125},{"valueType":"DOUBLE","timestamp":"1696775160","value":0.000030517578125},{"valueType":"DOUBLE","timestamp":"1696775100","value":0.000030517578125},{"valueType":"DOUBLE","timestamp":"1696775040","value":0.000030517578125},{"valueType":"DOUBLE","timestamp":"1696774980","value":0.000030517578125},{"valueType":"DOUBLE","timestamp":"1696774920","value":0.000030517578125},{"valueType":"DOUBLE","timestamp":"1696774860","value":0.000030517578125},{"valueType":"DOUBLE","timestamp":"1696774800","value":0.000030517578125},{"valueType":"DOUBLE","timestamp":"1696774740","value":0.000030517578125},{"valueType":"DOUBLE","timestamp":"1696774680","value":0.000030517578125},{"valueType":"DOUBLE","timestamp":"1696774620","value":0.000030517578125},{"valueType":"DOUBLE","timestamp":"1696774560","value":0.000030517578125},{"valueType":"DOUBLE","timestamp":"1696774500","value":0.000030517578125},{"valueType":"DOUBLE","timestamp":"1696774440","value":0.000030517578125},{"valueType":"DOUBLE","timestamp":"1696774380","value":0.000030517578125},{"valueType":"DOUBLE","timestamp":"1696774320","value":0.000030517578125},{"valueType":"DOUBLE","timestamp":"1696774260","value":0.000030517578125},{"valueType":"DOUBLE","timestamp":"1696774200","value":0.000030517578125},{"valueType":"DOUBLE","timestamp":"1696774140","value":0.000030517578125},{"valueType":"DOUBLE","timestamp":"1696774080","value":0.000030517578125},{"valueType":"DOUBLE","timestamp":"1696774020","value":0.000030517578125},{"valueType":"DOUBLE","timestamp":"1696773960","value":0.000030517578125},{"valueType":"DOUBLE","timestamp":"1696773900","value":0.000030517578125},{"valueType":"DOUBLE","timestamp":"1696773840","value":0.000030517578125},{"valueType":"DOUBLE","timestamp":"1696773780","value":0.000030517578125},{"valueType":"DOUBLE","timestamp":"1696773720","value":0.000030517578125},{"valueType":"DOUBLE","timestamp":"1696773660","value":0.000030517578125},{"valueType":"DOUBLE","timestamp":"1696773600","value":0.000030517578125},{"valueType":"DOUBLE","timestamp":"1696773540","value":0.000030517578125},{"valueType":"DOUBLE","timestamp":"1696773480","value":0.000030517578125},{"valueType":"DOUBLE","timestamp":"1696773420","value":0.000030517578125},{"valueType":"DOUBLE","timestamp":"1696773360","value":0.000030517578125},{"valueType":"DOUBLE","timestamp":"1696773300","value":0.000030517578125},{"valueType":"DOUBLE","timestamp":"1696773240","value":0.000030517578125},{"valueType":"DOUBLE","timestamp":"1696773180","value":0.000030517578125},{"valueType":"DOUBLE","timestamp":"1696773120","value":0.000030517578125},{"valueType":"DOUBLE","timestamp":"1696773060","value":0.000030517578125},{"valueType":"DOUBLE","timestamp":"1696773000","value":0.000030517578125},{"valueType":"DOUBLE","timestamp":"1696772940","value":0.000030517578125},{"valueType":"DOUBLE","timestamp":"1696772880","value":0.000030517578125},{"valueType":"DOUBLE","timestamp":"1696772820","value":0.000030517578125},{"valueType":"DOUBLE","timestamp":"1696772760","value":0.000030517578125},{"valueType":"DOUBLE","timestamp":"1696772700","value":0.000030517578125},{"valueType":"DOUBLE","timestamp":"1696772640","value":0.000030517578125},{"valueType":"DOUBLE","timestamp":"1696772580","value":0.000030517578125},{"valueType":"DOUBLE","timestamp":"1696772520","value":0.000030517578125},{"valueType":"DOUBLE","timestamp":"1696772460","value":0.000030517578125},{"valueType":"DOUBLE","timestamp":"1696772400","value":0.000030517578125},{"valueType":"DOUBLE","timestamp":"1696772340","value":0.000030517578125},{"valueType":"DOUBLE","timestamp":"1696772280","value":0.000030517578125},{"valueType":"DOUBLE","timestamp":"1696772220","value":0.000030517578125},{"valueType":"DOUBLE","timestamp":"1696772160","value":0.000030517578125},{"valueType":"DOUBLE","timestamp":"1696772100","value":0.000030517578125},{"valueType":"DOUBLE","timestamp":"1696772040","value":0.000030517578125},{"valueType":"DOUBLE","timestamp":"1696771980","value":0.000030517578125},{"valueType":"DOUBLE","timestamp":"1696771920","value":0.000030517578125},{"valueType":"DOUBLE","timestamp":"1696771860","value":0.000030517578125},{"valueType":"DOUBLE","timestamp":"1696771800","value":0.000030517578125},{"valueType":"DOUBLE","timestamp":"1696771740","value":0.000030517578125},{"valueType":"DOUBLE","timestamp":"1696771680","value":0.000030517578125},{"valueType":"DOUBLE","timestamp":"1696771620","value":0.000030517578125},{"valueType":"DOUBLE","timestamp":"1696771560","value":0.000030517578125},{"valueType":"DOUBLE","timestamp":"1696771500","value":0.000030517578125},{"valueType":"DOUBLE","timestamp":"1696771440","value":0.000030517578125},{"valueType":"DOUBLE","timestamp":"1696771380","value":0.000030517578125},{"valueType":"DOUBLE","timestamp":"1696771320","value":0.000030517578125},{"valueType":"DOUBLE","timestamp":"1696771260","value":0.000030517578125},{"valueType":"DOUBLE","timestamp":"1696771200","value":0.000030517578125},{"valueType":"DOUBLE","timestamp":"1696771140","value":0.000030517578125},{"valueType":"DOUBLE","timestamp":"1696771080","value":0.000030517578125},{"valueType":"DOUBLE","timestamp":"1696771020","value":0.000030517578125},{"valueType":"DOUBLE","timestamp":"1696770960","value":0.000030517578125},{"valueType":"DOUBLE","timestamp":"1696770900","value":0.000030517578125},{"valueType":"DOUBLE","timestamp":"1696770840","value":0.000030517578125},{"valueType":"DOUBLE","timestamp":"1696770780","value":0.000030517578125},{"valueType":"DOUBLE","timestamp":"1696770720","value":0.000030517578125},{"valueType":"DOUBLE","timestamp":"1696770660","value":0.000030517578125},{"valueType":"DOUBLE","timestamp":"1696770600","value":0.000030517578125},{"valueType":"DOUBLE","timestamp":"1696770540","value":0.000030517578125},{"valueType":"DOUBLE","timestamp":"1696770480","value":0.000030517578125},{"valueType":"DOUBLE","timestamp":"1696770420","value":0.000030517578125},{"valueType":"DOUBLE","timestamp":"1696770360","value":0.000030517578125},{"valueType":"DOUBLE","timestamp":"1696770300","value":0.000030517578125},{"valueType":"DOUBLE","timestamp":"1696770240","value":0.000030517578125},{"valueType":"DOUBLE","timestamp":"1696770180","value":0.000030517578125},{"valueType":"DOUBLE","timestamp":"1696770120","value":0.000030517578125},{"valueType":"DOUBLE","timestamp":"1696770060","value":0.000030517578125},{"valueType":"DOUBLE","timestamp":"1696770000","value":0.000030517578125},{"valueType":"DOUBLE","timestamp":"1696769940","value":0.000030517578125},{"valueType":"DOUBLE","timestamp":"1696769880","value":0.000030517578125},{"valueType":"DOUBLE","timestamp":"1696769820","value":0.000030517578125},{"valueType":"DOUBLE","timestamp":"1696769760","value":0.000030517578125},{"valueType":"DOUBLE","timestamp":"1696769700","value":0.000030517578125},{"valueType":"DOUBLE","timestamp":"1696769640","value":0.000030517578125},{"valueType":"DOUBLE","timestamp":"1696769580","value":0.000030517578125},{"valueType":"DOUBLE","timestamp":"1696769520","value":0.000030517578125},{"valueType":"DOUBLE","timestamp":"1696769460","value":0.000030517578125},{"valueType":"DOUBLE","timestamp":"1696769400","value":0.000030517578125},{"valueType":"DOUBLE","timestamp":"1696769340","value":0.000030517578125},{"valueType":"DOUBLE","timestamp":"1696769280","value":0.000030517578125},{"valueType":"DOUBLE","timestamp":"1696769220","value":0.000030517578125},{"valueType":"DOUBLE","timestamp":"1696769160","value":0.000030517578125},{"valueType":"DOUBLE","timestamp":"1696769100","value":0.000030517578125},{"valueType":"DOUBLE","timestamp":"1696769040","value":0.000030517578125},{"valueType":"DOUBLE","timestamp":"1696768980","value":0.000030517578125},{"valueType":"DOUBLE","timestamp":"1696768920","value":0.000030517578125},{"valueType":"DOUBLE","timestamp":"1696768860","value":0.000030517578125},{"valueType":"DOUBLE","timestamp":"1696768800","value":0.000030517578125},{"valueType":"DOUBLE","timestamp":"1696768740","value":0.000030517578125},{"valueType":"DOUBLE","timestamp":"1696768680","value":0.000030517578125},{"valueType":"DOUBLE","timestamp":"1696768620","value":0.000030517578125},{"valueType":"DOUBLE","timestamp":"1696768560","value":0.000030517578125},{"valueType":"DOUBLE","timestamp":"1696785180","value":0.37762451171875},{"valueType":"DOUBLE","timestamp":"1696785120","value":0.3776397705078125},{"valueType":"DOUBLE","timestamp":"1696785060","value":0.3776397705078125},{"valueType":"DOUBLE","timestamp":"1696785000","value":0.377655029296875},{"valueType":"DOUBLE","timestamp":"1696784940","value":0.377655029296875},{"valueType":"DOUBLE","timestamp":"1696784880","value":0.377655029296875},{"valueType":"DOUBLE","timestamp":"1696784820","value":0.3776397705078125},{"valueType":"DOUBLE","timestamp":"1696784760","value":0.377655029296875},{"valueType":"DOUBLE","timestamp":"1696784700","value":0.3776397705078125},{"valueType":"DOUBLE","timestamp":"1696784640","value":0.377655029296875},{"valueType":"DOUBLE","timestamp":"1696784580","value":0.3776702880859375},{"valueType":"DOUBLE","timestamp":"1696784520","value":0.377655029296875},{"valueType":"DOUBLE","timestamp":"1696784460","value":0.377655029296875},{"valueType":"DOUBLE","timestamp":"1696784400","value":0.377655029296875},{"valueType":"DOUBLE","timestamp":"1696784340","value":0.3776397705078125},{"valueType":"DOUBLE","timestamp":"1696784280","value":0.3780670166015625},{"valueType":"DOUBLE","timestamp":"1696784220","value":0.3776397705078125},{"valueType":"DOUBLE","timestamp":"1696784160","value":0.3776397705078125},{"valueType":"DOUBLE","timestamp":"1696784100","value":0.377655029296875},{"valueType":"DOUBLE","timestamp":"1696784040","value":0.3781280517578125},{"valueType":"DOUBLE","timestamp":"1696783980","value":0.377655029296875},{"valueType":"DOUBLE","timestamp":"1696783920","value":0.3776397705078125},{"valueType":"DOUBLE","timestamp":"1696783860","value":0.377655029296875},{"valueType":"DOUBLE","timestamp":"1696783800","value":0.3776702880859375},{"valueType":"DOUBLE","timestamp":"1696783740","value":0.377655029296875},{"valueType":"DOUBLE","timestamp":"1696783680","value":0.3781280517578125},{"valueType":"DOUBLE","timestamp":"1696783620","value":0.377655029296875},{"valueType":"DOUBLE","timestamp":"1696783560","value":0.377685546875},{"valueType":"DOUBLE","timestamp":"1696783500","value":0.377655029296875},{"valueType":"DOUBLE","timestamp":"1696783440","value":0.3776702880859375},{"valueType":"DOUBLE","timestamp":"1696783380","value":0.377655029296875},{"valueType":"DOUBLE","timestamp":"1696783320","value":0.3776397705078125},{"valueType":"DOUBLE","timestamp":"1696783260","value":0.377655029296875},{"valueType":"DOUBLE","timestamp":"1696783200","value":0.3781280517578125},{"valueType":"DOUBLE","timestamp":"1696783140","value":0.3776397705078125},{"valueType":"DOUBLE","timestamp":"1696783080","value":0.377655029296875},{"valueType":"DOUBLE","timestamp":"1696783020","value":0.377655029296875},{"valueType":"DOUBLE","timestamp":"1696782960","value":0.377655029296875},{"valueType":"DOUBLE","timestamp":"1696782900","value":0.377655029296875},{"valueType":"DOUBLE","timestamp":"1696782840","value":0.377655029296875},{"valueType":"DOUBLE","timestamp":"1696782780","value":0.377655029296875},{"valueType":"DOUBLE","timestamp":"1696782720","value":0.377655029296875},{"valueType":"DOUBLE","timestamp":"1696782660","value":0.3776397705078125},{"valueType":"DOUBLE","timestamp":"1696782600","value":0.3776397705078125},{"valueType":"DOUBLE","timestamp":"1696782540","value":0.377655029296875},{"valueType":"DOUBLE","timestamp":"1696782480","value":0.377655029296875},{"valueType":"DOUBLE","timestamp":"1696782420","value":0.3776397705078125},{"valueType":"DOUBLE","timestamp":"1696782360","value":0.3776702880859375},{"valueType":"DOUBLE","timestamp":"1696782300","value":0.3776397705078125},{"valueType":"DOUBLE","timestamp":"1696782240","value":0.377655029296875},{"valueType":"DOUBLE","timestamp":"1696782180","value":0.377655029296875},{"valueType":"DOUBLE","timestamp":"1696782120","value":0.3776397705078125},{"valueType":"DOUBLE","timestamp":"1696782060","value":0.3776702880859375},{"valueType":"DOUBLE","timestamp":"1696782000","value":0.3781280517578125},{"valueType":"DOUBLE","timestamp":"1696781940","value":0.377655029296875},{"valueType":"DOUBLE","timestamp":"1696781880","value":0.377655029296875},{"valueType":"DOUBLE","timestamp":"1696781820","value":0.377655029296875},{"valueType":"DOUBLE","timestamp":"1696781760","value":0.377655029296875},{"valueType":"DOUBLE","timestamp":"1696781700","value":0.3776397705078125},{"valueType":"DOUBLE","timestamp":"1696781640","value":0.377655029296875},{"valueType":"DOUBLE","timestamp":"1696781580","value":0.377655029296875},{"valueType":"DOUBLE","timestamp":"1696781520","value":0.377655029296875},{"valueType":"DOUBLE","timestamp":"1696781460","value":0.377655029296875},{"valueType":"DOUBLE","timestamp":"1696781400","value":0.377655029296875},{"valueType":"DOUBLE","timestamp":"1696781340","value":0.3776702880859375},{"valueType":"DOUBLE","timestamp":"1696781280","value":0.377655029296875},{"valueType":"DOUBLE","timestamp":"1696781220","value":0.3776397705078125},{"valueType":"DOUBLE","timestamp":"1696781160","value":0.3776397705078125},{"valueType":"DOUBLE","timestamp":"1696781100","value":0.3776397705078125},{"valueType":"DOUBLE","timestamp":"1696781040","value":0.377655029296875},{"valueType":"DOUBLE","timestamp":"1696780980","value":0.377655029296875},{"valueType":"DOUBLE","timestamp":"1696780920","value":0.3776397705078125},{"valueType":"DOUBLE","timestamp":"1696780860","value":0.377655029296875},{"valueType":"DOUBLE","timestamp":"1696780800","value":0.3776397705078125},{"valueType":"DOUBLE","timestamp":"1696780740","value":0.377655029296875},{"valueType":"DOUBLE","timestamp":"1696780680","value":0.3776702880859375},{"valueType":"DOUBLE","timestamp":"1696780620","value":0.3776397705078125},{"valueType":"DOUBLE","timestamp":"1696780560","value":0.3776702880859375},{"valueType":"DOUBLE","timestamp":"1696780500","value":0.3776397705078125},{"valueType":"DOUBLE","timestamp":"1696780440","value":0.3776702880859375},{"valueType":"DOUBLE","timestamp":"1696780380","value":0.3776397705078125},{"valueType":"DOUBLE","timestamp":"1696780320","value":0.377655029296875},{"valueType":"DOUBLE","timestamp":"1696780260","value":0.3776397705078125},{"valueType":"DOUBLE","timestamp":"1696780200","value":0.377655029296875},{"valueType":"DOUBLE","timestamp":"1696780140","value":0.3776397705078125},{"valueType":"DOUBLE","timestamp":"1696780080","value":0.377655029296875},{"valueType":"DOUBLE","timestamp":"1696780020","value":0.3776702880859375},{"valueType":"DOUBLE","timestamp":"1696779960","value":0.3776702880859375},{"valueType":"DOUBLE","timestamp":"1696779900","value":0.37774658203125},{"valueType":"DOUBLE","timestamp":"1696779840","value":0.3776702880859375},{"valueType":"DOUBLE","timestamp":"1696779780","value":0.37774658203125},{"valueType":"DOUBLE","timestamp":"1696779720","value":0.37774658203125},{"valueType":"DOUBLE","timestamp":"1696779660","value":0.377777099609375},{"valueType":"DOUBLE","timestamp":"1696779600","value":0.3777008056640625},{"valueType":"DOUBLE","timestamp":"1696779540","value":0.3776702880859375},{"valueType":"DOUBLE","timestamp":"1696779480","value":0.37774658203125},{"valueType":"DOUBLE","timestamp":"1696779420","value":0.377655029296875},{"valueType":"DOUBLE","timestamp":"1696779360","value":0.3777008056640625},{"valueType":"DOUBLE","timestamp":"1696779300","value":0.3776702880859375},{"valueType":"DOUBLE","timestamp":"1696779240","value":0.3776702880859375},{"valueType":"DOUBLE","timestamp":"1696779180","value":0.377655029296875},{"valueType":"DOUBLE","timestamp":"1696779120","value":0.3777008056640625},{"valueType":"DOUBLE","timestamp":"1696779060","value":0.3777313232421875},{"valueType":"DOUBLE","timestamp":"1696779000","value":0.377777099609375},{"valueType":"DOUBLE","timestamp":"1696778940","value":0.3776702880859375},{"valueType":"DOUBLE","timestamp":"1696778880","value":0.3777923583984375},{"valueType":"DOUBLE","timestamp":"1696778820","value":0.3777313232421875},{"valueType":"DOUBLE","timestamp":"1696778760","value":0.3777313232421875},{"valueType":"DOUBLE","timestamp":"1696778700","value":0.3776702880859375},{"valueType":"DOUBLE","timestamp":"1696778640","value":0.377655029296875},{"valueType":"DOUBLE","timestamp":"1696778580","value":0.377777099609375},{"valueType":"DOUBLE","timestamp":"1696778520","value":0.377716064453125},{"valueType":"DOUBLE","timestamp":"1696778460","value":0.377655029296875},{"valueType":"DOUBLE","timestamp":"1696778400","value":0.3776702880859375},{"valueType":"DOUBLE","timestamp":"1696778340","value":0.377685546875},{"valueType":"DOUBLE","timestamp":"1696778280","value":0.3781585693359375},{"valueType":"DOUBLE","timestamp":"1696778220","value":0.3776702880859375},{"valueType":"DOUBLE","timestamp":"1696778160","value":0.377685546875},{"valueType":"DOUBLE","timestamp":"1696778100","value":0.377685546875},{"valueType":"DOUBLE","timestamp":"1696778040","value":0.3777008056640625},{"valueType":"DOUBLE","timestamp":"1696777980","value":0.3776702880859375},{"valueType":"DOUBLE","timestamp":"1696777920","value":0.3776397705078125},{"valueType":"DOUBLE","timestamp":"1696777860","value":0.3777618408203125},{"valueType":"DOUBLE","timestamp":"1696777800","value":0.3777313232421875},{"valueType":"DOUBLE","timestamp":"1696777740","value":0.3776702880859375},{"valueType":"DOUBLE","timestamp":"1696777680","value":0.377655029296875},{"valueType":"DOUBLE","timestamp":"1696777620","value":0.377655029296875},{"valueType":"DOUBLE","timestamp":"1696777560","value":0.3777313232421875},{"valueType":"DOUBLE","timestamp":"1696777500","value":0.3776397705078125},{"valueType":"DOUBLE","timestamp":"1696777440","value":0.3777008056640625},{"valueType":"DOUBLE","timestamp":"1696777380","value":0.377655029296875},{"valueType":"DOUBLE","timestamp":"1696777320","value":0.3776702880859375},{"valueType":"DOUBLE","timestamp":"1696777260","value":0.3776397705078125},{"valueType":"DOUBLE","timestamp":"1696777200","value":0.3777008056640625},{"valueType":"DOUBLE","timestamp":"1696777140","value":0.3776397705078125},{"valueType":"DOUBLE","timestamp":"1696777080","value":0.3777008056640625},{"valueType":"DOUBLE","timestamp":"1696777020","value":0.377685546875},{"valueType":"DOUBLE","timestamp":"1696776960","value":0.377655029296875},{"valueType":"DOUBLE","timestamp":"1696776900","value":0.377655029296875},{"valueType":"DOUBLE","timestamp":"1696776840","value":0.3776702880859375},{"valueType":"DOUBLE","timestamp":"1696776780","value":0.3776702880859375},{"valueType":"DOUBLE","timestamp":"1696776720","value":0.377685546875},{"valueType":"DOUBLE","timestamp":"1696776660","value":0.3776397705078125},{"valueType":"DOUBLE","timestamp":"1696776600","value":0.3777313232421875},{"valueType":"DOUBLE","timestamp":"1696776540","value":0.37774658203125},{"valueType":"DOUBLE","timestamp":"1696776480","value":0.377716064453125},{"valueType":"DOUBLE","timestamp":"1696776420","value":0.3776702880859375},{"valueType":"DOUBLE","timestamp":"1696776360","value":0.37823486328125},{"valueType":"DOUBLE","timestamp":"1696776300","value":0.3777313232421875},{"valueType":"DOUBLE","timestamp":"1696776240","value":0.377685546875},{"valueType":"DOUBLE","timestamp":"1696776180","value":0.3777313232421875},{"valueType":"DOUBLE","timestamp":"1696776120","value":0.377655029296875},{"valueType":"DOUBLE","timestamp":"1696776060","value":0.377685546875},{"valueType":"DOUBLE","timestamp":"1696776000","value":0.377716064453125},{"valueType":"DOUBLE","timestamp":"1696775940","value":0.3777008056640625},{"valueType":"DOUBLE","timestamp":"1696775880","value":0.3776702880859375},{"valueType":"DOUBLE","timestamp":"1696775820","value":0.3776702880859375},{"valueType":"DOUBLE","timestamp":"1696775760","value":0.3776397705078125},{"valueType":"DOUBLE","timestamp":"1696775700","value":0.3777313232421875},{"valueType":"DOUBLE","timestamp":"1696775640","value":0.3776702880859375},{"valueType":"DOUBLE","timestamp":"1696775580","value":0.3777313232421875},{"valueType":"DOUBLE","timestamp":"1696775520","value":0.377685546875},{"valueType":"DOUBLE","timestamp":"1696775460","value":0.377716064453125},{"valueType":"DOUBLE","timestamp":"1696775400","value":0.3776702880859375},{"valueType":"DOUBLE","timestamp":"1696775340","value":0.377655029296875},{"valueType":"DOUBLE","timestamp":"1696775280","value":0.3777008056640625},{"valueType":"DOUBLE","timestamp":"1696775220","value":0.3782196044921875},{"valueType":"DOUBLE","timestamp":"1696775160","value":0.377685546875},{"valueType":"DOUBLE","timestamp":"1696775100","value":0.377716064453125},{"valueType":"DOUBLE","timestamp":"1696775040","value":0.3777313232421875},{"valueType":"DOUBLE","timestamp":"1696774980","value":0.3777008056640625},{"valueType":"DOUBLE","timestamp":"1696774920","value":0.3777008056640625},{"valueType":"DOUBLE","timestamp":"1696774860","value":0.3776702880859375},{"valueType":"DOUBLE","timestamp":"1696774800","value":0.3777313232421875},{"valueType":"DOUBLE","timestamp":"1696774740","value":0.37774658203125},{"valueType":"DOUBLE","timestamp":"1696774680","value":0.3776702880859375},{"valueType":"DOUBLE","timestamp":"1696774620","value":0.37774658203125},{"valueType":"DOUBLE","timestamp":"1696774560","value":0.37774658203125},{"valueType":"DOUBLE","timestamp":"1696774500","value":0.3781280517578125},{"valueType":"DOUBLE","timestamp":"1696774440","value":0.377655029296875},{"valueType":"DOUBLE","timestamp":"1696774380","value":0.377685546875},{"valueType":"DOUBLE","timestamp":"1696774320","value":0.377685546875},{"valueType":"DOUBLE","timestamp":"1696774260","value":0.37823486328125},{"valueType":"DOUBLE","timestamp":"1696774200","value":0.377685546875},{"valueType":"DOUBLE","timestamp":"1696774140","value":0.377716064453125},{"valueType":"DOUBLE","timestamp":"1696774080","value":0.3776702880859375},{"valueType":"DOUBLE","timestamp":"1696774020","value":0.377685546875},{"valueType":"DOUBLE","timestamp":"1696773960","value":0.3777008056640625},{"valueType":"DOUBLE","timestamp":"1696773900","value":0.3777008056640625},{"valueType":"DOUBLE","timestamp":"1696773840","value":0.377685546875},{"valueType":"DOUBLE","timestamp":"1696773780","value":0.377685546875},{"valueType":"DOUBLE","timestamp":"1696773720","value":0.3776702880859375},{"valueType":"DOUBLE","timestamp":"1696773660","value":0.377655029296875},{"valueType":"DOUBLE","timestamp":"1696773600","value":0.3782196044921875},{"valueType":"DOUBLE","timestamp":"1696773540","value":0.377685546875},{"valueType":"DOUBLE","timestamp":"1696773480","value":0.3776702880859375},{"valueType":"DOUBLE","timestamp":"1696773420","value":0.3776702880859375},{"valueType":"DOUBLE","timestamp":"1696773360","value":0.3777313232421875},{"valueType":"DOUBLE","timestamp":"1696773300","value":0.37774658203125},{"valueType":"DOUBLE","timestamp":"1696773240","value":0.377716064453125},{"valueType":"DOUBLE","timestamp":"1696773180","value":0.3776702880859375},{"valueType":"DOUBLE","timestamp":"1696773120","value":0.3776702880859375},{"valueType":"DOUBLE","timestamp":"1696773060","value":0.377655029296875},{"valueType":"DOUBLE","timestamp":"1696773000","value":0.377716064453125},{"valueType":"DOUBLE","timestamp":"1696772940","value":0.3777313232421875},{"valueType":"DOUBLE","timestamp":"1696772880","value":0.3776702880859375},{"valueType":"DOUBLE","timestamp":"1696772820","value":0.3776702880859375},{"valueType":"DOUBLE","timestamp":"1696772760","value":0.3776702880859375},{"valueType":"DOUBLE","timestamp":"1696772700","value":0.3776702880859375},{"valueType":"DOUBLE","timestamp":"1696772640","value":0.377716064453125},{"valueType":"DOUBLE","timestamp":"1696772580","value":0.3777008056640625},{"valueType":"DOUBLE","timestamp":"1696772520","value":0.377655029296875},{"valueType":"DOUBLE","timestamp":"1696772460","value":0.3777313232421875},{"valueType":"DOUBLE","timestamp":"1696772400","value":0.377655029296875},{"valueType":"DOUBLE","timestamp":"1696772340","value":0.377685546875},{"valueType":"DOUBLE","timestamp":"1696772280","value":0.3777313232421875},{"valueType":"DOUBLE","timestamp":"1696772220","value":0.3777008056640625},{"valueType":"DOUBLE","timestamp":"1696772160","value":0.3777008056640625},{"valueType":"DOUBLE","timestamp":"1696772100","value":0.3776702880859375},{"valueType":"DOUBLE","timestamp":"1696772040","value":0.3776397705078125},{"valueType":"DOUBLE","timestamp":"1696771980","value":0.3777008056640625},{"valueType":"DOUBLE","timestamp":"1696771920","value":0.3777008056640625},{"valueType":"DOUBLE","timestamp":"1696771860","value":0.3777618408203125},{"valueType":"DOUBLE","timestamp":"1696771800","value":0.3777008056640625},{"valueType":"DOUBLE","timestamp":"1696771740","value":0.3777313232421875},{"valueType":"DOUBLE","timestamp":"1696771680","value":0.3781585693359375},{"valueType":"DOUBLE","timestamp":"1696771620","value":0.3777008056640625},{"valueType":"DOUBLE","timestamp":"1696771560","value":0.37774658203125},{"valueType":"DOUBLE","timestamp":"1696771500","value":0.377685546875},{"valueType":"DOUBLE","timestamp":"1696771440","value":0.377777099609375},{"valueType":"DOUBLE","timestamp":"1696771380","value":0.377777099609375},{"valueType":"DOUBLE","timestamp":"1696771320","value":0.3776702880859375},{"valueType":"DOUBLE","timestamp":"1696771260","value":0.3777923583984375},{"valueType":"DOUBLE","timestamp":"1696771200","value":0.377685546875},{"valueType":"DOUBLE","timestamp":"1696771140","value":0.3777313232421875},{"valueType":"DOUBLE","timestamp":"1696771080","value":0.377655029296875},{"valueType":"DOUBLE","timestamp":"1696771020","value":0.377777099609375},{"valueType":"DOUBLE","timestamp":"1696770960","value":0.3777923583984375},{"valueType":"DOUBLE","timestamp":"1696770900","value":0.3777313232421875},{"valueType":"DOUBLE","timestamp":"1696770840","value":0.3777008056640625},{"valueType":"DOUBLE","timestamp":"1696770780","value":0.377716064453125},{"valueType":"DOUBLE","timestamp":"1696770720","value":0.377685546875},{"valueType":"DOUBLE","timestamp":"1696770660","value":0.3777008056640625},{"valueType":"DOUBLE","timestamp":"1696770600","value":0.377777099609375},{"valueType":"DOUBLE","timestamp":"1696770540","value":0.37774658203125},{"valueType":"DOUBLE","timestamp":"1696770480","value":0.377716064453125},{"valueType":"DOUBLE","timestamp":"1696770420","value":0.3777313232421875},{"valueType":"DOUBLE","timestamp":"1696770360","value":0.3778076171875},{"valueType":"DOUBLE","timestamp":"1696770300","value":0.378204345703125},{"valueType":"DOUBLE","timestamp":"1696770240","value":0.3776092529296875},{"valueType":"DOUBLE","timestamp":"1696770180","value":0.3776397705078125},{"valueType":"DOUBLE","timestamp":"1696770120","value":0.3777008056640625},{"valueType":"DOUBLE","timestamp":"1696770060","value":0.377655029296875},{"valueType":"DOUBLE","timestamp":"1696770000","value":0.377716064453125},{"valueType":"DOUBLE","timestamp":"1696769940","value":0.37811279296875},{"valueType":"DOUBLE","timestamp":"1696769880","value":0.3776702880859375},{"valueType":"DOUBLE","timestamp":"1696769820","value":0.37762451171875},{"valueType":"DOUBLE","timestamp":"1696769760","value":0.3776397705078125},{"valueType":"DOUBLE","timestamp":"1696769700","value":0.377655029296875},{"valueType":"DOUBLE","timestamp":"1696769640","value":0.3777313232421875},{"valueType":"DOUBLE","timestamp":"1696769580","value":0.377685546875},{"valueType":"DOUBLE","timestamp":"1696769520","value":0.377716064453125},{"valueType":"DOUBLE","timestamp":"1696769460","value":0.377685546875},{"valueType":"DOUBLE","timestamp":"1696769400","value":0.3777313232421875},{"valueType":"DOUBLE","timestamp":"1696769340","value":0.3780975341796875},{"valueType":"DOUBLE","timestamp":"1696769280","value":0.3776092529296875},{"valueType":"DOUBLE","timestamp":"1696769220","value":0.3777618408203125},{"valueType":"DOUBLE","timestamp":"1696769160","value":0.378143310546875},{"valueType":"DOUBLE","timestamp":"1696769100","value":0.3777923583984375},{"valueType":"DOUBLE","timestamp":"1696769040","value":0.378143310546875},{"valueType":"DOUBLE","timestamp":"1696768980","value":0.37774658203125},{"valueType":"DOUBLE","timestamp":"1696768920","value":0.37811279296875},{"valueType":"DOUBLE","timestamp":"1696768860","value":0.37774658203125},{"valueType":"DOUBLE","timestamp":"1696768800","value":0.3776702880859375},{"valueType":"DOUBLE","timestamp":"1696768740","value":0.377716064453125},{"valueType":"DOUBLE","timestamp":"1696768680","value":0.3777618408203125},{"valueType":"DOUBLE","timestamp":"1696768620","value":0.377716064453125},{"valueType":"DOUBLE","timestamp":"1696768560","value":0.3777313232421875}]}