{"podName":"userservice-cd5ddb4bb-nqdww","containerName":"userservice","nodeName":null,"metricType":"kubernetes.io/container/restart_count","metrics":[{"valueType":"INT64","timestamp":"1696785201"},{"valueType":"INT64","timestamp":"1696785141"},{"valueType":"INT64","timestamp":"1696785081"},{"valueType":"INT64","timestamp":"1696785021"},{"valueType":"INT64","timestamp":"1696784961"},{"valueType":"INT64","timestamp":"1696784901"},{"valueType":"INT64","timestamp":"1696784841"},{"valueType":"INT64","timestamp":"1696784781"},{"valueType":"INT64","timestamp":"1696784721"},{"valueType":"INT64","timestamp":"1696784661"},{"valueType":"INT64","timestamp":"1696784601"},{"valueType":"INT64","timestamp":"1696784541"},{"valueType":"INT64","timestamp":"1696784481"},{"valueType":"INT64","timestamp":"1696784421"},{"valueType":"INT64","timestamp":"1696784361"},{"valueType":"INT64","timestamp":"1696784301"},{"valueType":"INT64","timestamp":"1696784241"},{"valueType":"INT64","timestamp":"1696784181"},{"valueType":"INT64","timestamp":"1696784121"},{"valueType":"INT64","timestamp":"1696784061"},{"valueType":"INT64","timestamp":"1696784001"},{"valueType":"INT64","timestamp":"1696783941"},{"valueType":"INT64","timestamp":"1696783881"},{"valueType":"INT64","timestamp":"1696783821"},{"valueType":"INT64","timestamp":"1696783761"},{"valueType":"INT64","timestamp":"1696783701"},{"valueType":"INT64","timestamp":"1696783641"},{"valueType":"INT64","timestamp":"1696783581"},{"valueType":"INT64","timestamp":"1696783521"},{"valueType":"INT64","timestamp":"1696783461"},{"valueType":"INT64","timestamp":"1696783401"},{"valueType":"INT64","timestamp":"1696783341"},{"valueType":"INT64","timestamp":"1696783281"},{"valueType":"INT64","timestamp":"1696783221"},{"valueType":"INT64","timestamp":"1696783161"},{"valueType":"INT64","timestamp":"1696783101"},{"valueType":"INT64","timestamp":"1696783041"},{"valueType":"INT64","timestamp":"1696782981"},{"valueType":"INT64","timestamp":"1696782921"},{"valueType":"INT64","timestamp":"1696782861"},{"valueType":"INT64","timestamp":"1696782801"},{"valueType":"INT64","timestamp":"1696782741"},{"valueType":"INT64","timestamp":"1696782681"},{"valueType":"INT64","timestamp":"1696782621"},{"valueType":"INT64","timestamp":"1696782561"},{"valueType":"INT64","timestamp":"1696782501"},{"valueType":"INT64","timestamp":"1696782441"},{"valueType":"INT64","timestamp":"1696782381"},{"valueType":"INT64","timestamp":"1696782321"},{"valueType":"INT64","timestamp":"1696782261"},{"valueType":"INT64","timestamp":"1696782201"},{"valueType":"INT64","timestamp":"1696782141"},{"valueType":"INT64","timestamp":"1696782081"},{"valueType":"INT64","timestamp":"1696782021"},{"valueType":"INT64","timestamp":"1696781961"},{"valueType":"INT64","timestamp":"1696781901"},{"valueType":"INT64","timestamp":"1696781841"},{"valueType":"INT64","timestamp":"1696781781"},{"valueType":"INT64","timestamp":"1696781721"},{"valueType":"INT64","timestamp":"1696781661"},{"valueType":"INT64","timestamp":"1696781601"},{"valueType":"INT64","timestamp":"1696781541"},{"valueType":"INT64","timestamp":"1696781481"},{"valueType":"INT64","timestamp":"1696781421"},{"valueType":"INT64","timestamp":"1696781361"},{"valueType":"INT64","timestamp":"1696781301"},{"valueType":"INT64","timestamp":"1696781241"},{"valueType":"INT64","timestamp":"1696781181"},{"valueType":"INT64","timestamp":"1696781121"},{"valueType":"INT64","timestamp":"1696781061"},{"valueType":"INT64","timestamp":"1696781001"},{"valueType":"INT64","timestamp":"1696780941"},{"valueType":"INT64","timestamp":"1696780881"},{"valueType":"INT64","timestamp":"1696780821"},{"valueType":"INT64","timestamp":"1696780761"},{"valueType":"INT64","timestamp":"1696780701"},{"valueType":"INT64","timestamp":"1696780641"},{"valueType":"INT64","timestamp":"1696780581"},{"valueType":"INT64","timestamp":"1696780521"},{"valueType":"INT64","timestamp":"1696780461"},{"valueType":"INT64","timestamp":"1696780401"},{"valueType":"INT64","timestamp":"1696780341"},{"valueType":"INT64","timestamp":"1696780281"},{"valueType":"INT64","timestamp":"1696780221"},{"valueType":"INT64","timestamp":"1696780161"},{"valueType":"INT64","timestamp":"1696780101"},{"valueType":"INT64","timestamp":"1696780041"},{"valueType":"INT64","timestamp":"1696779981"},{"valueType":"INT64","timestamp":"1696779921"},{"valueType":"INT64","timestamp":"1696779861"},{"valueType":"INT64","timestamp":"1696779801"},{"valueType":"INT64","timestamp":"1696779741"},{"valueType":"INT64","timestamp":"1696779681"},{"valueType":"INT64","timestamp":"1696779621"},{"valueType":"INT64","timestamp":"1696779561"},{"valueType":"INT64","timestamp":"1696779501"},{"valueType":"INT64","timestamp":"1696779441"},{"valueType":"INT64","timestamp":"1696779381"},{"valueType":"INT64","timestamp":"1696779321"},{"valueType":"INT64","timestamp":"1696779261"},{"valueType":"INT64","timestamp":"1696779201"},{"valueType":"INT64","timestamp":"1696779141"},{"valueType":"INT64","timestamp":"1696779081"},{"valueType":"INT64","timestamp":"1696779021"},{"valueType":"INT64","timestamp":"1696778961"},{"valueType":"INT64","timestamp":"1696778901"},{"valueType":"INT64","timestamp":"1696778841"},{"valueType":"INT64","timestamp":"1696778781"},{"valueType":"INT64","timestamp":"1696778721"},{"valueType":"INT64","timestamp":"1696778661"},{"valueType":"INT64","timestamp":"1696778601"},{"valueType":"INT64","timestamp":"1696778541"},{"valueType":"INT64","timestamp":"1696778481"},{"valueType":"INT64","timestamp":"1696778421"},{"valueType":"INT64","timestamp":"1696778361"},{"valueType":"INT64","timestamp":"1696778301"},{"valueType":"INT64","timestamp":"1696778241"},{"valueType":"INT64","timestamp":"1696778181"},{"valueType":"INT64","timestamp":"1696778121"},{"valueType":"INT64","timestamp":"1696778061"},{"valueType":"INT64","timestamp":"1696778001"},{"valueType":"INT64","timestamp":"1696777941"},{"valueType":"INT64","timestamp":"1696777881"},{"valueType":"INT64","timestamp":"1696777821"},{"valueType":"INT64","timestamp":"1696777761"},{"valueType":"INT64","timestamp":"1696777701"},{"valueType":"INT64","timestamp":"1696777641"},{"valueType":"INT64","timestamp":"1696777581"},{"valueType":"INT64","timestamp":"1696777521"},{"valueType":"INT64","timestamp":"1696777461"},{"valueType":"INT64","timestamp":"1696777401"},{"valueType":"INT64","timestamp":"1696777341"},{"valueType":"INT64","timestamp":"1696777281"},{"valueType":"INT64","timestamp":"1696777221"},{"valueType":"INT64","timestamp":"1696777161"},{"valueType":"INT64","timestamp":"1696777101"},{"valueType":"INT64","timestamp":"1696777041"},{"valueType":"INT64","timestamp":"1696776981"},{"valueType":"INT64","timestamp":"1696776921"},{"valueType":"INT64","timestamp":"1696776861"},{"valueType":"INT64","timestamp":"1696776801"},{"valueType":"INT64","timestamp":"1696776741"},{"valueType":"INT64","timestamp":"1696776681"},{"valueType":"INT64","timestamp":"1696776621"},{"valueType":"INT64","timestamp":"1696776561"},{"valueType":"INT64","timestamp":"1696776501"},{"valueType":"INT64","timestamp":"1696776441"},{"valueType":"INT64","timestamp":"1696776381"},{"valueType":"INT64","timestamp":"1696776321"},{"valueType":"INT64","timestamp":"1696776261"},{"valueType":"INT64","timestamp":"1696776201"},{"valueType":"INT64","timestamp":"1696776141"},{"valueType":"INT64","timestamp":"1696776081"},{"valueType":"INT64","timestamp":"1696776021"},{"valueType":"INT64","timestamp":"1696775961"},{"valueType":"INT64","timestamp":"1696775901"},{"valueType":"INT64","timestamp":"1696775841"},{"valueType":"INT64","timestamp":"1696775781"},{"valueType":"INT64","timestamp":"1696775721"},{"valueType":"INT64","timestamp":"1696775661"},{"valueType":"INT64","timestamp":"1696775601"},{"valueType":"INT64","timestamp":"1696775541"},{"valueType":"INT64","timestamp":"1696775481"},{"valueType":"INT64","timestamp":"1696775421"},{"valueType":"INT64","timestamp":"1696775361"},{"valueType":"INT64","timestamp":"1696775301"},{"valueType":"INT64","timestamp":"1696775241"},{"valueType":"INT64","timestamp":"1696775181"},{"valueType":"INT64","timestamp":"1696775121"},{"valueType":"INT64","timestamp":"1696775061"},{"valueType":"INT64","timestamp":"1696775001"},{"valueType":"INT64","timestamp":"1696774941"},{"valueType":"INT64","timestamp":"1696774881"},{"valueType":"INT64","timestamp":"1696774821"},{"valueType":"INT64","timestamp":"1696774761"},{"valueType":"INT64","timestamp":"1696774701"},{"valueType":"INT64","timestamp":"1696774641"},{"valueType":"INT64","timestamp":"1696774581"},{"valueType":"INT64","timestamp":"1696774521"},{"valueType":"INT64","timestamp":"1696774461"},{"valueType":"INT64","timestamp":"1696774401"},{"valueType":"INT64","timestamp":"1696774341"},{"valueType":"INT64","timestamp":"1696774281"},{"valueType":"INT64","timestamp":"1696774221"},{"valueType":"INT64","timestamp":"1696774161"},{"valueType":"INT64","timestamp":"1696774101"},{"valueType":"INT64","timestamp":"1696774041"},{"valueType":"INT64","timestamp":"1696773981"},{"valueType":"INT64","timestamp":"1696773921"},{"valueType":"INT64","timestamp":"1696773861"},{"valueType":"INT64","timestamp":"1696773801"},{"valueType":"INT64","timestamp":"1696773741"},{"valueType":"INT64","timestamp":"1696773681"},{"valueType":"INT64","timestamp":"1696773621"},{"valueType":"INT64","timestamp":"1696773561"},{"valueType":"INT64","timestamp":"1696773501"},{"valueType":"INT64","timestamp":"1696773441"},{"valueType":"INT64","timestamp":"1696773381"},{"valueType":"INT64","timestamp":"1696773321"},{"valueType":"INT64","timestamp":"1696773261"},{"valueType":"INT64","timestamp":"1696773201"},{"valueType":"INT64","timestamp":"1696773141"},{"valueType":"INT64","timestamp":"1696773081"},{"valueType":"INT64","timestamp":"1696773021"},{"valueType":"INT64","timestamp":"1696772961"},{"valueType":"INT64","timestamp":"1696772901"},{"valueType":"INT64","timestamp":"1696772841"},{"valueType":"INT64","timestamp":"1696772781"},{"valueType":"INT64","timestamp":"1696772721"},{"valueType":"INT64","timestamp":"1696772661"},{"valueType":"INT64","timestamp":"1696772601"},{"valueType":"INT64","timestamp":"1696772541"},{"valueType":"INT64","timestamp":"1696772481"},{"valueType":"INT64","timestamp":"1696772421"},{"valueType":"INT64","timestamp":"1696772361"},{"valueType":"INT64","timestamp":"1696772301"},{"valueType":"INT64","timestamp":"1696772241"},{"valueType":"INT64","timestamp":"1696772181"},{"valueType":"INT64","timestamp":"1696772121"},{"valueType":"INT64","timestamp":"1696772061"},{"valueType":"INT64","timestamp":"1696772001"},{"valueType":"INT64","timestamp":"1696771941"},{"valueType":"INT64","timestamp":"1696771881"},{"valueType":"INT64","timestamp":"1696771821"},{"valueType":"INT64","timestamp":"1696771761"},{"valueType":"INT64","timestamp":"1696771701"},{"valueType":"INT64","timestamp":"1696771641"},{"valueType":"INT64","timestamp":"1696771581"},{"valueType":"INT64","timestamp":"1696771521"},{"valueType":"INT64","timestamp":"1696771461"},{"valueType":"INT64","timestamp":"1696771401"},{"valueType":"INT64","timestamp":"1696771341"},{"valueType":"INT64","timestamp":"1696771281"},{"valueType":"INT64","timestamp":"1696771221"},{"valueType":"INT64","timestamp":"1696771161"},{"valueType":"INT64","timestamp":"1696771101"},{"valueType":"INT64","timestamp":"1696771041"},{"valueType":"INT64","timestamp":"1696770981"},{"valueType":"INT64","timestamp":"1696770921"},{"valueType":"INT64","timestamp":"1696770861"},{"valueType":"INT64","timestamp":"1696770801"},{"valueType":"INT64","timestamp":"1696770741"},{"valueType":"INT64","timestamp":"1696770681"},{"valueType":"INT64","timestamp":"1696770621"},{"valueType":"INT64","timestamp":"1696770561"},{"valueType":"INT64","timestamp":"1696770501"},{"valueType":"INT64","timestamp":"1696770441"},{"valueType":"INT64","timestamp":"1696770381"},{"valueType":"INT64","timestamp":"1696770321"},{"valueType":"INT64","timestamp":"1696770261"},{"valueType":"INT64","timestamp":"1696770201"},{"valueType":"INT64","timestamp":"1696770141"},{"valueType":"INT64","timestamp":"1696770081"},{"valueType":"INT64","timestamp":"1696770021"},{"valueType":"INT64","timestamp":"1696769961"},{"valueType":"INT64","timestamp":"1696769901"},{"valueType":"INT64","timestamp":"1696769841"},{"valueType":"INT64","timestamp":"1696769781"},{"valueType":"INT64","timestamp":"1696769721"},{"valueType":"INT64","timestamp":"1696769661"},{"valueType":"INT64","timestamp":"1696769601"},{"valueType":"INT64","timestamp":"1696769541"},{"valueType":"INT64","timestamp":"1696769481"},{"valueType":"INT64","timestamp":"1696769421"},{"valueType":"INT64","timestamp":"1696769361"},{"valueType":"INT64","timestamp":"1696769301"},{"valueType":"INT64","timestamp":"1696769241"},{"valueType":"INT64","timestamp":"1696769181"},{"valueType":"INT64","timestamp":"1696769121"},{"valueType":"INT64","timestamp":"1696769061"},{"valueType":"INT64","timestamp":"1696769001"},{"valueType":"INT64","timestamp":"1696768941"},{"valueType":"INT64","timestamp":"1696768881"},{"valueType":"INT64","timestamp":"1696768821"},{"valueType":"INT64","timestamp":"1696768761"},{"valueType":"INT64","timestamp":"1696768701"},{"valueType":"INT64","timestamp":"1696768641"},{"valueType":"INT64","timestamp":"1696768581"},{"valueType":"INT64","timestamp":"1696768521"},{"valueType":"INT64","timestamp":"1696785220"},{"valueType":"INT64","timestamp":"1696785160"},{"valueType":"INT64","timestamp":"1696785100"},{"valueType":"INT64","timestamp":"1696785040"},{"valueType":"INT64","timestamp":"1696784980"},{"valueType":"INT64","timestamp":"1696784920"},{"valueType":"INT64","timestamp":"1696784860"},{"valueType":"INT64","timestamp":"1696784800"},{"valueType":"INT64","timestamp":"1696784740"},{"valueType":"INT64","timestamp":"1696784680"},{"valueType":"INT64","timestamp":"1696784620"},{"valueType":"INT64","timestamp":"1696784560"},{"valueType":"INT64","timestamp":"1696784500"},{"valueType":"INT64","timestamp":"1696784440"},{"valueType":"INT64","timestamp":"1696784380"},{"valueType":"INT64","timestamp":"1696784320"},{"valueType":"INT64","timestamp":"1696784260"},{"valueType":"INT64","timestamp":"1696784200"},{"valueType":"INT64","timestamp":"1696784140"},{"valueType":"INT64","timestamp":"1696784080"},{"valueType":"INT64","timestamp":"1696784020"},{"valueType":"INT64","timestamp":"1696783960"},{"valueType":"INT64","timestamp":"1696783900"},{"valueType":"INT64","timestamp":"1696783840"},{"valueType":"INT64","timestamp":"1696783780"},{"valueType":"INT64","timestamp":"1696783720"},{"valueType":"INT64","timestamp":"1696783660"},{"valueType":"INT64","timestamp":"1696783600"},{"valueType":"INT64","timestamp":"1696783540"},{"valueType":"INT64","timestamp":"1696783480"},{"valueType":"INT64","timestamp":"1696783420"},{"valueType":"INT64","timestamp":"1696783360"},{"valueType":"INT64","timestamp":"1696783300"},{"valueType":"INT64","timestamp":"1696783240"},{"valueType":"INT64","timestamp":"1696783180"},{"valueType":"INT64","timestamp":"1696783120"},{"valueType":"INT64","timestamp":"1696783060"},{"valueType":"INT64","timestamp":"1696783000"},{"valueType":"INT64","timestamp":"1696782940"},{"valueType":"INT64","timestamp":"1696782880"},{"valueType":"INT64","timestamp":"1696782820"},{"valueType":"INT64","timestamp":"1696782760"},{"valueType":"INT64","timestamp":"1696782700"},{"valueType":"INT64","timestamp":"1696782640"},{"valueType":"INT64","timestamp":"1696782580"},{"valueType":"INT64","timestamp":"1696782520"},{"valueType":"INT64","timestamp":"1696782460"},{"valueType":"INT64","timestamp":"1696782400"},{"valueType":"INT64","timestamp":"1696782340"},{"valueType":"INT64","timestamp":"1696782280"},{"valueType":"INT64","timestamp":"1696782220"},{"valueType":"INT64","timestamp":"1696782160"},{"valueType":"INT64","timestamp":"1696782100"},{"valueType":"INT64","timestamp":"1696782040"},{"valueType":"INT64","timestamp":"1696781980"},{"valueType":"INT64","timestamp":"1696781920"},{"valueType":"INT64","timestamp":"1696781860"},{"valueType":"INT64","timestamp":"1696781800"},{"valueType":"INT64","timestamp":"1696781740"},{"valueType":"INT64","timestamp":"1696781680"},{"valueType":"INT64","timestamp":"1696781620"},{"valueType":"INT64","timestamp":"1696781560"},{"valueType":"INT64","timestamp":"1696781500"},{"valueType":"INT64","timestamp":"1696781440"},{"valueType":"INT64","timestamp":"1696781380"},{"valueType":"INT64","timestamp":"1696781320"},{"valueType":"INT64","timestamp":"1696781260"},{"valueType":"INT64","timestamp":"1696781200"},{"valueType":"INT64","timestamp":"1696781140"},{"valueType":"INT64","timestamp":"1696781080"},{"valueType":"INT64","timestamp":"1696781020"},{"valueType":"INT64","timestamp":"1696780960"},{"valueType":"INT64","timestamp":"1696780900"},{"valueType":"INT64","timestamp":"1696780840"},{"valueType":"INT64","timestamp":"1696780780"},{"valueType":"INT64","timestamp":"1696780720"},{"valueType":"INT64","timestamp":"1696780660"},{"valueType":"INT64","timestamp":"1696780600"},{"valueType":"INT64","timestamp":"1696780540"},{"valueType":"INT64","timestamp":"1696780480"},{"valueType":"INT64","timestamp":"1696780420"},{"valueType":"INT64","timestamp":"1696780360"},{"valueType":"INT64","timestamp":"1696780300"},{"valueType":"INT64","timestamp":"1696780240"},{"valueType":"INT64","timestamp":"1696780180"},{"valueType":"INT64","timestamp":"1696780120"},{"valueType":"INT64","timestamp":"1696780060"},{"valueType":"INT64","timestamp":"1696780000"},{"valueType":"INT64","timestamp":"1696779940"},{"valueType":"INT64","timestamp":"1696779880"},{"valueType":"INT64","timestamp":"1696779820"},{"valueType":"INT64","timestamp":"1696779760"},{"valueType":"INT64","timestamp":"1696779700"},{"valueType":"INT64","timestamp":"1696779640"},{"valueType":"INT64","timestamp":"1696779580"},{"valueType":"INT64","timestamp":"1696779520"},{"valueType":"INT64","timestamp":"1696779460"},{"valueType":"INT64","timestamp":"1696779400"},{"valueType":"INT64","timestamp":"1696779340"},{"valueType":"INT64","timestamp":"1696779280"},{"valueType":"INT64","timestamp":"1696779220"},{"valueType":"INT64","timestamp":"1696779160"},{"valueType":"INT64","timestamp":"1696779100"},{"valueType":"INT64","timestamp":"1696779040"},{"valueType":"INT64","timestamp":"1696778980"},{"valueType":"INT64","timestamp":"1696778920"},{"valueType":"INT64","timestamp":"1696778860"},{"valueType":"INT64","timestamp":"1696778800"},{"valueType":"INT64","timestamp":"1696778740"},{"valueType":"INT64","timestamp":"1696778680"},{"valueType":"INT64","timestamp":"1696778620"},{"valueType":"INT64","timestamp":"1696778560"},{"valueType":"INT64","timestamp":"1696778500"},{"valueType":"INT64","timestamp":"1696778440"},{"valueType":"INT64","timestamp":"1696778380"},{"valueType":"INT64","timestamp":"1696778320"},{"valueType":"INT64","timestamp":"1696778260"},{"valueType":"INT64","timestamp":"1696778200"},{"valueType":"INT64","timestamp":"1696778140"},{"valueType":"INT64","timestamp":"1696778080"},{"valueType":"INT64","timestamp":"1696778020"},{"valueType":"INT64","timestamp":"1696777960"},{"valueType":"INT64","timestamp":"1696777900"},{"valueType":"INT64","timestamp":"1696777840"},{"valueType":"INT64","timestamp":"1696777780"},{"valueType":"INT64","timestamp":"1696777720"},{"valueType":"INT64","timestamp":"1696777660"},{"valueType":"INT64","timestamp":"1696777600"},{"valueType":"INT64","timestamp":"1696777540"},{"valueType":"INT64","timestamp":"1696777480"},{"valueType":"INT64","timestamp":"1696777420"},{"valueType":"INT64","timestamp":"1696777360"},{"valueType":"INT64","timestamp":"1696777300"},{"valueType":"INT64","timestamp":"1696777240"},{"valueType":"INT64","timestamp":"1696777180"},{"valueType":"INT64","timestamp":"1696777120"},{"valueType":"INT64","timestamp":"1696777060"},{"valueType":"INT64","timestamp":"1696777000"},{"valueType":"INT64","timestamp":"1696776940"},{"valueType":"INT64","timestamp":"1696776880"},{"valueType":"INT64","timestamp":"1696776820"},{"valueType":"INT64","timestamp":"1696776760"},{"valueType":"INT64","timestamp":"1696776700"},{"valueType":"INT64","timestamp":"1696776640"},{"valueType":"INT64","timestamp":"1696776580"},{"valueType":"INT64","timestamp":"1696776520"},{"valueType":"INT64","timestamp":"1696776460"},{"valueType":"INT64","timestamp":"1696776400"},{"valueType":"INT64","timestamp":"1696776340"},{"valueType":"INT64","timestamp":"1696776280"},{"valueType":"INT64","timestamp":"1696776220"},{"valueType":"INT64","timestamp":"1696776160"},{"valueType":"INT64","timestamp":"1696776100"},{"valueType":"INT64","timestamp":"1696776040"},{"valueType":"INT64","timestamp":"1696775980"},{"valueType":"INT64","timestamp":"1696775920"},{"valueType":"INT64","timestamp":"1696775860"},{"valueType":"INT64","timestamp":"1696775800"},{"valueType":"INT64","timestamp":"1696775740"},{"valueType":"INT64","timestamp":"1696775680"},{"valueType":"INT64","timestamp":"1696775620"},{"valueType":"INT64","timestamp":"1696775560"},{"valueType":"INT64","timestamp":"1696775500"},{"valueType":"INT64","timestamp":"1696775440"},{"valueType":"INT64","timestamp":"1696775380"},{"valueType":"INT64","timestamp":"1696775320"},{"valueType":"INT64","timestamp":"1696775260"},{"valueType":"INT64","timestamp":"1696775200"},{"valueType":"INT64","timestamp":"1696775140"},{"valueType":"INT64","timestamp":"1696775080"},{"valueType":"INT64","timestamp":"1696775020"},{"valueType":"INT64","timestamp":"1696774960"},{"valueType":"INT64","timestamp":"1696774900"},{"valueType":"INT64","timestamp":"1696774840"},{"valueType":"INT64","timestamp":"1696774780"},{"valueType":"INT64","timestamp":"1696774720"},{"valueType":"INT64","timestamp":"1696774660"},{"valueType":"INT64","timestamp":"1696774600"},{"valueType":"INT64","timestamp":"1696774540"},{"valueType":"INT64","timestamp":"1696774480"},{"valueType":"INT64","timestamp":"1696774420"},{"valueType":"INT64","timestamp":"1696774360"},{"valueType":"INT64","timestamp":"1696774300"},{"valueType":"INT64","timestamp":"1696774240"},{"valueType":"INT64","timestamp":"1696774180"},{"valueType":"INT64","timestamp":"1696774120"},{"valueType":"INT64","timestamp":"1696774060"},{"valueType":"INT64","timestamp":"1696774000"},{"valueType":"INT64","timestamp":"1696773940"},{"valueType":"INT64","timestamp":"1696773880"},{"valueType":"INT64","timestamp":"1696773820"},{"valueType":"INT64","timestamp":"1696773760"},{"valueType":"INT64","timestamp":"1696773700"},{"valueType":"INT64","timestamp":"1696773640"},{"valueType":"INT64","timestamp":"1696773580"},{"valueType":"INT64","timestamp":"1696773520"},{"valueType":"INT64","timestamp":"1696773460"},{"valueType":"INT64","timestamp":"1696773400"},{"valueType":"INT64","timestamp":"1696773340"},{"valueType":"INT64","timestamp":"1696773280"},{"valueType":"INT64","timestamp":"1696773220"},{"valueType":"INT64","timestamp":"1696773160"},{"valueType":"INT64","timestamp":"1696773100"},{"valueType":"INT64","timestamp":"1696773040"},{"valueType":"INT64","timestamp":"1696772980"},{"valueType":"INT64","timestamp":"1696772920"},{"valueType":"INT64","timestamp":"1696772860"},{"valueType":"INT64","timestamp":"1696772800"},{"valueType":"INT64","timestamp":"1696772740"},{"valueType":"INT64","timestamp":"1696772680"},{"valueType":"INT64","timestamp":"1696772620"},{"valueType":"INT64","timestamp":"1696772560"},{"valueType":"INT64","timestamp":"1696772500"},{"valueType":"INT64","timestamp":"1696772440"},{"valueType":"INT64","timestamp":"1696772380"},{"valueType":"INT64","timestamp":"1696772320"},{"valueType":"INT64","timestamp":"1696772260"},{"valueType":"INT64","timestamp":"1696772200"},{"valueType":"INT64","timestamp":"1696772140"},{"valueType":"INT64","timestamp":"1696772080"},{"valueType":"INT64","timestamp":"1696772020"},{"valueType":"INT64","timestamp":"1696771960"},{"valueType":"INT64","timestamp":"1696771900"},{"valueType":"INT64","timestamp":"1696771840"},{"valueType":"INT64","timestamp":"1696771780"},{"valueType":"INT64","timestamp":"1696771720"},{"valueType":"INT64","timestamp":"1696771660"},{"valueType":"INT64","timestamp":"1696771600"},{"valueType":"INT64","timestamp":"1696771540"},{"valueType":"INT64","timestamp":"1696771480"},{"valueType":"INT64","timestamp":"1696771420"},{"valueType":"INT64","timestamp":"1696771360"},{"valueType":"INT64","timestamp":"1696771300"},{"valueType":"INT64","timestamp":"1696771240"},{"valueType":"INT64","timestamp":"1696771180"},{"valueType":"INT64","timestamp":"1696771120"},{"valueType":"INT64","timestamp":"1696771060"},{"valueType":"INT64","timestamp":"1696771000"},{"valueType":"INT64","timestamp":"1696770940"},{"valueType":"INT64","timestamp":"1696770880"},{"valueType":"INT64","timestamp":"1696770820"},{"valueType":"INT64","timestamp":"1696770760"},{"valueType":"INT64","timestamp":"1696770700"},{"valueType":"INT64","timestamp":"1696770640"},{"valueType":"INT64","timestamp":"1696770580"},{"valueType":"INT64","timestamp":"1696770520"},{"valueType":"INT64","timestamp":"1696770460"},{"valueType":"INT64","timestamp":"1696770400"},{"valueType":"INT64","timestamp":"1696770340"},{"valueType":"INT64","timestamp":"1696770280"},{"valueType":"INT64","timestamp":"1696770220"},{"valueType":"INT64","timestamp":"1696770160"},{"valueType":"INT64","timestamp":"1696770100"},{"valueType":"INT64","timestamp":"1696770040"},{"valueType":"INT64","timestamp":"1696769980"},{"valueType":"INT64","timestamp":"1696769920"},{"valueType":"INT64","timestamp":"1696769860"},{"valueType":"INT64","timestamp":"1696769800"},{"valueType":"INT64","timestamp":"1696769740"},{"valueType":"INT64","timestamp":"1696769680"},{"valueType":"INT64","timestamp":"1696769620"},{"valueType":"INT64","timestamp":"1696769560"},{"valueType":"INT64","timestamp":"1696769500"},{"valueType":"INT64","timestamp":"1696769440"},{"valueType":"INT64","timestamp":"1696769380"},{"valueType":"INT64","timestamp":"1696769320"},{"valueType":"INT64","timestamp":"1696769260"},{"valueType":"INT64","timestamp":"1696769200"},{"valueType":"INT64","timestamp":"1696769140"},{"valueType":"INT64","timestamp":"1696769080"},{"valueType":"INT64","timestamp":"1696769020"},{"valueType":"INT64","timestamp":"1696768960"},{"valueType":"INT64","timestamp":"1696768900"},{"valueType":"INT64","timestamp":"1696768840"},{"valueType":"INT64","timestamp":"1696768780"},{"valueType":"INT64","timestamp":"1696768720"},{"valueType":"INT64","timestamp":"1696768660"},{"valueType":"INT64","timestamp":"1696768600"},{"valueType":"INT64","timestamp":"1696768540"}]}